{
    "title": "Lửng Nhật Bản",
    "url": "https://vi.wikipedia.org/wiki/L%E1%BB%ADng_Nh%E1%BA%ADt_B%E1%BA%A3n",
    "classify": [
        "Sinh vật nhân thực",
        "Động vật",
        "Động vật có dây sống",
        "Mammaliaformes",
        "Lớp Thú",
        "Bộ Ăn thịt",
        "Họ Chồn",
        "Meles (genus)"
    ],
    "description": "Lửng Nhật Bản (danh pháp hai phần: Meles anakuma) là một loài lửng đặc hữu của Nhật Bản, được tìm thấy ở đảo Honshu, Kyushu, Shikoku, và Shodoshima. Loài này là một trong 3 loài thuộc chi Meles (chi lửng). Tên gọi của loài được đặt theo tên nihonanaguma (ニホンアナグマ), nghĩa là gấu lỗ Nhật Bản. ",
    "first_img": "https://upload.wikimedia.org/wikipedia/commons/6/65/Meles_meles_anakuma_at_Inokashira_Park_Zoo.jpg",
    "content": "Mô tả Lửng Nhật Bản có chiều dài trung bình 79 cm (31 in) ở con đực, 72 cm (28 in) ở con cái và ít dị hình giới tính hơn lửng châu Âu ngoại trừ kích cỡ răng. Đuôi dài từ 14 đến 20 cm (5,5 đến 7,9 in). Loài này nhìn chung nhỏ hơn lửng châu Âu nhưng tương đương hoặc lớn hơn một chút về kích cỡ so với lửng châu Á. Con trưởng thành nặng từ 3,8 đến 11 kg (8,4 đến 24,3 lb). Cân nặng trung bình của cá thể lửng Nhật Bản cái trong một nghiên cứu ở khu vực Tokyo là 6,6 kg (15 lb) trong khi của cá thể đực là 7,76 kg (17,1 lb). Ở tỉnh Yamaguchi, trọng lượng trung bình vào mùa xuân của con cái và con đực lần lượt là 4,4 kg (9,7 lb) và 5,7 kg (13 lb). Thân của loài cùn và các chi ngắn. Bàn chân trước được trang bị các mỏng vuốt khỏe mạnh trong khi các móng ở hai chân sau thì nhỏ hơn. Phần thân trên được bao phủ bởi một lớp lông dài màu xám nâu còn lông bụng thì ngắn và có màu đen. Khuôn mặt có sọc đen-trắng đặc trưng nhưng không rõ và hộp sọ cũng nhỏ hơn lửng châu Âu.Nguồn gốc Việc không có lửng sinh sống ở Hokkaido, và có sự sinh sống của lửng châu Á ở Hàn Quốc dẫn tới khả năng rằng tổ tiên loài lửng đã du nhập tới Nhật Bản thông qua con đường ở phía Tây Nam từ Hàn Quốc.Tập tính Cũng như các loài khác thuộc chi lửng, lửng Nhật Bản là loài ăn đêm và ngủ đông vào các tháng lạnh nhất trong năm. Bắt đầu từ năm 2 tuổi, con cái sẽ kết bạn đời và đẻ từ 2 đến 3 con một lứa vào mùa xuân (tháng ba-tháng tư). Chúng sẽ kết bạn lần nữa không lâu sau đó nhưng tạm dừng thụ thai cho đến tháng hai năm sau. Lửng Nhật Bản có tính độc lập hơn lửng châu Âu; chúng không tụ tập thành bầy cũng như không ghép đôi suốt đời. Đến mùa giao phối, phân vùng của một cá thể đực trùng lắp với vùng của từ 2 đến 3 cá thể cái.Tương tự như các loài lửng khác, lửng Nhật Bản là động vật ăn tạp, nguồn thức ăn gồm có giun đất, bọ cánh cứng, quả mọng và quả hồng Nhật.Môi trường sống Loài lửng này sống ở đa dạng các môi trường có nhiều cây cối và rừng.Văn hóa dân gian Trong truyền thuyết Nhật Bản, lửng có khả năng biến hóa hình dạng, biết đến với tên gọi mujina. Trong Nhật Bản thư kỷ, các mujina được cho là có khả năng hát và biến hóa hình dạng như người.Đe dọa Mặc dù loài vẫn còn phổ biến, phân vùng sinh sống của loài đã sụt giảm. Trong vòng 25 năm, vùng sinh sống của lửng Nhật Bản đã sụt giảm còn 29 phần trăm diện tích Nhật Bản vào năm 2003. Sự gia tăng đất trồng nông nghiệp cũng như cạnh tranh của loài gấu mèo là những mối đe dọa. Săn bắt lửng không phạm pháp nhưng đã ít đi đáng kể từ những năm 1970.Vào năm 2017, mối lo ngại được đề ra khi việc diệt lửng hàng loạt bùng nổ. Do phần thưởng của chính quyền địa phương cũng như món thịt lửng ngày càng nổi tiếng ở các nhà hàng, người ta lo sợ rằng việc diệt lửng sẽ đi quá mức bền vững."
}