{
    "title": "Manduca sexta",
    "description": "Manduca sexta là một loài bướm đêm thuộc họ Sphingidae hiện diện ở khắp châu Mỹ. Tên thông dụng thường được gọi là sâu sừng thuốc lá, nó có quan hệ gần gũi và thường bị nhầm lẫn với sâu sừng cà chua (Manduca quinquemaculata); ấn trùng cả hai loài ăn lá nhiều loại cây thuộc họ Solanaceae..  ",
    "classify": [
        "Động vật",
        "Động vật Chân khớp",
        "Côn trùng",
        "Bộ Cánh vẩy",
        "Sphingidae",
        "Manduca",
        "Loài"
    ],
    "url": "https://vi.wikipedia.org/wiki/Manduca_sexta",
    "first_img": "https://upload.wikimedia.org/wikipedia/commons/a/a8/Tobacco_Hornworm_1.jpg",
    "content": "Miêu tả Phụ loài Vòng đời M. sexta có vòng đời ngắn khoảng 30-50 ngày. Trong phần lớn các khu vực, M. sexta có khoảng 2 thế hệ mỗi năm nhưng chúng có thể có 3 thế hệ mỗi năm ở Florida."
}