{
    "title": "Megachile pluto",
    "description": "Megachile pluto là một loài côn trùng cánh màng trong họ Megachilidae. Loài này được Smith mô tả khoa học năm 1860. Đây là loài ong sống lớn nhất được biết đến. Nó được cho là đã tuyệt chủng cho đến khi một số mẫu vật được phát hiện lại vào năm 1981; một lần nữa không có xác nhận nào nữa cho đến khi hai chiếc được thu thập và bán trên eBay vào năm 2018. Một cá thể cái còn sống được tìm thấy và quay phim lần đầu tiên vào năm 2019.",
    "classify": [
        "Động vật",
        "Động vật Chân khớp",
        "Côn trùng",
        "Bộ Cánh màng",
        "Phân bộ Eo nhỏ",
        "Apoidea",
        "Megachilidae (trang không tồn tại)",
        "Megachilinae (trang không tồn tại)",
        "Megachilini (trang không tồn tại)",
        "Megachile",
        "Chalicodoma (trang không tồn tại)",
        "Loài"
    ],
    "url": "https://vi.wikipedia.org/wiki/Megachile_pluto",
    "first_img": "https://upload.wikimedia.org/wikipedia/commons/3/3c/Stavenn_Megachile_pluto.jpg",
    "content": "Mô tả Phân bổ và tập tính Phát hiện "
}