{
    "title": "Bò xám",
    "url": "https://vi.wikipedia.org/wiki/B%C3%B2_x%C3%A1m",
    "classify": [
        "Động vật",
        "Động vật có dây sống",
        "Lớp Thú",
        "Bộ Guốc chẵn",
        "Họ Trâu bò",
        "Phân họ Trâu bò",
        "Bò",
        "Loài"
    ],
    "description": "Bò xám (Bos sauveli) còn gọi là bò Kouprey là động vật hoang dã thuộc họ Bovidae cư ngụ chủ yếu trong các vùng rừng núi thuộc miền bắc Campuchia, nam Lào, đông Thái Lan và tây Việt Nam. Chúng được phát hiện năm 1937. ",
    "first_img": "https://upload.wikimedia.org/wikipedia/commons/0/0d/Kouprey_2.png",
    "content": "Phân loại và phát sinh loài Các nghiên cứu gần đây của trường đại học Northwestern tại London trên trang Journal of Zoology cho thấy khi so sánh chuỗi mitochondria, bò xám có thể là là loài lai giữa bò u và bò banteng. Tuy nhiên nhà khoa học Pháp Alexander Hassanin và Anne Ropiquet của Viện bảo tàng quốc gia về Lịch sử tự nhiên ở Paris thì cho rằng bò xám Kouprey là một loài riêng. Cả hai trường phái đểu đồng ý rằng cần tiến hành thêm nhiều xét nghiệm trước khi có thể đi đến kết luận cuối cùng.Mô tả Bò xám đực có thể dài tới 2 m và nặng từ 680 tới 900 kg (1.500 - 2.000 lb). Chúng có thân dài nhưng dẹt, chân dài và có bướu trên lưng. Bò xám có lông màu xám, nâu đen hay đen. Cặp sừng của bò xám cái có hình dạng như chiếc đàn lia, cong về phía trên giống như sừng linh dương. Cặp sừng của con đực vòng hình cung rộng hơn và cong lên và chĩa về phía trước. Sừng bò đực dài gấp đôi sừng bò cái và thường bị tước xòe ở mũi sừng trông như cặp đũa bông. Cả hai giới đều có lỗ mũi hình chữ V và đuôi dài. Bò xám có hai ngón chân móng guốc ở phần trung tâm của phần móng guốc. Ngón chân trỏ và ngón út là móng guốc nhỏ hơn, gần với xương mắt cá chân. Bò xám đực có yếm dài tới 40 cm (16 inch). Trong điều kiện tự nhiên chúng có thể sống tới 20 năm.Khu vực sinh sống Bò xám sinh sống trên những sườn đồi thấp và ăn cỏ. Chúng là loài động vật ăn cả ngày lẫn đêm, ban đêm chúng ăn cỏ trong những khu vực rộng rãi ngoài trời và ban ngày chúng ăn cỏ dưới những cánh rừng. Chúng sống thành bầy đàn tới 20 con, chủ yếu là bò cái trưởng thành và bê con nhưng trong mùa khô thì có cả bò đực.Tập tính và sinh thái học Thức ăn bò xám chủ yếu là cỏ thay vì lá cây hay đọt cành. Vì vậy chúng hay tụ tập ở những thửa rừng thoáng. Bò xám cái mang thai từ 8 đến 9 tháng, thời gian động đực và giao phối của chúng là vào khoảng tháng 4 hàng năm. Bê con và bò mẹ thông thường sống tách khỏi đàn cỡ 1 tháng ngay sau khi sinh.Nguy cơ và bảo tồn Hiện nay, theo một số nguồn thì không còn quá 250 con bò xám trên toàn thế giới, chủ yếu ở Campuchia; ở Thái Lan, Lào, Việt Nam có lẽ đã tuyệt chủng. Sự suy giảm số lượng của chúng có lẽ chủ yếu là do việc săn bắn không thể kiểm soát được của những người dân địa phương cũng như những người lính trong Chiến tranh Đông Dương cũng như do bệnh tật do gia súc truyền sang hay sự mất dần khu vực sinh sống bởi nạn phá rừng làm nương rẫy của con người.Tính đến năm 2004 sau mấy đợt săn lùng tìm bò xám tại Việt Nam mà không tìm được cá thể nào, các nhà chuyên môn cho rằng giống bò này đã tuyệt chủng tại Việt Nam."
}