{
    "title": "Micropogonias undulatus",
    "description": "Micropogonias undulatus là một loài cá thuộc họ Cá lù đù và có quan hệ gần gũi với Pogonias cromis, Bairdiella chrysoura), Leiostomus xanthurus, Sciaenops ocellatus, Cynoscion nebulosus, và Cynoscion regalis. Chúng thường được tìm thấy ở eo biển và cửa sông từ Massachusetts đến vịnh Mexico. ",
    "classify": [
        "Động vật",
        "Động vật có dây sống",
        "Lớp Cá vây tia",
        "Bộ Cá vược",
        "Họ Cá lù đù",
        "Micropogonias (trang không tồn tại)",
        "Loài"
    ],
    "url": "https://vi.wikipedia.org/wiki/Micropogonias_undulatus",
    "first_img": "https://upload.wikimedia.org/wikipedia/commons/6/6b/Micropogonias_undulatus_%28line_art%29.jpg",
    "content": ""
}