{
    "title": "Mèo rừng châu Phi",
    "url": "https://vi.wikipedia.org/wiki/M%C3%A8o_r%E1%BB%ABng_ch%C3%A2u_Phi",
    "classify": [
        "Sinh vật nhân thực",
        "Động vật",
        "Động vật có dây sống",
        "Mammaliaformes",
        "Lớp Thú",
        "Bộ Ăn thịt",
        "Phân bộ Dạng mèo",
        "Họ Mèo",
        "Phân họ Mèo",
        "Chi Mèo"
    ],
    "description": "Mèo rừng châu Phi (Felis lybica) là một loài mèo rừng. Chúng hình thành và tách biệt khỏi các nòi mèo khác vào khoảng 131.000 năm về trước. Một số cá thể mèo rừng châu Phi được thuần hóa vào khoảng 10 nghìn năm về trước ở vùng Trung Đông và trở thành tổ tiên của mèo nhà ngày nay. Hài cốt của những con mèo nhà đầu tiên được tìm thấy trong các ngôi mộ cổ có niên đại 9.500 năm ở Đảo Síp. ",
    "first_img": "https://upload.wikimedia.org/wikipedia/commons/0/03/Parc_des_Felins_Chat_de_Gordoni_28082013_2.jpg",
    "content": "Đặc điểm hình thái Mèo rừng châu Phi có bộ lông màu nâu hoặc vàng xám với những vằn đen trên đuôi. Lông của chúng ngắn hơn của phân loài mèo rừng châu Âu và kích cỡ của chúng cũng nhỏ hơn nhiều: chiều dài đầu và thân chỉ dài từ 45-75 cm (17,7-29,5 inch), chiều dài đuôi chừng 20-38 cm (7,87-15 inch) và cân nặng dao động trong khoảng 3-6,5 kg (6,61-14,3 lb).Phân bổ cư trú Mèo rừng châu Phi sinh sống ở vùng Trung Đông và châu Phi và có thể được tìm thấy ở nhiều loại môi trường sống khác nhau: thảo nguyên, xavan, vùng cây bụi rậm. Loài mèo cát Felis margarita thì sống ở những vùng đất khô hạn hơn.Hành vi Thức ăn chủ yếu của mèo rừng châu Phi là chuột nhắt, chuột cống và các loài thú nhỏ khác, đồng thời các loài chim, bò sát, lưỡng cư và côn trùng cũng có thể là nạn nhân của chúng. Mèo rừng tiếp cận con mồi một cách từ tốn, và tấn công ngay khi con mồi nằm trong tầm bắt của nó (chừng 1 mét). Mèo rừng châu Phi chủ yếu hoạt động vào lúc hoàng hôn và đêm tối. Khi gặp kẻ địch, nó xù lông lên để kẻ thù lầm tưởng là kích cỡ của chú mèo tăng đột ngột. Vào ban ngày, mèo rừng thường ẩn nấp và nghỉ ngơi trong các bụi rậm, mặc dù chúng cũng hay ra ngoài kiếm ăn vào những lúc trời nhiều mây và tối. Lãnh thổ của một con mèo đực bao trùm lên một phần lãnh thổ của vài con mèo cái, người bảo vệ lãnh thổ chống lại những kẻ xâm nhập. Một con mèo cái sinh 2-6 con trong một lứa, nhưng thường thì mèo mẹ chỉ sinh ba con một lần. Chúng thường sinh con trong một hố nhỏ trên mặt đất, có thể là hố do mèo mẹ tự đào hoặc một hõm nhỏ hình thành do tự nhiên. Thời gian mang thai kéo dài từ 56-69 ngày. Mèo con thuộc dạng con non yếu, mới sinh ra chưa mở mắt và cần sự chăm sóc kỹ lưỡng của mèo mẹ. Phần lớn mèo con được sinh ra vào mùa mưa khi nguồn thức ăn phong phú. Chúng sống với mẹ chừng 5-6 tháng và trưởng thành sinh dục vào lúc 1 tuổi.Nguồn gốc loài Theo một nghiên cứu trên DNA ti thể của 979 con mèo nhà và mèo rừng châu Âu, châu Phi, châu Á, mèo rừng châu Phi Felis lybica tách khỏi loài mèo rừng châu Âu Felis silvestris vào khoảng 173.000 năm trước đây và khỏi các phân loài mèo rừng F. s. ornata và F. s. cafra chừng 131.000 năm trước đây. Khoảng 10.000 năm về trước, một vài cá thể Felis lybica được thuần hóa ở Trung Đông. Mèo nhà hiện đại bắt nguồn từ ít nhất 5 cá thể tổ tiên chung. Không có bất cứ phân loài nào của mèo rừng Felis silvestris đóng góp di truyền vào nòi mèo nhà, và nhiều gen ti thể của các nòi này đang trộn lẫn với gen của mèo nhà do quá trình giao phối với mèo hoang. Hiện nay, chỉ có một tổ chức duy nhất hoạt động với mục tiêu bảo tồn nguồn gen của mèo rừng, đó là Alley Cat Rescue.Tem Tổng công ty Bưu chính Viễn thông Lybia (GPTC) phối hợp với Quỹ quốc tế Bảo vệ Thiên nhiên đã ấn hành một loại tem bưu chính có hình loài mèo rừng châu Phi vào ngày 1 tháng 11 năm 1997. Tem được phát hành theo 2 bộ với một bộ bốn cái in trên khổ giấy nhỏ."
}