{
    "title": "Mọt gỗ Anoplophora",
    "description": "Anoplophora glabripennis là một loài bọ cánh cứng trong họ Cerambycidae. ",
    "classify": [
        "Động vật",
        "Động vật Chân khớp",
        "Côn trùng",
        "Bọ cánh cứng",
        "Polyphaga",
        "Cerambycoidea",
        "Họ Xén tóc",
        "Monochamini (trang không tồn tại)",
        "Anoplophora (trang không tồn tại)",
        "Loài"
    ],
    "url": "https://vi.wikipedia.org/wiki/M%E1%BB%8Dt_g%E1%BB%97_Anoplophora",
    "first_img": "https://upload.wikimedia.org/wikipedia/commons/a/aa/Asian_longhorned_beetle.jpg",
    "content": ""
}