{
    "title": "Nerodia rhombifer",
    "description": "N. r. blanchardi (Clay, 1938) N. r. rhombifera (Hallowell, 1852) ",
    "classify": [
        "Động vật",
        "Động vật có dây sống",
        "Reptilia",
        "Squamata",
        "Serpentes",
        "Alethinophidia",
        "Colubridae",
        "Nerodia",
        "Loài"
    ],
    "url": "https://vi.wikipedia.org/wiki/Nerodia_rhombifer",
    "first_img": "https://upload.wikimedia.org/wikipedia/commons/6/6c/Diamondback_Watersnake.jpg",
    "content": "Nerodia rhombifer là một loài rắn trong họ Rắn nước. Loài này được Hallowell mô tả khoa học đầu tiên năm 1852."
}