{
    "title": "Bướm phượng vàng",
    "description": "Papilio demoleus, là một loài bướm phượng, không giống như các loài bướm phượng khác, nó không có đuôi nổi bật. Loài này là loài gây hại và xâm lấn từ Cựu Thế giới và đã lan đến Vùng Caribe và Trung Mỹ. ",
    "classify": [
        "Động vật",
        "Động vật Chân khớp",
        "Côn trùng",
        "Bộ Cánh vẩy",
        "Họ Bướm phượng",
        "Papilio",
        "Loài"
    ],
    "url": "https://vi.wikipedia.org/wiki/B%C6%B0%E1%BB%9Bm_ph%C6%B0%E1%BB%A3ng_v%C3%A0ng",
    "first_img": "https://upload.wikimedia.org/wikipedia/commons/5/53/Lime_Butterfly_Papilio_demoleus.jpg",
    "content": "Phân bố Papilio demoleus là một loài bướm hung hăng và rất phổ biến. Có lẽ là loài bướm phượng phân bố rộng rãi nhất trên thế giới. Bướm có thể được tìm thấy ở:Oman, UAE, Ả Rập Xê Út, Kuwait, Bahrain, Qatar, Iran, tây và có thể đông Afghanistan, và tây Pakistan, Sri Lanka, Ấn Độ (gồm cả Andamans), Nepal, Myanmar, Thái Lan, Philippines, Campuchia, nam Trung Hoa, Đài Loan, Nhật Bản (hiếm), Malaysia, Singapore, Indonesia (Kalimantan, Sumatra, đảo Sula, Talaud, Flores, Alor và Sumba), Papua New Guinea, Úc (bao gồm đảo Lord Howe), rõ ràng ở Hawaii và có thể ở các đảo Thái Bình Dương khác.Trong những năm gần đây, con bướm đã lan rộng ở đảo Hispaniola (Cộng hòa Dominica) ở Tây bán cầu, và sau đó là Jamaica, và Puerto Rico. Quần thể ở Dominica xuất phát từ Đông Nam Á nhưng bằng cách nào chúng đến đó vẫn chưa rõ.Phân loài Sous-espèces pour NCBI:"
}