{
    "title": "Bướm ruồi đuôi xù",
    "description": "Bướm ruồi đuôi xù, tên khoa học Macroglossum stellatarum, là một loài bướm đêm thuộc họ Sphingidae. Nó bay vào ban ngày, đặc biệt là lúc trời sáng, nhưng đôi lúc vào lúc chạng vạng,, và thậm chí khi trời mưa. Khả năng của loài này được nghiên cứu rất nhiều, và nó cũng thể hiện khả năng học màu sắc tương đối tốt. ",
    "classify": [
        "Động vật",
        "Động vật Chân khớp",
        "Côn trùng",
        "Bộ Cánh vẩy",
        "Sphingidae",
        "Macroglossum",
        "Loài"
    ],
    "url": "https://vi.wikipedia.org/wiki/B%C6%B0%E1%BB%9Bm_ru%E1%BB%93i_%C4%91u%C3%B4i_x%C3%B9",
    "first_img": "https://upload.wikimedia.org/wikipedia/commons/6/66/Macroglossum_stellatarum1_NR.jpg",
    "content": "Ấu trùng thường ăn lá cây sữa đông hay madder (Rubia) nhưng cũng có thể ăn các loài khác Rubiaceae và Centranthus, Stellaria, và Epilobium."
}