{
    "title": "Osmia lignaria",
    "description": "Osmia lignaria là một loài Hymenoptera trong họ Megachilidae. Loài này được Say mô tả khoa học năm 1837. ",
    "classify": [
        "Động vật",
        "Động vật Chân khớp",
        "Côn trùng",
        "Bộ Cánh màng",
        "Megachilidae (trang không tồn tại)",
        "Megachilinae (trang không tồn tại)",
        "Osmiini (trang không tồn tại)",
        "Osmia",
        "Loài"
    ],
    "url": "https://vi.wikipedia.org/wiki/Osmia_lignaria",
    "first_img": "https://upload.wikimedia.org/wikipedia/commons/4/42/Illustration_made_by_E._S._Morse_in_1867.png",
    "content": ""
}