{
    "title": "Bọ cánh cứng Nhật Bản",
    "description": "Bọ cánh cứng Nhật Bản (danh pháp hai phần: Popillia japonica) là một loài bọ cánh cứng, có chiều dài khoảng 15 milimét (0,6 in) và rộng 10 milimét (0,4 in), với elytra màu đồng đỏ óng ánh còn đầu và ngực có màu xanh lá cây. Nó không phải là loài gây hại ở Nhật Bản, nơi nó được kiểm soát bởi các kẻ thù tự nhiên, nhưng tại Châu Mỹ nó là một loài dịch hại nghiêm trọng đối với khoảng 200 loài thực vật, bao gồm cả bụi hoa hồng, nho, hoa bia, dong giềng, tử vi, bạch dương, tilia cây và những loài cây khác. ",
    "classify": [
        "Động vật",
        "Động vật Chân khớp",
        "Côn trùng",
        "Bọ cánh cứng",
        "Họ Bọ hung",
        "Popillia",
        "Loài"
    ],
    "url": "https://vi.wikipedia.org/wiki/B%E1%BB%8D_c%C3%A1nh_c%E1%BB%A9ng_Nh%E1%BA%ADt_B%E1%BA%A3n",
    "first_img": "https://upload.wikimedia.org/wikipedia/commons/d/dd/Popillia_japonica.jpg",
    "content": ""
}