{
    "title": "Bọ hung sừng chữ Y",
    "description": "Bọ hung sừng chữ Y (danh pháp khoa học: Allomyrina dichotoma) là một loài bọ cánh cứng được tìm thấy tại Nhật Bản, Hàn Quốc, Đài Loan, Trung Quốc và Việt Nam. Nó được bán như một con vật nuôi trong cửa hàng ở nhiều nước châu Á, nơi nó cũng thường được mô tả trong phương tiện truyền thông như một nhân vật hoạt hình phổ biến. ",
    "classify": [
        "Động vật",
        "Động vật Chân khớp",
        "Côn trùng",
        "Coleoptera",
        "Scarabaeidae",
        "Dynastinae",
        "Allomyrina",
        "Loài"
    ],
    "url": "https://vi.wikipedia.org/wiki/B%E1%BB%8D_hung_s%E1%BB%ABng_ch%E1%BB%AF_Y",
    "first_img": "https://upload.wikimedia.org/wikipedia/commons/6/66/Kabutomushi-JapaneseBeetle-July2004.jpg",
    "content": "Tên Tại Nhật Bản, loài bọ này được gọi là kabutomushi (かぶとむし, còn được viết là 甲虫 hay かぶと虫, kabutomushi?). Mushi nghĩa là bọ, và kabuto nghĩa là mũ sắt. Do đó, theo nghĩa đen, tên của nó là bọ mũ sắt.Phân loài "
}