{
    "title": "Quạ gáy xám phương Tây",
    "url": "https://vi.wikipedia.org/wiki/Qu%E1%BA%A1_g%C3%A1y_x%C3%A1m_ph%C6%B0%C6%A1ng_T%C3%A2y",
    "classify": [
        "Động vật",
        "Động vật có dây sống",
        "Chim",
        "Bộ Sẻ",
        "Cận bộ Quạ",
        "Siêu họ Quạ",
        "Họ Quạ",
        "Coloeus",
        "Loài"
    ],
    "description": "Quạ gáy xám phương Tây (danh pháp khoa học: Coloeus monedula) còn được gọi là quạ gáy xám châu Âu, quạ gáy xám Á - Âu hay đơn giản là quạ gáy xám là một loài chim thuộc chi Coloeus, trước đây được coi là một phần của chi Quạ. Được tìm thấy ở hầu khắp châu Âu, phía đông châu Á và bắc châu Phi, loài chim này là loài hầu như không di trú mặc dù những con chim thuộc loài này sống ở phương bắc và phương đông sẽ di cư xuống phương nam vào mùa đông. ",
    "first_img": "https://upload.wikimedia.org/wikipedia/commons/a/a1/%D0%93%D0%B0%D0%BB%D0%BA%D0%B0_%28Corvus_monedula%29%2C_%D0%A6%D0%B0%D1%80%D0%B8%D1%86%D1%8B%D0%BD%D0%BE.jpg",
    "content": "Phân loại Quạ gáy xám phương Tây là một trong nhiều loài được Linnaeus mô tả trong tác phẩm viết trong thế kỷ 18 của ông là Systema Naturae. Do người ta cho rằng nó thích gắp các đồng tiền nên Linnaeus đã đặt cho nó danh pháp hai phần là Corvus monedula, với phần định danh loài mǒnēdŭla có nguồn gốc từ moneta, một từ nguồn gốc La tinh để chỉ tiền. Tên chi Coloeus, có nguồn gốc từ tiếng Hy Lạp cổ đại κολοιός (koloios) để chỉ quạ gáy xám được Peter Pallas tạo ra năm 1766, mặc dù cho tới gần đây thì nhiều công trình vẫn giữ 2 loài quạ gáy xám trong chi Corvus.Một nghiên cứu năm 2000 nhận ra rằng khoảng cách di truyền giữa các loài quạ gáy xám với các thành viên khác trong chi Corvus là lớn hơn so với khoảng cách trong phạm vi phần còn lại của chi. Điều này làm cho Pamela Rasmussen phục hồi lại tên gọi Coloeus trong cuốn sách Birds of South Asia (Chim Nam Á) của bà năm 2005, một xử lý từng được sử dụng trong danh sách phân loại năm 1982 tại Đức của Hans Edmund Wolters. Một nghiên cứu phát sinh chủng loài đối với chim dạng quạ thực hiện năm 2007 đã so sánh các trình tự DNA trong khu vực kiểm soát ti thể của vài loài chim dạng quạ. Nó phát hiện ra rằng quạ gáy xám phương Tây và họ hàng gần của nó, quạ gáy xám Dauria (Corvus dauuricus) ở miền đông Nga và Trung Quốc, là cơ sở đối với nhánh Corvus phần lõi. Kể từ đó, các tên gọi Coloeus monedula và Coloeus dauuricus đã được Đại hội Điểu học Quốc tế (IOC) chấp nhận trong danh sách chính thức của họ. Hai loài quạ gáy xám này từng được thông báo là có lai ghép trong khu vực dãy núi Altai, nam Siberi, Mông Cổ. Phân tích DNA ti thể các mẫu vật của 2 loài thu thập trong phần lõi phạm vi sinh sống của chúng chỉ ra rằng chúng là khác biệt về mặt di truyền.Hiện tại người ta công nhận 4 phân loài quạ gáy xám phương Tây. Tất cả các phân loài ở châu Âu đều có dạng quá độ tại những nơi các quần thể của chúng có sự chồng lấn khu vực sinh sống. C. m. monedula chuyển dần thành C. m. soemmerringii trong khu vực chuyển tiếp chạy từ Phần Lan về phía nam qua biển Baltic và đông Ba Lan tới Romania và Croatia."
}