{
    "title": "Bọ ngựa Carolina",
    "description": "Bọ ngựa Carolina (danh pháp hai phần: Stagmomantis carolina) là một loài bọ ngựa thuộc Họ Bọ ngựa. Đây là loài bản địa Nam Hoa Kỳ và là một trong sáu loài tìm thấy ở Bắc Mỹ. Nó dài khoảng 2,5 in (64 mm). ",
    "classify": [
        "Động vật",
        "Động vật Chân khớp",
        "Côn trùng",
        "Côn trùng có cánh",
        "Neoptera",
        "Dictyoptera (trang không tồn tại)",
        "Bộ Bọ ngựa",
        "Họ Bọ ngựa",
        "Stagmomantinae (trang không tồn tại)",
        "Stagmomantis (trang không tồn tại)",
        "Loài"
    ],
    "url": "https://vi.wikipedia.org/wiki/B%E1%BB%8D_ng%E1%BB%B1a_Carolina",
    "first_img": "https://upload.wikimedia.org/wikipedia/commons/9/98/Stagmomantis_carolina_Kaldari_05_cropped.jpg",
    "content": ""
}