{
    "title": "Quạ thông Á Âu",
    "url": "https://vi.wikipedia.org/wiki/Qu%E1%BA%A1_th%C3%B4ng_%C3%81_%C3%82u",
    "classify": [
        "Động vật",
        "Động vật có dây sống",
        "Chim",
        "Bộ Sẻ",
        "Họ Quạ",
        "Garrulus",
        "Loài"
    ],
    "description": "Quạ thông Á Âu (danh pháp khoa học: Garrulus glandarius) là một loài chim trong họ Corvidae. Tại Việt Nam nó được gọi đơn giản là quạ thông do là loài quạ thông duy nhất có mặt tại đây. Do phạm vi sinh sống rộng lớn nên một vài chủng rất khác biệt đã tiến hóa đến mức bề ngoài chúng trông rất khác nhau, đặc biệt là khi so sánh các dạng ở các cực điểm phân bố của loài này.Quạ thông Á Âu là một trong số nhiều loài được Linnaeus mô tả lần đầu tiên trong ấn bản 10 sách Systema Naturae của ông. Ông công nhận mối quan hệ họ hàng của nó với các loài chim dạng quạ khác khi đặt tên nó là Corvus glandarius. Tên gọi khoa học hiện tại của nó là từ tiếng Latinh, với Garrulus nghĩa là ầm ĩ, líu lo, ríu rít, lảm nhảm và glandarius nghĩa là của quả đấu, một loại thức ăn ưa thích của nó.",
    "first_img": "https://upload.wikimedia.org/wikipedia/commons/f/f7/Gargla.jpg",
    "content": "Phân loài và chủng Phiên bản 8.2 của IOC công nhận 34 chủng như liệt kê dưới đây:Tám nhóm chủng (tổng cộng 33 phân loài) được Madge & Burn (1994) công nhận:Phân bố và môi trường sống Là thành viên của nhóm quạ thông phổ biến rộng, quạ thông Á Âu có kích thước tương tự như quạ gáy xám phương Tây, với môi trường sống là rừng thưa hỗn hợp, cụ thể là rừng với các quần thể sồi, và nó là chim tích trữ quả đấu theo tập tính. Trong thời gian gần đây loài chim này cũng bắt đầu di cư tới các khu vực đô thị, có thể là do tác động của sự mất dần môi trường sống rừng thưa của nó. Trước khi con người bắt đầu gieo trồng cây công nghiệp ở quy mô lớn thì quạ thông Á Âu là nguồn chủ yếu để di chuyển và phát tán sồi Anh (Quercus robur), với mỗi con chim có khả năng phát tán tới trên 1.000 quả đấu mỗi năm. Quạ thông Á Âu cũng cất giấu quả đấu của các loài sồi khác, và nó từng được National Trust trích dẫn như là động vật nhân giống chính quần thể lớn nhất của sồi Holm (Quercus ilex) tại Bắc Âu ở Ventnor trên đảo Wight. Quạ thông Á Âu từng được ghi nhận là đem quả đấu đi xa tới 20 km và được cho là gắn với sự lan truyền nhanh về phía bắc của các loài sồi sau thời kỳ băng hà gần đây.Thức ăn Kiếm ăn cả ở trên cây lẫn dưới mặt đất, quạ thông săn bắt một loạt các loài động vật không xương sống như nhiều loại sâu bọ phá hại, hạt quả đấu (quả sồi mà chúng cất giấu để ăn vào mùa đông), cử và nhiều loại hạt khác, quả như các loại quả mọng của mâm xôi và thanh lương trà, chim non và trứng chim, dơi, động vật gặm nhấm nhỏ. Giống như phần lớn các loài chim, thức ăn của quạ thông thay đổi theo mùa nhưng đáng chú ý là khả năng tích trữ dồi dào các loại thức ăn của nó - đặc biệt là các loại quả đấu và hạt các loại sồi - để sử dụng trong mùa đông và mùa xuân. Trong khi việc tích trữ diễn ra quanh năm nhưng tích cực nhất là trong mùa thu.Sinh sản Quạ thông làm tổ trên cây hay trên cây bụi lớn, thường đẻ 4-6 trứng. Trứng nở sau 16-19 ngày ấp và chim non đủ lông đủ cánh sau khoảng 21-23 ngày. Cả chim bố lẫn chim mẹ đều kiếm thức ăn để nuôi chim con.Trí thông minh Tương tự như các loài quạ khác, quạ thông Á Âu được ghi nhận là biết lập kế hoạch cho các nhu cầu trong tương lai. Quạ thông trống cũng để ý tới các khát khao của bạn tình khi chia sẻ thức ăn với chim mái như một phần của nghi thức tán tỉnh.Hình ảnh, âm thanh "
}