{
    "title": "Quạ thường",
    "url": "https://vi.wikipedia.org/wiki/Qu%E1%BA%A1_th%C6%B0%E1%BB%9Dng",
    "classify": [
        "Động vật",
        "Động vật có dây sống",
        "Chim",
        "Bộ Sẻ",
        "Họ Quạ",
        "Corvinae (trang không tồn tại)",
        "Quạ",
        "Loài"
    ],
    "description": "Quạ thường hay quạ thông thường (danh pháp hai phần: Corvus corax) là một loài chim thuộc họ Quạ phân bố khắp Bắc bán cầu, là loài quạ phân bố rộng rãi nhất. Có ít nhất 8 phân loài với bề ngoài ít khác nhau dù các nghiên cứu gần đây đã cho thấy khác biệt đáng kể về di truyền giữa các quần thể quạ ở các vùng khác nhau. Con quạ trưởng thành có kích thước dài 65 cm và cân nặng 1,2 kg. Quạ thường có tuổi thọ điển hình 10-15 năm dù có trường hợp thọ đến 40 năm đã được ghi nhận. Con non có thể bay thành đàn nhưng sau đó trưởng thành thì sống thành cặp và xác định một lãnh thổ riêng. Quạ thường đã sống chung với con người qua hàng ngàn năm và ở vài khu vực chúng quá đông đến nỗi bị xem là loài gây hại. Một phần của sự thành công của chúng là nhờ chế độ ăn tạp của quạ thường, chúng là loài cơ hội trong việc tìm dinh dưỡng, ăn xác chết, côn trùng, hạt ngũ cốc, trái cây, động vật nhỏ, thức ăn thừa.",
    "first_img": "https://upload.wikimedia.org/wikipedia/commons/2/29/Common_raven_by_David_Hofmann.jpg",
    "content": "Phân loại Các họ hàng gần nhất của quạ thường là quạ cổ nâu (C. ruficollis) và quạ khoang cổ (C. albus) ở châu Phi, và quạ Chihuahua (C. cryptoleucus) ở tây nam Bắc Mỹ. Trong khi một số tác giả công nhận tới 11 phân loài, các tác giả khác chỉ công nhận 8 phân loài:Mô tả Một con quạ thường trưởng thành đạt chiều dài từ 54 tới 67 cm, sải cánh từ 115 tới 130 cm. Các cân nặng được ghi nhận biến thiên từ 0.69 tới 2 kg (1.5 tới 4.4 lb), quạ thường là một trong những loài chim nặng nhất bộ Sẻ. Tại các khu vực lạnh như Himalayas và Greenland, chúng thường có kích thước cơ thể và mỏ lớn hơn, ngược lại, các cá thể sống ở vùng ấm áp thường nhỏ hơn. Một số đại diện cho sự biến thiên kích thước của loài này là quạ từ California nặng trung bình 784 g (1,728 lb), tại Alaska nặng trung bình 1.135 g (2,502 lb) và tại Nova Scotia nặng trung bình 1.230 g (2,71 lb). Mỏ lớn và hơi cong, chiều dài đường sống mỏ 5,7 đến 8,5 cm (2,2 đến 3,3 in), đây là một trong số các loài có mỏ to nhất bộ Sẻ (có lẽ chỉ có quạ mỏ dày có mỏ lớn hơn)."
}