{
    "title": "Rùa hộp Bắc Mỹ",
    "url": "https://vi.wikipedia.org/wiki/R%C3%B9a_h%E1%BB%99p_B%E1%BA%AFc_M%E1%BB%B9",
    "classify": [
        "Animalia",
        "Chordata",
        "Vertebrata",
        "Reptilia",
        "Testudines",
        "Emydidae"
    ],
    "description": "Terrapene carolina Terrapene coahuila Terrapene nelsoni ",
    "first_img": "https://upload.wikimedia.org/wikipedia/commons/0/04/Terrapene_coahuila_at_the_Columbus_Zoo-2011_07_11_IMG_0667.JPG",
    "content": "Cistuda Fleming, 1822Diducla Rafinesque, 1832Pyxidemys Fitzinger, 1835Emyoides Gray, 1844Onychotria Gray, 1849Pariemys Cope, 1895Rùa hộp (Danh pháp khoa học: Terrapene) là một chi rùa ở Bắc Mỹ. Có mười hai phân loài này được phân biệt trong chi được phân trên bốn loài.Đặc điểm Chúng được đặc trưng bởi có một lớp vỏ hình vòm, đó là bản lề ở phía dưới, cho phép các động vật để đóng vỏ của nó thật chặt để trốn tránh kẻ thù. Rùa hộp đã trở thành thú nuôi phổ biến, mặc dù nhu cầu trong điều kiện nuôi nhốt rất phức tạp. Những con cái thường có màu vàng, đôi mắt nâu và những con đực thường có đôi mắt màu đỏ hoặc màu cam, nhưng cách đáng tin cậy nhất để phân biệt đực cái là xem xét yếm. Tên chi Terrapene được đặt ra bởi Merrem năm 1820 là một chi riêng biệt từ Emys. Hiện nay bốn loài được phân loại trong chi và mười hai đơn vị phân loại được phân biệtTất cả các loài rùa hộp có một cái mai rùa có hình vòm. Tất cả các loài có mái vòm, với một trung tâm vảy đầu tiên ở một góc của hơn 50 °, rùa hộp có thể đóng rất chặt chẽ để bảo vệ mình khỏi những kẻ săn mồi. Rùa có thể bảo vệ mình khỏi bị ăn thịt bởi việc ẩn, đóng vỏ của chúng và cắn trả. Nguy cơ tử vong cao nhất trong các động vật nhỏ do kích thước của chúng và mai còn mề yếu. Trong khi vỏ của một con rùa hộp lớn hiếm khi bị vỡ, những con rùa hộp vẫn còn dễ bị tổn thương đến bất ngờ tấn công và gặm nhấm hoặc bọ mổ. Động vật săn mồi thường gặp là động vật có vú như chồn nhỏ, chồn hôi, gấu trúc, chó và các loài gặm nhấm, nhưng cũng chim ví dụ như quạ và rắn được biết đến là đã giết rùa hộp. Các loài Tập tính Rùa hộp Bắc Mỹ là động vật ăn tạp với một chế độ ăn uống đa dạng, như một con rùa hộp sẽ về cơ bản ăn bất cứ thứ gì nó có thể nắm bắt. Vật không xương sống (giữa những người khác côn trùng, giun đất, rết) tạo thành các thành phần chính, nhưng chế độ ăn uống cũng bao gồm một phần lớn từ 30-90%) thực vật. Trong khi các báo cáo tồn tại mà trong họ 5-6 năm đầu, rùa hộp chủ yếu là ăn thịt, trong khi con trưởng thành chủ yếu là động vật ăn cỏRùa hộp có nguồn gốc từ Bắc Mỹ. Các loài phân bố rộng nhất là rùa hộp thường được tìm thấy ở Hoa Kỳ và Mexico. Hộp rùa Ornate là loài đặc hữu của các phần Tây Nam Trung bộ và Nam của Mỹ và liền kề Mexico trong khi rùa hộp đốm là loài đặc hữu của khu vực Tây Bắc chỉ có Mexico. Hộp coahuilan rùa chỉ được tìm thấy trong Cuatro Ciénegas Basin (Coahuila, Mexico)."
}