{
    "title": "Sói bờm",
    "url": "https://vi.wikipedia.org/wiki/S%C3%B3i_b%E1%BB%9Dm",
    "classify": [
        "Động vật",
        "Động vật có dây sống",
        "Lớp Thú",
        "Carnivora",
        "Họ Chó",
        "Phân họ Chó",
        "C. E. H. Smith (trang không tồn tại)",
        "Loài"
    ],
    "description": "Sói bờm (danh pháp hai phần: Chrysocyon brachyurus) là một loài động vật thuộc họ Chó. Đây là loài chó lớn nhất ở Nam Mỹ, ngoại hình giống như một con cáo lớn với bộ lông màu hơi đỏ. Loài động vật có vú này được tìm thấy trong môi trường sống thoáng đãng và bán thoáng đãng, đặc biệt là vùng đồng cỏ với bụi cây và cây phân tán ở phía nam, miền trung tây và đông nam Brazil (Mato Grosso, Mato Grosso do Sul, Minas Gerais, Goiás, São Paulo, Federal District và gần đây Rio Grande do Sul), Paraguay, phía bắc Argentina, Bolivia phía đông và phía bắc của dãy núi Andes, và cực đông nam Peru (Pampas del Heath). Chúng rất hiếm ở Uruguay, có thể đã bị tuyệt chủng. IUCN liệt kê nó vào nhóm loài sắp bị đe dọa, trong khi nó được coi là sắp nguy cấp bởi chính phủ Brazil (IBAMA). Nó là loài duy nhất trong chi Chrysocyon. Tên của nó trong tiếng địa phương được gọi là aguará guazú (có nghĩa là con cáo lớn trong các ngôn ngữ Guarani), Lobo de crin, Lobo de los esteros hoặc Lobo colorado, và như Lobo-guará ở Brazil. Nó cũng được gọi là Borochi ở Bolivia.",
    "first_img": "https://upload.wikimedia.org/wikipedia/commons/4/4b/Maned_Wolf_11%2C_Beardsley_Zoo%2C_2009-11-06.jpg",
    "content": "Mô tả Sói bờm thường được mô tả như là một con cáo đỏ đi cà kheo do màu sắc và bề ngoài của nó tương tự, mặc dù nó là lớn hơn nhiều so với cáo đỏ và thuộc về một chi khác. Con trưởng thành cao 67 đến 107 cm (26 đến 42 in) tính từ vai, chiều dài tổng cộng 149 cm (59 in) và nặng 20 đến 34,09 kg (44,1 đến 75,2 lb). Sói bờm là loài chó hoang lớn nhất. Chân dài có lẽ là do sự thích nghi với các thảo nguyên nơi sinh sống bản địa của nó.Bộ lông của sói bờm có thể là màu nâu đỏ đến màu da vàng cam ở hai bên với chân dài, màu đen và một bờm đen rõ ràng. Bộ lông được đánh dấu với một cụm màu trắng ở cuối đuôi và một cái yếm màu trắng bên dưới cổ họng. Bờm dựng đứng, và thường được sử dụng để mở rộng nét mặt của nó khi bị đe dọa hoặc khi thể hiện sự hung dữ.Chế độ dinh dưỡng Sói bờm chuyên ăn con mồi nhỏ và vừa, bao gồm cả động vật có vú nhỏ (thường là động vật gặm nhấm và thỏ rừng), chim, và thậm chí cả cá. Một phần lớn của chế độ ăn uống của nó (trên 50%, theo một số nghiên cứu) là vật chất thực vật, bao gồm mía, củ, và trái cây (đặc biệt là táo sói (thực phẩm giống như cà chua) (Solanum lycocarpum). Sói bờm nuôi nhốt theo truyền thống đã được cho ăn nhiều thịt và đã phát triển sỏi bàng quang. Chế độ ăn sở thú nay gồm trái cây và rau quả, cũng như thức ăn cho chó. Vì vậy, chúng là loài ăn tạp."
}