{
    "title": "Thysania agrippina",
    "description": "Thysania agrippina là một loài bướm đêm trong họ Erebidae. ",
    "classify": [
        "Động vật",
        "Động vật Chân khớp",
        "Côn trùng",
        "Bộ Cánh vẩy",
        "Erebidae",
        "Thysania",
        "Loài"
    ],
    "url": "https://vi.wikipedia.org/wiki/Thysania_agrippina",
    "first_img": "https://upload.wikimedia.org/wikipedia/commons/7/7c/Thysania_agrippina_0001b_L.D.jpg",
    "content": ""
}