{
    "title": "Trachelophorus giraffa",
    "description": "Trachelophorus giraffa là một loài bọ cánh cứng trong họ Attelabidae. Loài này được Jekel miêu tả khoa học năm 1860. Chúng là loài đặc hữu của Madagascar. ",
    "classify": [
        "Động vật",
        "Động vật Chân khớp",
        "Côn trùng",
        "Bọ cánh cứng",
        "Attelabidae",
        "Trachelophorus",
        "Loài"
    ],
    "url": "https://vi.wikipedia.org/wiki/Trachelophorus_giraffa",
    "first_img": "https://upload.wikimedia.org/wikipedia/commons/9/92/Coleoptere_girafe.JPG",
    "content": ""
}