{
    "title": "Vanessa atalanta",
    "description": "Vanessa atalanta là một loài bướm ngày, tìm thấy ở vùng ôn hòa thuộc châu Âu, châu Á và Bắc Mỹ. Loài này có sải cánh 45-50 mm. Loài này sinh sống ở khu vực ấm hơn nhưng di cư vào mùa xuân và đôi khi mùa thu lên phía bắc. Những con sâu bướm ăn cây tầm ma, và con trưởng thành uống từ thực vật có hoa như tử đinh hương và hoa quả chín nẫu. ",
    "classify": [
        "Động vật",
        "Động vật Chân khớp",
        "Côn trùng",
        "Bộ Cánh vẩy",
        "Họ Bướm giáp",
        "Vanessa (trang không tồn tại)",
        "Loài"
    ],
    "url": "https://vi.wikipedia.org/wiki/Vanessa_atalanta",
    "first_img": "https://upload.wikimedia.org/wikipedia/commons/8/8e/Vanessa_atalanta_2_Luc_Viatour.jpg",
    "content": "Vòng đời "
}