{
    "title": "Vẹt Lory đỏ",
    "url": "https://vi.wikipedia.org/wiki/V%E1%BA%B9t_Lory_%C4%91%E1%BB%8F",
    "classify": [
        "Động vật",
        "Động vật có dây sống",
        "Chim",
        "Psittaciformes",
        "Psittacoidae (trang không tồn tại)",
        "Psittaculidae",
        "Loriinae (trang không tồn tại)",
        "Loriini",
        "Eos (chi chim)",
        "Loài"
    ],
    "description": "Vẹt Lory đỏ (tên khoa học Eos bornea) - hay còn được gọi là Moluccan Lory hoặc Moluccan Lory đỏ - là một loài chim thuộc họ Psittaculidae. Nó là loài đặc hữu Moluccas và xung quanh hòn đảo ở Indonesia. Môi trường sống tự nhiên của nó là rừng ẩm nhiệt đới vùng đất thấp và rừng ngập mặn nhiệt đới. Vẹt Lory đỏ là loại vẹt lory phổ biến nhất được nuôi nhốt. Chim thông minh này có một tính cách vui tươi và bề ngoài đầy màu sắc. Vẹt Lori đỏ là có màu sắc chủ yếu là màu đỏ sâu sắc với màu đen và điện đánh dấu màu xanh trên cánh và đuôi, kiểu màu khác nhau ở từng cá thể. Đuôi có màu hạt dẻ sẫm màu hơn. Chúng có kích thước dài 10-12 inch và có một cái mỏ màu cam.Phân loài vẹt đỏ Lory Buru (Eos bornea cyanonothus) tối hơn, màu nâu trong, và thường bị nhầm lẫn trong điều kiện nuôi nhốt với các đề cử. Hai phân loài khác không phải là phổ biến, Vẹt đỏ Lory Rothschild (Eos bornea rothschildi) và Vẹt đỏ Lory Bernstein (Eos bornea bernsteini).",
    "first_img": "https://upload.wikimedia.org/wikipedia/commons/a/a7/Eos_bornea_-Taronga_Zoo%2C_Sydney%2C_Australia-8a.jpg",
    "content": "Nguồn gốc và lịch sử Lories hay còn gọi là Lorikeets là một loại vẹt nhỏ thường được tìm thấy ở Úa gần các đảo như New Guinea và Indonesia. Vẹt Lory đỏ có liên quan đến vẹt Lory cầu vồng (Rainbow Lory/Rainbow Lorikeet). Vẹt Lory đỏ có nguồn gốc từ Indonesia, cụ thể là quần đảo Maluku (còn được gọi là Moluccas). Vậy nên giống vẹt Lory đỏ còn được biết đến dưới tên gọi là vẹt Moluccan Lory.Tính cách Những chú vẹt Lory đỏ là những chú chim hướng ngoại và vui vẻ. Chúng giúp chủ nhân giải trí bằng những trò hề vui nhộn và cách chúng chơi đùa với chủ nhân. Những chú vẹt tinh nghịch này rất thông minh và luôn tìm kiếm sự thám hiểm trong các trò chơi của mình, vì vậy bạn nên để mắt đến chú vẹt của mình khi cho chúng ra khỏi lồng. Việc nuôi nấng và đút thức ăn cho vẹt Lory đỏ non bằng tay sẽ giúp chúng quen với hơi người, sẽ giúp cho chú vẹt non dễ dàng cho chủ bế chúng hơn. Mặc dù là những chú vẹt rất tình cảm và thích được gần gũi với con người nhưng đôi khi chúng có thể sẽ cắn rất đau.Vẹt Lory đỏ có thể cảm thấy hạnh phúc nhất khi là chú chim duy nhất trong nhà bạn. Chúng ham vui và rất thích tuơng tác với con người, vậy nên nếu bạn đang muốn nuôi một chú vẹt Lory đỏ hãy cân nhắn đến việc dành nhiều thời gian để quan tâm và thể hiện tình cảm với chú vẹt của mình hằng ngày.Tiếng kêu Vẹt Lory đỏ là loài vẹt khá ồn ào. Chúng thích trò chuyện, kêu la hoặc hét ầm lên suốt cả ngày. Đây cũng là một loài vẹt có khả năng tập nói khá nhanh và chúng thích lặp đi lặp lại các từ như một trò tiêu khiển. Vì thế, chủ nhân của chúng nên là một người chịu được thú cưng của mình nói chuyện suốt ngày.Màu sắc và hoa văn Trên thân của vẹt Lory đỏ được bao phủ bởi một màu đỏ đậm và trên cánh của chúng có những vệt màu xanh đậm trên cánh của mình. Con đực và con cái có hình thái bên ngoài hoàn toàn giống nhau nên bạn không thể xác định giới tính của chúng chỉ dựa vào vẻ bề ngoài.Cách chăm sóc Vẹt Lory đỏ cực kỳ năng động, vì vậy bạn nên cho chúng sống trong một chiếc chuồng lớn để chúng có không gian bay nhảy và leo trèo khi ở trong lồng. Bạn cũng nên cho chúng ra ngoài chơi một cách thường xuyên vì đây là điều cực kỳ cần thiết đối với chú vẹt vui tươi và nhiều năng lượng này. Tốt nhất nên chọn một chiếc lòng có kích thước tối thiểu là rộng 24 inch (60cm), dài 36 inch (1m) và cao 36 inch (1m) và dễ dàng để làm sạch. Nếu cho chú vẹt của mình thức ăn nhiều chất lỏng sẽ dẫn đến nhiều phân lỏng. Vậy nên, hãy chắc chắn rằng chuồng của bạn có miếng nhựa để chứa phân của chúng.Bạn có thể mua tổ ở cửa hàng thú cưng hoặc tự làm tại nhà. Nên có nhiều cầu trong lồng có hình dạng và kích cỡ khác nhau để chú vẹt có thể thoải mái bay nhảy nhưng lưu ý đừng để thức ăn hoặc nước uống của chúng ở dưới để tránh bị nhiễm phân. Dây thừng và thang dây cũng rất cần thiết cho chúng để di chuyển trong lồng. Đừng quên đồ chơi cho chú vẹt của bạn. Chúng rất thích chơi nên hãy cho chúng các loại đồ chơi khác nhau như xích đu, gương, chuông, v.v... được làm bằng nhiều chất liệu như bông, da và gỗ. Bạn nên thay đổi đồ chơi thường xuyên để đảm bảo vẹt cưng của mình không bị nhàm chán.Vẹt Lory đỏ là những chú vẹt sạch sẽ nên chúng cần được tắm mỗi ngày. Bạn có thể phun suơng hay nước trực tiếp lên người chúng hoặc cho chúng chơi trong một hộp nước cạn để giúp chúng vệ sinh cơ thể hằng ngày. Ngoài ra bạn cũng cần đổ đồ ăn thừa sau vài giờ, thay nước uống thường xuyên và vệ sinh lồng 2 ngày một lần để giữ vệ sinh cho chúng."
}