{
    "title": "Wikipedia",
    "url": "https://vi.wikipedia.org/wiki/",
    "classify": [],
    "description": "You Belong with Me là một bài hát của nữ ca sĩ kiêm nhạc sĩ sáng tác bài hát người Mỹ Taylor Swift, đồng thời là đĩa đơn thứ ba nằm trong album phòng thu thứ hai của cô, Fearless (2008). Big Machine Records phát hành ca khúc này lên đài phát thanh vào ngày 20 tháng 4 năm 2009. Swift lấy cảm hứng thực hiện You Belong with Me sau khi nghe được cuộc trò chuyện giữa một thành viên ban nhạc và người bạn gái của anh qua điện thoại. Cô cùng Liz Rose sáng tác ca từ bài hát mang đề tài kể về mối tình đơn phương. Swift và Nathan Chapman đảm nhận sản xuất và phối khí You Belong with Me với phần âm thanh mang giai điệu pop đồng quê từ nhạc cụ banjo. [ Đọc tiếp ] Mới chọn: California King Bed · Triết học · Apollo 6",
    "first_img": "",
    "content": "Bài viết tốt Bài viết tốt Bò nướng lá lốt là một món ăn của Việt Nam có xuất xứ và thịnh hành ở vùng Nam Bộ, với nguyên liệu chính gồm thịt bò xay nhuyễn được cuốn trong lá lốt rồi sau đó chế biến theo phương pháp nướng, có thể kèm theo cả mỡ chài. Bên cạnh đó, các loại rau sống ăn kèm với món ăn cũng rất phong phú, từ xà lách, húng quế, diếp cá, chuối chát, dưa leo cho đến khế, tất cả đều được cuốn chung với bánh tráng và chấm cùng mắm nêm. Đây là món ăn thường xuyên xuất hiện trên bàn nhậu và cũng có thể dùng làm phần nhân trong một số loại bánh, đồng thời còn là thành phần không thể thiếu của bò bảy món rất được nhiều người ưa chuộng. [ Đọc tiếp ]Mới chọn: Tác động môi trường của bitcoin · Dã ngoại thảnh thơi · Marie CurieDanh sách chọn lọc Danh sách chọn lọc Tính đến  năm 2022[cập nhật], Ukraina có 7 di sản thế giới, trong đó 6 di sản văn hóa và 1 di sản tự nhiên là Rừng sồi nguyên sinh trên dãy Karpat. Tổ chức Giáo dục, Khoa học và Văn hóa Liên Hợp Quốc (UNESCO) xác định Di sản thế giới có giá trị phổ quát nổi bật là di sản văn hóa hoặc tự nhiên đã được các quốc gia ký kết Công ước Di sản Thế giới của UNESCO, thành lập năm 1972. Di sản văn hóa bao gồm các di tích (chẳng hạn như các công trình kiến ​​trúc, tác phẩm điêu khắc lớn hoặc chữ khắc), các cụm công trình và địa điểm (bao gồm cả các địa điểm khảo cổ). Các đặc điểm tự nhiên (bao gồm các thành hệ vật lý và sinh học), các thành hệ địa chất và sinh lý (bao gồm cả môi trường sống của các loài động vật và thực vật bị đe dọa) và các địa điểm tự nhiên quan trọng theo quan điểm của khoa học, bảo tồn hoặc vẻ đẹp tự nhiên, được xác định là di sản tự nhiên. [ Đọc tiếp ]Mới chọn: Danh sách giải thưởng và đề cử của Jake Gyllenhaal · Danh sách album bán chạy nhất tại Hàn Quốc · Danh sách thị trấn thuộc tỉnh Thanh HóaHình ảnh chọn lọc Hình ảnh chọn lọc Hình ảnh chọn lọc Bạn có biết Bạn có biết Bạn có biết Từ những bài viết mới của WikipediaNgày này năm xưa Ngày này năm xưa 27 tháng 9: Ngày Du lịch thế giới.Các lĩnh vực Các lĩnh vực Cải thiện nội dung Cải thiện nội dung Cải thiện nội dung Wikipedia là dự án bách khoa toàn thư mở, đa ngôn ngữ mà mọi người đều có thể tham gia đóng góp. Mục tiêu của Wikipedia là xây dựng một bách khoa toàn thư hoàn chỉnh, chính xác và trung lập.Sự phát triển của Wikipedia tiếng Việt phụ thuộc vào sự tham gia của bạn. Dù là tạo một bài mới, thêm nội dung, sửa lỗi chính tả hay bổ sung hình ảnh minh họa, thì bạn cũng đã góp phần xây dựng để Wikipedia tiếng Việt ngày một phát triển.Đây là Wikipedia phiên bản tiếng Việt. Hiện nay, Wikipedia còn có nhiều phiên bản ngôn ngữ khác, dưới đây là các phiên bản ngôn ngữ lớn nhất. Đây là Wikipedia phiên bản tiếng Việt. Hiện nay, Wikipedia còn có nhiều phiên bản ngôn ngữ khác, dưới đây là các phiên bản ngôn ngữ lớn nhất. Wikipedia trực thuộc Wikimedia Foundation, một tổ chức phi lợi nhuận cũng đồng thời điều hành nhiều dự án khác. Các dự án này hoặc là đa ngôn ngữ hoặc đã có phiên bản tiếng Việt. "
}