{
    "title": "Zootoca vivipara",
    "description": "Zootoca vivipara là một loài thằn lằn trong họ Lacertidae. Loài này được Von Jacquin mô tả khoa học đầu tiên năm 1787. ",
    "classify": [
        "Động vật",
        "Động vật có dây sống",
        "Động vật bò sát",
        "Bò sát có vảy",
        "Thằn lằn",
        "Lacertidae",
        "Lacertini (trang không tồn tại)",
        "Johann Georg Wagler (trang không tồn tại)",
        "Loài"
    ],
    "url": "https://vi.wikipedia.org/wiki/Zootoca_vivipara",
    "first_img": "https://upload.wikimedia.org/wikipedia/commons/5/57/Lacerta_vivipara_2_hen_%28Marek_Szczepanek%29.jpg",
    "content": ""
}