{
    "title": "Động vật nguyên sinh",
    "url": "https://vi.wikipedia.org/wiki/%C4%90%E1%BB%99ng_v%E1%BA%ADt_nguy%C3%AAn_sinh",
    "classify": [],
    "description": "Động vật nguyên sinh (Protozoa-tiếng Hy Lạp proto=đầu tiên và zoa=động vật) là một thuật ngữ cổ gồm những sinh vật đơn bào (nguyên sinh vật-Protistatrong giới khởi sinh) thuật ngữ này hiện không còn được dùng trong phân loại sinh vật. Động vật nguyên sinh có khả năng chuyển động và dinh dưỡng chủ yếu bằng cách dị dưỡng.  Chúng có phân bố ở khắp nơi: đất, nước ngọt, nước mặn, trong cơ thể sinh vật khác. Đây là khác biệt chính so với thực vật nguyên sinh (protophyta), được coi là những sinh vật đơn bào không có khả năng chuyển động và thực hiện trao đổi chất qua quá trình quang hợp. Động vật nguyên sinh có khoảng 40.000 loài, trong đó một số cũng có cả khả năng quang hợp như trùng roi xanh. Động vật nguyên sinh là một dạng sống đơn giản, mặc dù cơ thể chỉ có một tế bào, nhưng có khả năng thực hiện đầy đủ các hoạt động sống như một cơ thể đa bào hoàn chỉnh, chúng có thể thu lấy thức ăn, tiêu hóa, tổng hợp, hô hấp, bài tiết, điều hòa ion và điều hòa áp suất thẩm thấu, di chuyển và sinh sản. Sở dĩ chúng có thể thực hiện được các hoạt động sống đó là vì trong cơ thể cũng có những cấu tử giống với các cấu tử ở tế bào của cơ thể đa bào như nhân, ty thể, mạng nội chất, hệ Golgi, không bào co bóp và không bào tiêu hóa. Một số nguyên sinh động vật còn có bào hầu nối liền bào khẩu với túi tiêu hóa, tiêm mao hoặc chiên mao hoạt động được nhờ thể gốc. Động vật nguyên sinh thường có kích thước 0.01 - 0.05mm và không phải là động vật thực sự. ",
    "first_img": "",
    "content": "Phân loại Gồm có 5, 6 hoặc 7 tiểu loại tùy theo cách phân loại trước đây, phụ thuộc cơ quan vận chuyển và loại nhân tế bào, tuy nhiên những phân loại này không thể hiện mối quan hệ thực sự giữa chúng theo quan điểm hiện nay:5 loại trên bao gồm các bào tử trùng sống ký sinh ở các cơ thể động vật khác (trước đây các ngành này được xếp chung cùng một lớp Sporozoa)Cấu trúc Có ba loại vận chuyển ở các động vật nguyên sinh: vận chuyển bằng giả túc, bằng chiên mao và bằng tiêm maoCác mảnh vụn thức ăn được đưa vào bào khẩu (cytostome, thường nằm ở một vị trí nhất định nào đó trên cơ thể động vật nguyên sinh), theo bào khẩu vào bào hầu (cytopharynx) và được bao bọc trong một túi gọi là không bào tiêu hoá. Các men tiêu hoá được tiết vào trong túi để phân giải thức ăn. Các chất dinh dưỡng tạo thành sẽ được đưa vào tế bào chất còn những chất không tiêu hoá được tế bào thải ra ngoài qua bề mặt."
}