{
    "title": "Granulina vanhareni",
    "url": "https://vi.wikipedia.org/wiki/Granulina_vanhareni",
    "classify": [
        "Động vật",
        "Động vật thân mềm",
        "Lớp Chân bụng",
        "Muricoidea",
        "Neogastropoda",
        "Cystiscidae (trang không tồn tại)",
        "Granulininae (trang không tồn tại)",
        "Granulina",
        "Loài"
    ],
    "description": "Granulina vanhareni là một loài ốc biển rất nhỏ, là động vật thân mềm chân bụng sống ở biển trong họ Cystiscidae. ",
    "first_img": "",
    "content": "Miêu tả Phân bố "
}