{
    "title": "Mitromorpha carpenteri",
    "url": "https://vi.wikipedia.org/wiki/Mitromorpha_carpenteri",
    "classify": [
        "Động vật",
        "Động vật thân mềm",
        "Lớp Chân bụng",
        "Conoidea",
        "Neogastropoda",
        "Mitromorphidae",
        "Mitromorpha",
        "Loài"
    ],
    "description": "Mitromorpha carpenteri là một loài ốc biển, là động vật thân mềm chân bụng sống ở biển trong họ Mitromorphidae, họ ốc cối. ",
    "first_img": "",
    "content": "Miêu tả Phân bố "
}