{
    "title": "Conus bellulus",
    "url": "https://vi.wikipedia.org/wiki/Conus_bellulus",
    "classify": [
        "Động vật",
        "Động vật thân mềm",
        "Lớp Chân bụng",
        "Conoidea",
        "Neogastropoda",
        "Conidae",
        "Coninae",
        "Conus",
        "Loài"
    ],
    "description": "Conus bellulus là một loài ốc biển, là động vật thân mềm chân bụng sống ở biển trong họ Conidae, họ ốc cối. Giống như tất cả các loài thuộc chi Conus, chúng là loài săn mồi và có nọc độc. Chúng có khả năng đốt con người, do vậy khi cầm chúng phải hết sức cẩn thận.",
    "first_img": "https://upload.wikimedia.org/wikipedia/commons/e/e9/Status_iucn3.1_blank_vi.svg/220px-Status_iucn3.1_blank_vi.svg.png",
    "content": "Miêu tả Phân bố "
}