{
    "title": "Bettongia lesueur",
    "url": "https://vi.wikipedia.org/wiki/Bettongia_lesueur",
    "classify": [
        "Động vật",
        "Động vật có dây sống",
        "Lớp Thú",
        "Bộ Hai răng cửa",
        "Potoroidae",
        "Bettongia",
        "Loài"
    ],
    "description": "Bettongia lesueur là một loài động vật có vú trong họ Potoroidae, bộ Hai răng cửa. Loài này được Quoy & Gaimard mô tả năm 1824. ",
    "first_img": "https://upload.wikimedia.org/wikipedia/commons/2/24/Bettongia_lesueur.jpg",
    "content": ""
}