{
    "title": "Conus bruuni",
    "url": "https://vi.wikipedia.org/wiki/Conus_bruuni",
    "classify": [
        "Động vật",
        "Động vật thân mềm",
        "Lớp Chân bụng",
        "Conoidea",
        "Neogastropoda",
        "Conidae",
        "Coninae",
        "Conus",
        "Loài"
    ],
    "description": "Conus bruuni là một loài ốc biển, là động vật thân mềm chân bụng sống ở biển trong họ Conidae. ",
    "first_img": "https://upload.wikimedia.org/wikipedia/commons/c/c4/Conus_bruuni.jpg",
    "content": ""
}