{
    "title": "Kurtziella accinctus",
    "url": "https://vi.wikipedia.org/wiki/Kurtziella_accinctus",
    "classify": [
        "Động vật",
        "Động vật thân mềm",
        "Lớp Chân bụng",
        "Conoidea",
        "Neogastropoda",
        "Conidae",
        "Mangeliinae",
        "Kurtziella",
        "Loài"
    ],
    "description": "Kurtziella accinctus là một loài ốc biển, là động vật thân mềm chân bụng sống ở biển trong họ Conidae, họ ốc cối. ",
    "first_img": "",
    "content": "Miêu tả Phân bố "
}