{
    "title": "Iole indica",
    "url": "https://vi.wikipedia.org/wiki/Iole_indica",
    "classify": [
        "Động vật",
        "Động vật có dây sống",
        "Chim",
        "Bộ Sẻ",
        "Họ Chào mào",
        "Iole",
        "Loài"
    ],
    "description": "Iole indica là một loài chim trong họ Pycnonotidae. ",
    "first_img": "https://upload.wikimedia.org/wikipedia/commons/e/eb/Status_iucn3.1_LC_vi.svg/220px-Status_iucn3.1_LC_vi.svg.png",
    "content": ""
}