{
    "title": "Geospiza fuliginosa",
    "url": "https://vi.wikipedia.org/wiki/Geospiza_fuliginosa",
    "classify": [
        "Động vật",
        "Động vật có dây sống",
        "Chim",
        "Bộ Sẻ",
        "Thraupidae",
        "Geospiza",
        "Loài"
    ],
    "description": "Geospiza fuliginosa là một loài chim trong họ Thraupidae. ",
    "first_img": "https://upload.wikimedia.org/wikipedia/commons/b/b5/Geospiza_fuliginosa_976.jpg",
    "content": ""
}