{
    "title": "Sóc xám Mexico",
    "url": "https://vi.wikipedia.org/wiki/S%C3%B3c_x%C3%A1m_Mexico",
    "classify": [
        "Động vật",
        "Động vật có dây sống",
        "Lớp Thú",
        "Bộ Gặm nhấm",
        "Họ Sóc",
        "Sciurus",
        "Sciurus (phân chi) (trang không tồn tại)",
        "Loài"
    ],
    "description": "Sóc xám México, tên khoa học Sciurus aureogaster, là một loài động vật có vú trong họ Sóc, bộ Gặm nhấm. Loài này được F. Cuvier mô tả năm 1829. ",
    "first_img": "https://upload.wikimedia.org/wikipedia/commons/1/16/Ardilla_gris_mexicana.JPG",
    "content": ""
}