{
    "title": "Platyspiza crassirostris",
    "url": "https://vi.wikipedia.org/wiki/Platyspiza_crassirostris",
    "classify": [
        "Động vật",
        "Động vật có dây sống",
        "Chim",
        "Bộ Sẻ",
        "Thraupidae",
        "Robert Ridgway (trang không tồn tại)",
        "Loài"
    ],
    "description": "Platyspiza crassirostris là một loài chim trong họ Thraupidae. ",
    "first_img": "https://upload.wikimedia.org/wikipedia/commons/8/8b/Platyspiza_crassirostris_female_feeding.jpg",
    "content": ""
}