{
    "title": "Oreothlypis virginiae",
    "url": "https://vi.wikipedia.org/wiki/Oreothlypis_virginiae",
    "classify": [
        "Động vật",
        "Động vật có dây sống",
        "Chim",
        "Bộ Sẻ",
        "Parulidae",
        "Oreothlypis",
        "Loài"
    ],
    "description": "Oreothlypis virginiae là một loài chim trong họ Parulidae. ",
    "first_img": "https://upload.wikimedia.org/wikipedia/commons/e/eb/Status_iucn3.1_LC_vi.svg/220px-Status_iucn3.1_LC_vi.svg.png",
    "content": ""
}