{
    "title": "Pomatostomus temporalis",
    "url": "https://vi.wikipedia.org/wiki/Pomatostomus_temporalis",
    "classify": [
        "Động vật",
        "Động vật có dây sống",
        "Chim",
        "Bộ Sẻ",
        "Pomatostomidae",
        "Pomatostomus",
        "Loài"
    ],
    "description": "Pomatostomus temporalis là một loài chim trong họ Pomatostomidae. ",
    "first_img": "https://upload.wikimedia.org/wikipedia/commons/0/05/Grey-crowned_Babbler%2C_Gundabooka_National_Park.jpg",
    "content": ""
}