{
    "title": "Toxostoma bendirei",
    "url": "https://vi.wikipedia.org/wiki/Toxostoma_bendirei",
    "classify": [
        "Động vật",
        "Động vật có dây sống",
        "Chim",
        "Bộ Sẻ",
        "Mimidae",
        "Toxostoma",
        "Loài"
    ],
    "description": "Toxostoma bendirei là một loài chim trong họ Mimidae. ",
    "first_img": "https://upload.wikimedia.org/wikipedia/commons/8/89/Status_iucn3.1_VU_vi.svg/220px-Status_iucn3.1_VU_vi.svg.png",
    "content": ""
}