{
    "title": "Synthliboramphus scrippsi",
    "url": "https://vi.wikipedia.org/wiki/Synthliboramphus_scrippsi",
    "classify": [
        "Động vật",
        "Động vật có dây sống",
        "Chim",
        "Bộ Choi choi",
        "Alcidae",
        "Synthliboramphus",
        "Loài"
    ],
    "description": "Synthliboramphus scrippsi là một loài chim trong họ Alcidae. ",
    "first_img": "https://upload.wikimedia.org/wikipedia/commons/1/1f/Xantus_adult.gif",
    "content": ""
}