{
    "title": "Genetta maculata",
    "url": "https://vi.wikipedia.org/wiki/Genetta_maculata",
    "classify": [
        "Động vật",
        "Động vật có dây sống",
        "Lớp Thú",
        "Bộ Ăn thịt",
        "Họ Cầy",
        "Genetta",
        "Loài"
    ],
    "description": "Genetta maculata là một loài động vật có vú trong họ Cầy, bộ Ăn thịt. Loài này được Gray mô tả năm 1830. ",
    "first_img": "https://upload.wikimedia.org/wikipedia/commons/3/30/Genetta_tigrina.jpg",
    "content": ""
}