{
    "title": "Burhinus bistriatus",
    "url": "https://vi.wikipedia.org/wiki/Burhinus_bistriatus",
    "classify": [
        "Động vật",
        "Động vật có dây sống",
        "Chim",
        "Bộ Choi choi",
        "Burhinidae",
        "Burhinus",
        "Loài"
    ],
    "description": "Burhinus bistriatus là một loài chim trong họ Burhinidae. ",
    "first_img": "https://upload.wikimedia.org/wikipedia/commons/9/91/Flickr_-_Rainbirder_-_Double-striped_Thick-Knee_%28Burhinus_bistriatus%29.jpg",
    "content": ""
}