{
    "title": "Polioptila melanura",
    "url": "https://vi.wikipedia.org/wiki/Polioptila_melanura",
    "classify": [
        "Động vật",
        "Động vật có dây sống",
        "Chim",
        "Bộ Sẻ",
        "Polioptilidae",
        "Polioptila",
        "Loài"
    ],
    "description": "Polioptila melanura là một loài chim trong họ Polioptilidae. ",
    "first_img": "https://upload.wikimedia.org/wikipedia/commons/9/9e/Black-tailed_Gnatcatcher_%28Polioptila_melanura%29_%2816875128691%29.jpg",
    "content": ""
}