{
    "title": "Cun cút nhỏ",
    "url": "https://vi.wikipedia.org/wiki/Cun_c%C3%BAt_nh%E1%BB%8F",
    "classify": [
        "Động vật",
        "Động vật có dây sống",
        "Chim",
        "Bộ Choi choi",
        "Họ Cun cút",
        "Turnix",
        "Loài"
    ],
    "description": "Turnix sylvaticus là một loài chim trong họ Turnicidae. Loài chim này là loài định cư từ miền nam Tây Ban Nha và châu Phi qua Ấn Độ và châu Á nhiệt đới. Loài chim này chạy nhiều hơn bay, sinh sống ở các đồng cỏ ấm hoặc rừng cây bụi và ăn côn trùng và hạt. ",
    "first_img": "https://upload.wikimedia.org/wikipedia/commons/a/a9/TurnixSylvaticaWhistler.jpg",
    "content": ""
}