{
    "title": "Cyphorhinus arada",
    "url": "https://vi.wikipedia.org/wiki/Cyphorhinus_arada",
    "classify": [
        "Động vật",
        "Động vật có dây sống",
        "Chim",
        "Bộ Sẻ",
        "Họ Hồng tước",
        "Cyphorhinus",
        "Loài"
    ],
    "description": "Cyphorhinus arada là một loài chim trong họ Troglodytidae. ",
    "first_img": "https://upload.wikimedia.org/wikipedia/commons/9/9e/CyphorhinusKeulemans.jpg",
    "content": ""
}