{
    "title": "Lội suối nâu",
    "url": "https://vi.wikipedia.org/wiki/L%E1%BB%99i_su%E1%BB%91i_n%C3%A2u",
    "classify": [
        "Động vật",
        "Động vật có dây sống",
        "Chim",
        "Bộ Sẻ",
        "Họ Lội suối",
        "Họ Lội suối",
        "Loài"
    ],
    "description": "Lội suối nâu hay Hét nước nâu (tên khoa học: Cinclus pallasii) là một loài chim trong họ Cinclidae. ",
    "first_img": "https://upload.wikimedia.org/wikipedia/commons/1/19/Cinclus_pallasii_%28side%29.JPG",
    "content": ""
}