{
    "title": "Cercopithecus nictitans",
    "url": "https://vi.wikipedia.org/wiki/Cercopithecus_nictitans",
    "classify": [
        "Động vật",
        "Động vật có dây sống",
        "Lớp Thú",
        "Bộ Linh trưởng",
        "Cercopithecidae",
        "Cercopithecus",
        "Loài"
    ],
    "description": "Cercopithecus nictitans là một loài động vật có vú trong họ Cercopithecidae, bộ Linh trưởng. Loài này được Linnaeus mô tả năm 1766. ",
    "first_img": "https://upload.wikimedia.org/wikipedia/commons/4/43/Putty-nosed_monkey_%28Cercopithecus_nictitans%29.JPG",
    "content": ""
}