{
    "title": "Columba junoniae",
    "url": "https://vi.wikipedia.org/wiki/Columba_junoniae",
    "classify": [
        "Động vật",
        "Động vật có dây sống",
        "Chim",
        "Bộ Bồ câu",
        "Họ Bồ câu",
        "Columba",
        "Loài"
    ],
    "description": "Columba junoniae là một loài chim trong họ Columbidae. ",
    "first_img": "https://upload.wikimedia.org/wikipedia/commons/7/75/Lorbeertaube15-01-2010.jpg",
    "content": ""
}