{
    "title": "Đuôi đỏ núi đá mày xám",
    "url": "https://vi.wikipedia.org/wiki/%C4%90u%C3%B4i_%C4%91%E1%BB%8F_n%C3%BAi_%C4%91%C3%A1_m%C3%A0y_x%C3%A1m",
    "classify": [
        "Động vật",
        "Động vật có dây sống",
        "Chim",
        "Bộ Sẻ",
        "Họ Đớp ruồi",
        "Phoenicurus",
        "Loài"
    ],
    "description": "Phoenicurus frontalis là một loài chim trong họ Muscicapidae. ",
    "first_img": "https://upload.wikimedia.org/wikipedia/commons/e/eb/Status_iucn3.1_LC_vi.svg/220px-Status_iucn3.1_LC_vi.svg.png",
    "content": ""
}