{
    "title": "Cinnyris venustus",
    "url": "https://vi.wikipedia.org/wiki/Cinnyris_venustus",
    "classify": [
        "Động vật",
        "Động vật có dây sống",
        "Chim",
        "Bộ Sẻ",
        "Họ Hút mật",
        "Cinnyris",
        "Loài"
    ],
    "description": "Cinnyris venustus là một loài chim trong họ Nectariniidae. ",
    "first_img": "https://upload.wikimedia.org/wikipedia/commons/c/ce/Variable_sunbird.jpg",
    "content": ""
}