{
    "title": "Cắt Madagascar",
    "url": "https://vi.wikipedia.org/wiki/C%E1%BA%AFt_Madagascar",
    "classify": [
        "Động vật",
        "Eumetazoa",
        "Động vật đối xứng hai bên",
        "Động vật miệng thứ sinh",
        "Động vật có dây sống",
        "Động vật có hộp sọ",
        "Động vật có xương sống",
        "Động vật có quai hàm",
        "Động vật bốn chân",
        "Chim",
        "Ornithothoraces (trang không tồn tại)",
        "Ornithurae (trang không tồn tại)",
        "Carinatae (trang không tồn tại)",
        "Neornithes",
        "Cận lớp Chim hàm mới",
        "Neoaves",
        "Coronaves (trang không tồn tại)",
        "Bộ Ưng",
        "Họ Cắt",
        "Chi Cắt",
        "Loài"
    ],
    "description": "Cắt Madagascar (danh pháp hai phần: Falco newtoni) là một loài chim lá thuộc chi Cắt trong họ Cắt (Falconidae). Loài này phân bố ở Madagascar.",
    "first_img": "https://upload.wikimedia.org/wikipedia/commons/8/86/Falco_newtoni.jpg",
    "content": ""
}