{
    "title": "Pycnonotus luteolus",
    "url": "https://vi.wikipedia.org/wiki/Pycnonotus_luteolus",
    "classify": [
        "Sinh vật nhân thực",
        "Động vật",
        "Động vật có dây sống",
        "Chim",
        "Bộ Sẻ",
        "Họ Chào mào",
        "Pycnonotus"
    ],
    "description": "Pycnonotus luteolus là một loài chim trong họ Pycnonotidae. ",
    "first_img": "https://upload.wikimedia.org/wikipedia/commons/3/32/White-browed_Bulbul_%28_Pycnonotus_luteolus%29.JPG",
    "content": ""
}