{
    "title": "Cú muỗi mỏ quặp Philippine",
    "url": "https://vi.wikipedia.org/wiki/C%C3%BA_mu%E1%BB%97i_m%E1%BB%8F_qu%E1%BA%B7p_Philippine",
    "classify": [
        "Động vật",
        "Động vật có dây sống",
        "Chim",
        "Bộ Cú muỗi",
        "Họ Cú muỗi mỏ quặp",
        "Batrachostomus",
        "Loài"
    ],
    "description": "Cú muỗi mỏ quặp Philippine (Batrachostomus septimus) là một loài chim trong họ Podargidae. Chúng là loài chim ăn đêm được tìm thấy trên khắp quần đảo Philippines. Nó phổ biến trong các khu rừng đất thấp. Nó ăn châu chấu, ve sầu, dế ​​và bọ cánh cứng. Loài này có khối lượng 80- 100 gram, chiều dài cánh 15-16 cm, chiều dài đuôi 11-12 cm",
    "first_img": "https://upload.wikimedia.org/wikipedia/commons/3/32/Batrachostomus_septimus_01.jpg",
    "content": ""
}