{
    "title": "Heliornis fulica",
    "url": "https://vi.wikipedia.org/wiki/Heliornis_fulica",
    "classify": [
        "Động vật",
        "Động vật có dây sống",
        "Chim",
        "Bộ Sếu",
        "Heliornithidae",
        "Heliornis",
        "Loài"
    ],
    "description": "Heliornis fulica là một loài chim trong họ Heliornithidae. ",
    "first_img": "https://upload.wikimedia.org/wikipedia/commons/e/eb/Status_iucn3.1_LC_vi.svg/220px-Status_iucn3.1_LC_vi.svg.png",
    "content": ""
}