{
    "title": "Pseudonestor xanthophrys",
    "url": "https://vi.wikipedia.org/wiki/Pseudonestor_xanthophrys",
    "classify": [
        "Động vật",
        "Động vật có dây sống",
        "Chim",
        "Bộ Sẻ",
        "Họ Sẻ thông",
        "Walter Rothschild, 2nd Baron Rothschild (trang không tồn tại)",
        "Loài"
    ],
    "description": "Chim kiwikiu, tên khoa học Pseudonestor xanthophrys, là một loài chim trong họ Fringillidae. ",
    "first_img": "https://upload.wikimedia.org/wikipedia/commons/6/63/Pseudonestor_xanthophrys.jpg",
    "content": ""
}