{
    "title": "Gallicolumba menagei",
    "url": "https://vi.wikipedia.org/wiki/Gallicolumba_menagei",
    "classify": [
        "Động vật",
        "Động vật có dây sống",
        "Chim",
        "Bộ Bồ câu",
        "Họ Bồ câu",
        "Gallicolumba",
        "Loài"
    ],
    "description": "Gallicolumba menagei là một loài chim trong họ Columbidae. ",
    "first_img": "https://upload.wikimedia.org/wikipedia/commons/f/f1/Gallicolumba_menagei.svg/280px-Gallicolumba_menagei.svg.png",
    "content": ""
}