{
    "title": "Columba vitiensis",
    "url": "https://vi.wikipedia.org/wiki/Columba_vitiensis",
    "classify": [
        "Động vật",
        "Động vật có dây sống",
        "Chim",
        "Bộ Bồ câu",
        "Họ Bồ câu",
        "Columba",
        "Loài"
    ],
    "description": "Columba vitiensis là một loài chim trong họ Columbidae. ",
    "first_img": "https://upload.wikimedia.org/wikipedia/commons/2/25/IanthoenasGriseogularisKeulemans.jpg",
    "content": ""
}