{
    "title": "Dơi ma bắc",
    "url": "https://vi.wikipedia.org/wiki/D%C6%A1i_ma_b%E1%BA%AFc",
    "classify": [
        "Động vật",
        "Động vật có dây sống",
        "Lớp Thú",
        "Bộ Dơi",
        "Họ Dơi ma",
        "Megaderma",
        "Loài"
    ],
    "description": "Dơi ma bắc (tên khoa học: Megaderma lyra) là loài động vật có vú trong họ Dơi ma, bộ Dơi. Loài này được E. Geoffroy mô tả năm 1810. ",
    "first_img": "https://upload.wikimedia.org/wikipedia/commons/3/3a/Greater_False_Vampire_Bat_%28Megaderma_lyra%29.jpg",
    "content": ""
}