{
    "title": "Cú vọ",
    "url": "https://vi.wikipedia.org/wiki/C%C3%BA_v%E1%BB%8D",
    "classify": [
        "Động vật",
        "Động vật có dây sống",
        "Chim",
        "Bộ Cú",
        "Họ Cú mèo",
        "Glaucidium",
        "Loài"
    ],
    "description": "Glaucidium cuculoides là một loài chim trong họ Strigidae. ",
    "first_img": "https://upload.wikimedia.org/wikipedia/commons/e/e2/Raw25-Dooars_DSC0013_Jungle_owlet.jpg",
    "content": ""
}