{
    "title": "Amazona arausiaca",
    "url": "https://vi.wikipedia.org/wiki/Amazona_arausiaca",
    "classify": [
        "Động vật",
        "Động vật có dây sống",
        "Chim",
        "Bộ Vẹt",
        "Họ Vẹt",
        "Amazona",
        "Loài"
    ],
    "description": "Amazona arausiaca là một loài chim trong họ Psittacidae. ",
    "first_img": "https://upload.wikimedia.org/wikipedia/commons/f/fa/Amazona_arausiaca_-Roseau_-Dominica_-aviary-6a-4c.jpg",
    "content": ""
}