{
    "title": "Aquila africana",
    "url": "https://vi.wikipedia.org/wiki/Aquila_africana",
    "classify": [
        "Động vật",
        "Động vật có dây sống",
        "Chim",
        "Bộ Ưng",
        "Họ Ưng",
        "Aquila",
        "Loài"
    ],
    "description": "Spizaetus africanus ",
    "first_img": "https://upload.wikimedia.org/wikipedia/commons/8/85/Cassin%27s_Hawk-Eagle_-_Ghana.jpg",
    "content": "Aquila africana là một loài chim trong họ Accipitridae.Là một loài sống phụ thuộc vào rừng, loài đại bàng này xuất hiện trong các khu rừng nhiệt đới nguyên sinh ở phía tây, trung bộ và (một chút) phía đông châu Phi, nơi chúng săn mồi các loài chim và sóc cây. Do sự tàn phá môi trường sống trên diện rộng, quần thể của nó đang suy giảm đều đặn nhưng vẫn chưa đảm bảo nâng cấp tình trạng của nó khỏi nhóm loài ít quan tâm."
}