{
    "title": "Caryothraustes poliogaster",
    "url": "https://vi.wikipedia.org/wiki/Caryothraustes_poliogaster",
    "classify": [
        "Động vật",
        "Động vật có dây sống",
        "Chim",
        "Bộ Sẻ",
        "Cardinalidae",
        "Caryothraustes",
        "Loài"
    ],
    "description": "Caryothraustes poliogaster là một loài chim trong họ Cardinalidae. ",
    "first_img": "https://upload.wikimedia.org/wikipedia/commons/5/55/Caryothraustes_poliogaster.jpg",
    "content": ""
}