{
    "title": "Chloropsis jerdoni",
    "url": "https://vi.wikipedia.org/wiki/Chloropsis_jerdoni",
    "classify": [
        "Động vật",
        "Động vật có dây sống",
        "Chim",
        "Bộ Sẻ",
        "Họ Chim xanh",
        "Chloropsis",
        "Loài"
    ],
    "description": "Chloropsis jerdoni là một loài chim trong họ Chloropseidae. ",
    "first_img": "https://upload.wikimedia.org/wikipedia/commons/e/eb/Status_iucn3.1_LC_vi.svg/220px-Status_iucn3.1_LC_vi.svg.png",
    "content": ""
}