{
    "title": "Aglaiocercus kingii",
    "url": "https://vi.wikipedia.org/wiki/Aglaiocercus_kingii",
    "classify": [
        "Động vật",
        "Động vật có dây sống",
        "Chim",
        "Bộ Yến",
        "Họ Chim ruồi",
        "Aglaiocercus",
        "Loài"
    ],
    "description": "Aglaiocercus kingi là một loài chim trong họ Chim ruồi. ",
    "first_img": "https://upload.wikimedia.org/wikipedia/commons/0/0f/Aglaiocercus_kingi_%28female%29_-NBII_Image_Gallery-a00187.jpg",
    "content": ""
}