{
    "title": "Cú muỗi lưng xám",
    "url": "https://vi.wikipedia.org/wiki/C%C3%BA_mu%E1%BB%97i_l%C6%B0ng_x%C3%A1m",
    "classify": [
        "Động vật",
        "Động vật có dây sống",
        "Chim",
        "Bộ Cú muỗi",
        "Caprimulgidae",
        "Caprimulgus",
        "Loài"
    ],
    "description": "Cú muỗi lưng xám (tên khoa học: Caprimulgus affinis) là một loài chim trong họ Caprimulgidae. ",
    "first_img": "https://upload.wikimedia.org/wikipedia/commons/9/9d/Caprimulgus_affinis.jpg",
    "content": ""
}