{
    "title": "Caryothraustes canadensis",
    "url": "https://vi.wikipedia.org/wiki/Caryothraustes_canadensis",
    "classify": [
        "Động vật",
        "Động vật có dây sống",
        "Chim",
        "Bộ Sẻ",
        "Cardinalidae",
        "Caryothraustes",
        "Loài"
    ],
    "description": "Caryothraustes canadensis là một loài chim trong họ Cardinalidae. ",
    "first_img": "https://upload.wikimedia.org/wikipedia/commons/7/7e/Yellow-Green_Grosbeack.jpg",
    "content": ""
}