{
    "title": "Corvus unicolor",
    "url": "https://vi.wikipedia.org/wiki/Corvus_unicolor",
    "classify": [
        "Động vật",
        "Động vật có dây sống",
        "Chim",
        "Bộ Sẻ",
        "Họ Quạ",
        "Corvus",
        "Loài"
    ],
    "description": "Corvus enca unicolor ",
    "first_img": "https://upload.wikimedia.org/wikipedia/commons/d/db/Status_iucn3.1_CR_vi.svg/220px-Status_iucn3.1_CR_vi.svg.png",
    "content": "Corvus unicolor là một loài chim trong họ Corvidae, từ huyện Banggai ở tỉnh miền trung Sulawesi ở Indonesia. Loài này được IUCN liệt kê là cực kỳ nguy cấp. Loài này đã bị coi là tuyệt chủng, nhưng cuối cùng đã được phát hiện lại trong các cuộc khảo sát trên đảo Peleng ngoài khơi bờ biển phía đông nam của Sulawesi bởi nhà nghiên cứu sinh vật học người Indonesia, Mochamad IndINA vào năm 2007 và 2008."
}