{
    "title": "Glaucidium gnoma",
    "url": "https://vi.wikipedia.org/wiki/Glaucidium_gnoma",
    "classify": [
        "Động vật",
        "Động vật có dây sống",
        "Chim",
        "Bộ Cú",
        "Họ Cú mèo",
        "Glaucidium",
        "Loài"
    ],
    "description": "Glaucidium gnoma là một loài chim trong họ Strigidae. ",
    "first_img": "https://upload.wikimedia.org/wikipedia/commons/5/52/GlaucidiumGnomaKeulemans.jpg",
    "content": ""
}