{
    "title": "Eulampis holosericeus",
    "url": "https://vi.wikipedia.org/wiki/Eulampis_holosericeus",
    "classify": [
        "Động vật",
        "Động vật có dây sống",
        "Chim",
        "Bộ Yến",
        "Họ Chim ruồi",
        "Eulampis",
        "Loài"
    ],
    "description": "Eulampis holosericeus là một loài chim trong họ Chim ruồi. ",
    "first_img": "https://upload.wikimedia.org/wikipedia/commons/a/a5/Green_throated_carib_shs.jpg",
    "content": ""
}