{
    "title": "Crinifer piscator",
    "url": "https://vi.wikipedia.org/wiki/Crinifer_piscator",
    "classify": [
        "Động vật",
        "Động vật có dây sống",
        "Chim",
        "Bộ Cu cu",
        "Musophagidae",
        "Crinifer",
        "Loài"
    ],
    "description": "Crinifer piscator là một loài chim trong họ Musophagidae. ",
    "first_img": "https://upload.wikimedia.org/wikipedia/commons/7/7e/Crinifer_piscator_-at_a_zoo_in_Japan-8a.jpg",
    "content": ""
}