{
    "title": "Đớp ruồi lưng vàng",
    "url": "https://vi.wikipedia.org/wiki/%C4%90%E1%BB%9Bp_ru%E1%BB%93i_l%C6%B0ng_v%C3%A0ng",
    "classify": [
        "Động vật",
        "Động vật có dây sống",
        "Chim",
        "Bộ Sẻ",
        "Họ Đớp ruồi",
        "Ficedula",
        "Loài"
    ],
    "description": "Ficedula narcissina là một loài chim trong họ Muscicapidae. ",
    "first_img": "https://upload.wikimedia.org/wikipedia/commons/4/46/Narcissus_Flycatcher-cropped.jpg",
    "content": ""
}