{
    "title": "Chalcomitra amethystina",
    "url": "https://vi.wikipedia.org/wiki/Chalcomitra_amethystina",
    "classify": [
        "Động vật",
        "Động vật có dây sống",
        "Chim",
        "Bộ Sẻ",
        "Họ Hút mật",
        "Chalcomitra",
        "Loài"
    ],
    "description": "Chalcomitra amethystina là một loài chim trong họ Nectariniidae. Đây là loài bản địa vùng nhiệt đới châu Phi, chủ yếu ở phía nam xích đạo. Chúng thường được tìm thấy trong môi trường sống có nhiều nước và di chuyển theo mùa để đến thăm những khu rừng nở hoa. Việc suy giảm một số khu rừng đã ảnh hưởng đến số lượng của chúng tại khu vực, nhưng phạm vi phân bố của chúng cũng mở rộng cùng với sự mở rộng của các khu vườn nhiều cây cối. ",
    "first_img": "https://upload.wikimedia.org/wikipedia/commons/9/91/Nectarinia_amethystina_female.jpg",
    "content": ""
}