{
    "title": "Lampornis clemenciae",
    "url": "https://vi.wikipedia.org/wiki/Lampornis_clemenciae",
    "classify": [
        "Động vật",
        "Động vật có dây sống",
        "Chim",
        "Bộ Yến",
        "Họ Chim ruồi",
        "Lampornis",
        "Loài"
    ],
    "description": "Lampornis clemenciae là một loài chim trong họ Trochilidae. ",
    "first_img": "https://upload.wikimedia.org/wikipedia/commons/3/37/Lampornis_clemenciae.jpg",
    "content": ""
}