{
    "title": "Centropus senegalensis",
    "url": "https://vi.wikipedia.org/wiki/Centropus_senegalensis",
    "classify": [
        "Động vật",
        "Động vật có dây sống",
        "Chim",
        "Bộ Cu cu",
        "Họ Cu cu",
        "Chi Bìm bịp",
        "Loài"
    ],
    "description": "Centropus senegalensis là một loài chim trong họ Cuculidae. ",
    "first_img": "https://upload.wikimedia.org/wikipedia/commons/e/e0/Senegal_Coucal_-Centropus_senegalensis_-on_tree.jpg",
    "content": ""
}