{
    "title": "Sóc bay lông len",
    "url": "https://vi.wikipedia.org/wiki/Eupetaurus",
    "classify": [
        "Động vật",
        "Động vật có dây sống",
        "Lớp Thú",
        "Bộ Gặm nhấm",
        "Họ Sóc",
        "Pteromyini",
        "Oldfield Thomas",
        "Loài"
    ],
    "description": "Sóc bay lông len, tên khoa học Eupetaurus cinereus, là một loài động vật có vú trong họ Sóc, bộ Gặm nhấm. Loài này được Thomas mô tả năm 1888. ",
    "first_img": "https://upload.wikimedia.org/wikipedia/commons/f/f2/WoolySquirrelLyd.jpg",
    "content": ""
}