{
    "title": "Glaucidium sanchezi",
    "url": "https://vi.wikipedia.org/wiki/Glaucidium_sanchezi",
    "classify": [
        "Động vật",
        "Động vật có dây sống",
        "Chim",
        "Bộ Cú",
        "Họ Cú mèo",
        "Glaucidium",
        "Loài"
    ],
    "description": "Glaucidium sanchezi là một loài chim trong họ Strigidae. ",
    "first_img": "https://upload.wikimedia.org/wikipedia/commons/6/66/Glaucidium_sanchezi.jpg",
    "content": ""
}