{
    "title": "Cu cu diều hâu châu Phi",
    "url": "https://vi.wikipedia.org/wiki/Cu_cu_di%E1%BB%81u_h%C3%A2u_ch%C3%A2u_Phi",
    "classify": [
        "Động vật",
        "Động vật có dây sống",
        "Chim",
        "Bộ Ưng",
        "Họ Ưng",
        "Aviceda",
        "Loài"
    ],
    "description": "Cu cu diều hâu châu Phi, tên khoa học Aviceda cuculoides, là một loài chim trong họ Accipitridae. Chúng được Swainson phân loại vào năm 1837. ",
    "first_img": "https://upload.wikimedia.org/wikipedia/commons/d/db/Aviceda_cuculoides00.jpg",
    "content": ""
}