{
    "title": "Lophura erythrophthalma",
    "url": "https://vi.wikipedia.org/wiki/Lophura_erythrophthalma",
    "classify": [
        "Sinh vật nhân thực",
        "Động vật",
        "Động vật có dây sống",
        "Chim",
        "Galliformes",
        "Họ Trĩ",
        "Lophura"
    ],
    "description": "Lophura erythrophthalma là một loài chim trong họ Phasianidae. ",
    "first_img": "https://upload.wikimedia.org/wikipedia/commons/f/fe/Lophura_erythrophthalma1.jpg",
    "content": ""
}