{
    "title": "Anomalospiza imberbis",
    "url": "https://vi.wikipedia.org/wiki/Anomalospiza_imberbis",
    "classify": [
        "Động vật",
        "Động vật có dây sống",
        "Chim",
        "Bộ Sẻ",
        "Viduidae",
        "George Ernest Shelley (trang không tồn tại)",
        "Loài"
    ],
    "description": "Anomalospiza imberbis là một loài chim trong họ Viduidae. Nó có mặt ở những đồng cỏ châu Phi miền nam Sahara. Con trống có chủ yếu là vàng và lục trong kho con mái màu da bò với các vạch sẫm. Trứng của chúng đẻ trong tổ của những con chim khác. ",
    "first_img": "https://upload.wikimedia.org/wikipedia/commons/5/53/Parasitic_Weaver_%28Anomalospiza_imberbis%29.jpg",
    "content": ""
}