{
    "title": "Vireo altiloquus",
    "url": "https://vi.wikipedia.org/wiki/Vireo_altiloquus",
    "classify": [
        "Động vật",
        "Động vật có dây sống",
        "Chim",
        "Bộ Sẻ",
        "Vireonidae",
        "Vireo",
        "Loài"
    ],
    "description": "Vireo altiloquus là một loài chim trong họ Vireonidae. ",
    "first_img": "https://upload.wikimedia.org/wikipedia/commons/e/eb/Status_iucn3.1_LC_vi.svg/220px-Status_iucn3.1_LC_vi.svg.png",
    "content": ""
}