{
    "title": "Turtur tympanistria",
    "url": "https://vi.wikipedia.org/wiki/Turtur_tympanistria",
    "classify": [
        "Động vật",
        "Động vật có dây sống",
        "Chim",
        "Bộ Bồ câu",
        "Họ Bồ câu",
        "Turtur",
        "Loài"
    ],
    "description": "Turtur tympanistria là một loài chim trong họ Columbidae. ",
    "first_img": "https://upload.wikimedia.org/wikipedia/commons/e/eb/Status_iucn3.1_LC_vi.svg/220px-Status_iucn3.1_LC_vi.svg.png",
    "content": ""
}