{
    "title": "Charadrius asiaticus",
    "url": "https://vi.wikipedia.org/wiki/Charadrius_asiaticus",
    "classify": [
        "Động vật",
        "Động vật có dây sống",
        "Chim",
        "Bộ Choi choi",
        "Họ Choi choi",
        "Charadrius",
        "Loài"
    ],
    "description": "Charadrius asiaticus là một loài chim trong họ Charadriidae. ",
    "first_img": "https://upload.wikimedia.org/wikipedia/commons/3/3a/Charadrius_asiaticus.jpg",
    "content": ""
}