{
    "title": "Cabassous centralis",
    "url": "https://vi.wikipedia.org/wiki/Cabassous_centralis",
    "classify": [
        "Động vật",
        "Động vật có dây sống",
        "Lớp Thú",
        "Bộ Thú có mai",
        "Dasypodidae",
        "Cabassous",
        "Loài"
    ],
    "description": "Cabassous centralis là một loài động vật có vú trong họ Dasypodidae, bộ Cingulata. Loài này được Miller mô tả năm 1899. ",
    "first_img": "https://upload.wikimedia.org/wikipedia/commons/3/33/Cabassous_centralis_%28Miller%2C_1899%29_head_from_side.png",
    "content": ""
}