{
    "title": "Eumyias albicaudatus",
    "url": "https://vi.wikipedia.org/wiki/Eumyias_albicaudatus",
    "classify": [
        "Động vật",
        "Động vật có dây sống",
        "Chim",
        "Bộ Sẻ",
        "Họ Đớp ruồi",
        "Eumyias",
        "Loài"
    ],
    "description": "Eumyias albicaudatus là một loài chim trong họ Muscicapidae. ",
    "first_img": "https://upload.wikimedia.org/wikipedia/commons/b/b1/Nilgiri_Flycatcher_by_N.A._Naseer.jpg",
    "content": ""
}