{
    "title": "Gà gô Siberia",
    "url": "https://vi.wikipedia.org/wiki/G%C3%A0_g%C3%B4_Siberia",
    "classify": [
        "Sinh vật nhân thực",
        "Động vật",
        "Động vật có dây sống",
        "Chim",
        "Galliformes",
        "Họ Trĩ",
        "Tetraoninae (trang không tồn tại)",
        "Daniel Giraud Elliot (trang không tồn tại)"
    ],
    "description": "Gà gô Siberia (Falcipennis falcipennis) là một loài chim trong họ Họ Trĩ. ",
    "first_img": "https://upload.wikimedia.org/wikipedia/commons/6/66/Falcipennis_falcipennis_displaying.jpg",
    "content": ""
}