{
    "title": "Chân bơi",
    "url": "https://vi.wikipedia.org/wiki/Ch%C3%A2n_b%C6%A1i",
    "classify": [
        "Động vật",
        "Động vật có dây sống",
        "Chim",
        "Bộ Sếu",
        "Heliornithidae",
        "Richard Bowdler Sharpe (trang không tồn tại)",
        "Loài"
    ],
    "description": "Chân bơi (danh pháp hai phần: Heliopais personatus) là một loài chim nước thuộc chi đơn loài Heliopais, họ Chân bơi, sinh sống ở các vùng đất ngập nước trong và đục ở Đông Nam Á. Loài này sinh sóng ở các khu vực đầm lầy, rừng đước, rừng ngập lụt, xa vẳn cây gỗ, rừng. Chúng ăn các loài động vật không xương sống thủy sinh, bao gồm ấu trùng và con trưởng thành phù du, chuồn chuồn, động vật giáp xác, ốc, cá và động vật lưỡng cư.",
    "first_img": "https://upload.wikimedia.org/wikipedia/commons/2/21/Masked_Finfoot.jpg",
    "content": ""
}