{
    "title": "Taccocua leschenaultii",
    "url": "https://vi.wikipedia.org/wiki/Taccocua_leschenaultii",
    "classify": [
        "Sinh vật nhân thực",
        "Động vật",
        "Động vật có dây sống",
        "Chim",
        "Cuculiformes",
        "Cuculidae",
        "Rene Primevere Lesson (trang không tồn tại)"
    ],
    "description": "Taccocua leschenaultii là một loài chim trong họ Cuculidae. ",
    "first_img": "https://upload.wikimedia.org/wikipedia/commons/f/f6/Sirkeer_Malkoha.jpg",
    "content": ""
}