{
    "title": "Sẻ đồng đầu đỏ",
    "url": "https://vi.wikipedia.org/wiki/S%E1%BA%BB_%C4%91%E1%BB%93ng_%C4%91%E1%BA%A7u_%C4%91%E1%BB%8F",
    "classify": [
        "Động vật",
        "Động vật có dây sống",
        "Chim",
        "Bộ Sẻ",
        "Họ Sẻ đồng",
        "Emberiza",
        "Loài"
    ],
    "description": "Emberiza bruniceps là một loài chim trong họ Emberizidae. ",
    "first_img": "https://upload.wikimedia.org/wikipedia/commons/9/95/Emberiza_bruniceps.jpg",
    "content": ""
}