{
    "title": "Dacnis cayana",
    "url": "https://vi.wikipedia.org/wiki/Dacnis_cayana",
    "classify": [
        "Động vật",
        "Động vật có dây sống",
        "Chim",
        "Bộ Sẻ",
        "Thraupidae",
        "Dacnis",
        "Loài"
    ],
    "description": "Dacnis cayana là một loài chim trong họ Thraupidae. ",
    "first_img": "https://upload.wikimedia.org/wikipedia/commons/e/ee/SA%C3%8D-AZUL_macho_%28Dacnis_cayana%29.jpg",
    "content": ""
}