{
    "title": "Buteo nitidus",
    "url": "https://vi.wikipedia.org/wiki/Buteo_nitidus",
    "classify": [
        "Động vật",
        "Động vật có dây sống",
        "Chim",
        "Bộ Ưng",
        "Họ Ưng",
        "Buteo",
        "Loài"
    ],
    "description": "Buteo nitidus là một loài chim trong họ Accipitridae. ",
    "first_img": "https://upload.wikimedia.org/wikipedia/commons/f/f3/Buteo_nitidus%3B_buse_cendr%C3%A9e.jpg",
    "content": ""
}