{
    "title": "Sẻ đồng Nilgiri",
    "url": "https://vi.wikipedia.org/wiki/S%E1%BA%BB_%C4%91%E1%BB%93ng_Nilgiri",
    "classify": [
        "Sinh vật nhân thực",
        "Động vật",
        "Động vật có dây sống",
        "Chim",
        "Bộ Sẻ",
        "Họ Chìa vôi",
        "Anthus"
    ],
    "description": "Anthus nilghiriensis là một loài chim trong họ Motacillidae. Đây là loài đặc hữu ở các đồi cao nam Ấn Độ. Chúng có màu nâu đậm hơn các loài trong chi khác ở khu vực, chúng không di cư và thường bay xuống các cây thấp hơn khi bị quấy rầy. Thân dài khoảng 12,6-14 cm. ",
    "first_img": "https://upload.wikimedia.org/wikipedia/commons/2/2f/Nilgir_Pipit_%28Anthus_nilghiriensis%29_18-Apr-2007_12-12-32_PM.JPG",
    "content": ""
}