{
    "title": "Chèo chẹo lớn",
    "url": "https://vi.wikipedia.org/wiki/Ch%C3%A8o_ch%E1%BA%B9o_l%E1%BB%9Bn",
    "classify": [
        "Động vật",
        "Động vật có dây sống",
        "Chim",
        "Bộ Cu cu",
        "Họ Cu cu",
        "Hierococcyx",
        "Loài"
    ],
    "description": "Hierococcyx sparverioides là một loài chim trong họ Cuculidae. Loài chim này được tìm thấy ở Bangladesh, Bhutan, Campuchia, Trung Quốc, Ấn Độ, Indonesia, Lào, Malaysia, Myanmar, Nepal, Pakistan, Philippines, Singapore, Đài Loan, Thái Lan, và Việt Nam. Chún lang thang đến đảo Giáng Sinh. ",
    "first_img": "https://upload.wikimedia.org/wikipedia/commons/4/4c/Cuculus_varius2.jpg",
    "content": ""
}