{
    "title": "Vanellus leucurus",
    "url": "https://vi.wikipedia.org/wiki/Vanellus_leucurus",
    "classify": [
        "Động vật",
        "Động vật có dây sống",
        "Chim",
        "Bộ Choi choi",
        "Họ Choi choi",
        "Vanellus",
        "Loài"
    ],
    "description": "Vanellus leucurus là một loài chim trong họ Charadriidae. ",
    "first_img": "https://upload.wikimedia.org/wikipedia/commons/e/eb/Status_iucn3.1_LC_vi.svg/220px-Status_iucn3.1_LC_vi.svg.png",
    "content": ""
}