{
    "title": "Trĩ lam",
    "url": "https://vi.wikipedia.org/wiki/Tr%C4%A9_lam",
    "classify": [
        "Sinh vật nhân thực",
        "Động vật",
        "Động vật có dây sống",
        "Chim",
        "Galliformes",
        "Họ Trĩ",
        "Crossoptilon"
    ],
    "description": "Trĩ lam (tên khoa học Crossoptilon auritum) là một loài chim trong họ Phasianidae. ",
    "first_img": "https://upload.wikimedia.org/wikipedia/commons/f/f0/Stavenn_Crossoptilon_auritum_00.jpg",
    "content": ""
}