{
    "title": "Merops albicollis",
    "url": "https://vi.wikipedia.org/wiki/Merops_albicollis",
    "classify": [
        "Sinh vật nhân thực",
        "Động vật",
        "Động vật có dây sống",
        "Chim",
        "Coraciiformes",
        "Meropidae",
        "Merops"
    ],
    "description": "Merops albicollis là một loài chim trong họ Meropidae. Loài chim ăn ong này sinh sản ở vùng bán sa mạc dọc theo rìa phía nam của Sahara, Châu Phi. Chúng là loài di cư, trú đông trong một môi trường sống hoàn toàn khác trong các khu rừng mưa xích đạo ở châu Phi từ miền nam Sénégal đến Uganda. ",
    "first_img": "https://upload.wikimedia.org/wikipedia/commons/a/a0/White-throated_Bee-eater_-_Kenya_S4E4811_%2822024142954%29.jpg",
    "content": ""
}