{
    "title": "Riccordia ricordii",
    "url": "https://vi.wikipedia.org/wiki/Riccordia_ricordii",
    "classify": [
        "Sinh vật nhân thực",
        "Động vật",
        "Động vật có dây sống",
        "Chim",
        "Strisores",
        "Bộ Yến",
        "Họ Chim ruồi",
        "Riccordia (trang không tồn tại)"
    ],
    "description": "Riccordia ricordii là một loài chim trong họ Trochilidae. ",
    "first_img": "https://upload.wikimedia.org/wikipedia/commons/c/c3/Cuban_emerald_%28Chlorostilbon_ricordii_ricordii%29_male_cr.jpg",
    "content": ""
}