{
    "title": "Eremophila bilopha",
    "url": "https://vi.wikipedia.org/wiki/Eremophila_bilopha",
    "classify": [
        "Động vật",
        "Động vật có dây sống",
        "Chim",
        "Bộ Sẻ",
        "Họ Sơn ca",
        "Eremophila",
        "Loài"
    ],
    "description": "Eremophila bilopha là một loài chim trong họ Alaudidae. ",
    "first_img": "https://upload.wikimedia.org/wikipedia/commons/3/3b/Eremophila_bilopha_1838.jpg",
    "content": ""
}