{
    "title": "Gavicalis virescens",
    "url": "https://vi.wikipedia.org/wiki/Gavicalis_virescens",
    "classify": [
        "Động vật",
        "Động vật có dây sống",
        "Chim",
        "Bộ Sẻ",
        "Meliphagidae",
        "Gavicalis (trang không tồn tại)",
        "Loài"
    ],
    "description": "Gavicalis virescens là một loài chim trong họ Meliphagidae. ",
    "first_img": "https://upload.wikimedia.org/wikipedia/commons/3/36/Singing_Honeyeater_%285113414347%29.jpg",
    "content": ""
}