{
    "title": "Sả vằn",
    "url": "https://vi.wikipedia.org/wiki/S%E1%BA%A3_v%E1%BA%B1n",
    "classify": [
        "Động vật",
        "Động vật có dây sống",
        "Chim",
        "Bộ Sả",
        "Họ Sả",
        "Ludwig Reichenbach (trang không tồn tại)",
        "Loài"
    ],
    "description": "Sả vằn (tên khoa học Lacedo pulchella) là loài chim thuộc chi đơn loài Lacedo, trong họ Bồng chanh (Alcedinidae) (có tài liệu xếp vào họ Sả (Halcyonidae). Loài chi này phân bố ở các khu rừng thấp nhiệt đới tại Myanmar, Thái Lan, Campuchia, Việt Nam, Lào, Malaysia, Sumatra, Java và Brunei. Loài này đã tuyệt chủng tại Singapore. ",
    "first_img": "https://upload.wikimedia.org/wikipedia/commons/d/de/Banded_Kingfisher_%28Male%29.jpg",
    "content": "Phân loài Sả vằn có chiều dài thân 20 cm. Có ba phân loài:"
}