{
    "title": "Chrysuronia oenone",
    "url": "https://vi.wikipedia.org/wiki/Chrysuronia_oenone",
    "classify": [
        "Động vật",
        "Động vật có dây sống",
        "Chim",
        "Bộ Yến",
        "Họ Chim ruồi",
        "Charles Lucien Bonaparte (trang không tồn tại)",
        "Loài"
    ],
    "description": "Chrysuronia oenone là một loài chim trong họ Chim ruồi. ",
    "first_img": "https://upload.wikimedia.org/wikipedia/commons/f/f8/Colibr%C3%AD_Cola_de_Oro_%28Golden-tailed_Sapphire_Hummingbird%29.jpg",
    "content": ""
}