{
    "title": "Claravis pretiosa",
    "url": "https://vi.wikipedia.org/wiki/Claravis_pretiosa",
    "classify": [
        "Động vật",
        "Động vật có dây sống",
        "Chim",
        "Bộ Bồ câu",
        "Họ Bồ câu",
        "Claravis",
        "Loài"
    ],
    "description": "Claravis pretiosa là một loài chim trong họ Columbidae. ",
    "first_img": "https://upload.wikimedia.org/wikipedia/commons/d/dc/Blue_Ground-dove_2496236152.jpg",
    "content": ""
}