{
    "title": "Aratinga auricapillus",
    "url": "https://vi.wikipedia.org/wiki/Aratinga_auricapillus",
    "classify": [
        "Động vật",
        "Động vật có dây sống",
        "Chim",
        "Bộ Vẹt",
        "Họ Vẹt",
        "Aratinga",
        "Loài"
    ],
    "description": "Aratinga auricapillus là một loài chim trong họ Psittacidae. ",
    "first_img": "https://upload.wikimedia.org/wikipedia/commons/2/25/Aratinga_auricapilla_%28Wroclaw_zoo%29-1.JPG",
    "content": ""
}