{
    "title": "Volatinia jacarina",
    "url": "https://vi.wikipedia.org/wiki/Volatinia_jacarina",
    "classify": [
        "Động vật",
        "Động vật có dây sống",
        "Chim",
        "Bộ Sẻ",
        "Thraupidae",
        "Ludwig Reichenbach (trang không tồn tại)",
        "Loài"
    ],
    "description": "Volatinia jacarina là một loài chim trong họ Thraupidae. ",
    "first_img": "https://upload.wikimedia.org/wikipedia/commons/4/41/Tiziu.jpg",
    "content": ""
}