{
    "title": "Dô nách xám",
    "url": "https://vi.wikipedia.org/wiki/D%C3%B4_n%C3%A1ch_x%C3%A1m",
    "classify": [
        "Động vật",
        "Động vật có dây sống",
        "Chim",
        "Bộ Choi choi",
        "Glareolidae",
        "Glareola",
        "Loài"
    ],
    "description": "Glareola lactea là một loài chim trong họ Glareolidae. ",
    "first_img": "https://upload.wikimedia.org/wikipedia/commons/7/79/Small_pranticole.jpg",
    "content": ""
}