{
    "title": "Crax alberti",
    "url": "https://vi.wikipedia.org/wiki/Crax_alberti",
    "classify": [
        "Động vật",
        "Động vật có dây sống",
        "Chim",
        "Bộ Gà",
        "Cracidae",
        "Crax",
        "Loài"
    ],
    "description": "Crax alberti là một loài chim trong họ Cracidae. Loài này chỉ được tìm thấy ở Colombia; các khu vực nằm ở phía nam và phía đông giáp với sông Magdalena. Môi trường sống tự nhiên của chúng là rừng ẩm vùng đất thấp nhiệt đới hoặc cận nhiệt đới. Nó bị đe dọa do mất môi trường sống. ",
    "first_img": "https://upload.wikimedia.org/wikipedia/commons/9/97/Crax_albertiPCCA20051227-1981B.jpg",
    "content": ""
}