{
    "title": "Estrilda melpoda",
    "url": "https://vi.wikipedia.org/wiki/Estrilda_melpoda",
    "classify": [
        "Động vật",
        "Động vật có dây sống",
        "Chim",
        "Bộ Sẻ",
        "Họ Chim di",
        "Estrilda",
        "Loài"
    ],
    "description": "Estrilda melpoda là một loài chim trong họ Estrildidae. ",
    "first_img": "https://upload.wikimedia.org/wikipedia/commons/3/35/Bico_de_lacre_face_laranja2.jpg",
    "content": ""
}