{
    "title": "Pyrrhura picta",
    "url": "https://vi.wikipedia.org/wiki/Pyrrhura_picta",
    "classify": [
        "Động vật",
        "Động vật có dây sống",
        "Chim",
        "Bộ Vẹt",
        "Họ Vẹt",
        "Pyrrhura",
        "Loài"
    ],
    "description": "Pyrrhura picta là một loài chim trong họ Psittacidae. ",
    "first_img": "https://upload.wikimedia.org/wikipedia/commons/a/a9/Pyrrhura_picta_-_Painted_parakeet%3B_Presidente_Figueiredo%2C_Amazonas%2C_Brazil.jpg",
    "content": ""
}