{
    "title": "Tinamus tao",
    "url": "https://vi.wikipedia.org/wiki/Tinamus_tao",
    "classify": [
        "Động vật",
        "Động vật có dây sống",
        "Chim",
        "Tinamidae",
        "Tinamidae",
        "Tinamus",
        "Loài"
    ],
    "description": "Tinamus tao là một loài chim trong họ Tinamidae. ",
    "first_img": "https://upload.wikimedia.org/wikipedia/commons/8/89/Status_iucn3.1_VU_vi.svg/220px-Status_iucn3.1_VU_vi.svg.png",
    "content": ""
}