{
    "title": "Phalacrocorax fuscescens",
    "url": "https://vi.wikipedia.org/wiki/Phalacrocorax_fuscescens",
    "classify": [
        "Động vật",
        "Động vật có dây sống",
        "Chim",
        "Bộ Chim điên",
        "Họ Cốc",
        "Phalacrocorax",
        "Loài"
    ],
    "description": "Phalacrocorax fuscescens là một loài chim trong họ Cốc. Đây là loài đặc hữu Úc. Loài chim cốc này phần lớn ăn các loài cá ven biển nhỏ, chúng lặn ở độ sâu đến 12 m. Người ta đã thấy chúng bắt con cá dài đến 50 cm. Đôi khi chúng bắt cá theo đàn, rõ ràng trong một cách có tổ chức. ",
    "first_img": "https://upload.wikimedia.org/wikipedia/commons/4/41/Phalacrocorax_fuscescens_-_Derwent_River_Estuary.jpg",
    "content": "Nó được tìm thấy dọc theo phần lớn bờ biển phía nam của Úc từ miền đông Victoria đến Cape Leeuwin, Tây Úc, cũng như xung quanh bờ biển của Tasmania và các hòn đảo của eo biển Bass.Không giống như chim cốc khác được tìm thấy khắp nơi trên lục địa Úc, môi trường sống của chim cốc mặt đen duy nhất ở biển và ven biển."
}