{
    "title": "Cú gỗ châu Phi",
    "url": "https://vi.wikipedia.org/wiki/C%C3%BA_g%E1%BB%97_ch%C3%A2u_Phi",
    "classify": [
        "Động vật",
        "Động vật có dây sống",
        "Chim",
        "Bộ Cú",
        "Họ Cú mèo",
        "Strix",
        "Loài"
    ],
    "description": "Cú gỗ châu Phi, tên khoa học Strix woodfordii, là một loài chim trong họ Strigidae. ",
    "first_img": "https://upload.wikimedia.org/wikipedia/commons/c/c8/African_Wood_Owl_%28Strix_woodfordii%29_perched_on_branch.jpg",
    "content": ""
}