{
    "title": "Vịt mỏ thìa Úc",
    "url": "https://vi.wikipedia.org/wiki/V%E1%BB%8Bt_m%E1%BB%8F_th%C3%ACa_%C3%9Ac",
    "classify": [
        "Động vật",
        "Động vật có dây sống",
        "Chim",
        "Bộ Ngỗng",
        "Họ Vịt",
        "Anas"
    ],
    "description": "Vịt mỏ thìa Úc, tên khoa học Anas rhynchotis, là một loài chim trong họ Vịt. ",
    "first_img": "https://upload.wikimedia.org/wikipedia/commons/6/66/Anas-rhynchotis-variegata.jpg",
    "content": "Phân loài "
}