{
    "title": "Petrochelidon ariel",
    "url": "https://vi.wikipedia.org/wiki/Petrochelidon_ariel",
    "classify": [
        "Động vật",
        "Động vật có dây sống",
        "Chim",
        "Bộ Sẻ",
        "Họ Nhạn",
        "Petrochelidon",
        "Loài"
    ],
    "description": "Petrochelidon ariel là một loài chim trong họ Hirundinidae. ",
    "first_img": "https://upload.wikimedia.org/wikipedia/commons/e/eb/Status_iucn3.1_LC_vi.svg/220px-Status_iucn3.1_LC_vi.svg.png",
    "content": ""
}