{
    "title": "Chuột đồng sọc vằn",
    "url": "https://vi.wikipedia.org/wiki/Chu%E1%BB%99t_%C4%91%E1%BB%93ng_s%E1%BB%8Dc_v%E1%BA%B1n",
    "classify": [
        "Động vật",
        "Động vật có dây sống",
        "Lớp Thú",
        "Bộ Gặm nhấm",
        "Họ Chuột",
        "Apodemus",
        "Loài"
    ],
    "description": "Chuột đồng sọc vằn, tên khoa học Apodemus agrarius, là một loài động vật có vú trong họ Chuột, bộ Gặm nhấm. Loài này được Pallas mô tả năm 1771. ",
    "first_img": "https://upload.wikimedia.org/wikipedia/commons/e/e8/Mysz_polna2.jpg",
    "content": ""
}