{
    "title": "Puffinus lherminieri",
    "url": "https://vi.wikipedia.org/wiki/Puffinus_lherminieri",
    "classify": [
        "Động vật",
        "Động vật có dây sống",
        "Chim",
        "Bộ Hải âu",
        "Họ Hải âu",
        "Puffinus",
        "Loài"
    ],
    "description": "Puffinus lherminieri là một loài chim trong họ Procellariidae. ",
    "first_img": "https://upload.wikimedia.org/wikipedia/commons/e/eb/Status_iucn3.1_LC_vi.svg/220px-Status_iucn3.1_LC_vi.svg.png",
    "content": ""
}