{
    "title": "Anthracothorax nigricollis",
    "url": "https://vi.wikipedia.org/wiki/Anthracothorax_nigricollis",
    "classify": [
        "Động vật",
        "Động vật có dây sống",
        "Chim",
        "Bộ Yến",
        "Họ Chim ruồi",
        "Anthracothorax",
        "Loài"
    ],
    "description": "Anthracothorax nigricollis là một loài chim trong họ Trochilidae. ",
    "first_img": "https://upload.wikimedia.org/wikipedia/commons/8/8b/Anthracothorax_nigricollis_1152.jpg",
    "content": ""
}