{
    "title": "Neotoma lepida",
    "url": "https://vi.wikipedia.org/wiki/Neotoma_lepida",
    "classify": [
        "Động vật",
        "Động vật có dây sống",
        "Lớp Thú",
        "Bộ Gặm nhấm",
        "Cricetidae",
        "Neotoma",
        "Loài"
    ],
    "description": "Neotoma lepida là một loài động vật có vú trong họ Cricetidae, bộ Gặm nhấm. Loài này được Thomas mô tả năm 1893. ",
    "first_img": "https://upload.wikimedia.org/wikipedia/commons/d/d4/Desert_Packrat_%28Neotoma_lepida%29_eating_sunflower_seeds.JPG",
    "content": ""
}