{
    "title": "Calothorax lucifer",
    "url": "https://vi.wikipedia.org/wiki/Calothorax_lucifer",
    "classify": [
        "Động vật",
        "Động vật có dây sống",
        "Chim",
        "Bộ Yến",
        "Họ Chim ruồi",
        "Calothorax",
        "Loài"
    ],
    "description": "Calothorax lucifer là một loài chim trong họ Chim ruồi. ",
    "first_img": "https://upload.wikimedia.org/wikipedia/commons/a/ad/Calothorax_lucifer_1841.jpg",
    "content": ""
}