{
    "title": "Junco phaeonotus",
    "url": "https://vi.wikipedia.org/wiki/Junco_phaeonotus",
    "classify": [
        "Động vật",
        "Động vật có dây sống",
        "Chim",
        "Bộ Sẻ",
        "Họ Sẻ đồng",
        "Junco",
        "Loài"
    ],
    "description": "Junco phaeonotus là một loài chim trong họ Emberizidae. ",
    "first_img": "https://upload.wikimedia.org/wikipedia/commons/9/9b/Junco_phaeonotus_MtLemmon.jpg",
    "content": ""
}