{
    "title": "Turdus albocinctus",
    "url": "https://vi.wikipedia.org/wiki/Turdus_albocinctus",
    "classify": [
        "Động vật",
        "Động vật có dây sống",
        "Chim",
        "Bộ Sẻ",
        "Họ Hoét",
        "Turdus",
        "Loài"
    ],
    "description": "Turdus albocinctus là một loài chim trong họ Turdidae. ",
    "first_img": "https://upload.wikimedia.org/wikipedia/commons/e/eb/Status_iucn3.1_LC_vi.svg/220px-Status_iucn3.1_LC_vi.svg.png",
    "content": ""
}