{
    "title": "Amblyospiza albifrons",
    "url": "https://vi.wikipedia.org/wiki/Amblyospiza_albifrons",
    "classify": [
        "Động vật",
        "Động vật có dây sống",
        "Chim",
        "Bộ Sẻ",
        "Họ Rồng rộc",
        "1850",
        "Loài"
    ],
    "description": "Amblyospiza albifrons là một loài chim trong họ Ploceidae. ",
    "first_img": "https://upload.wikimedia.org/wikipedia/commons/b/be/Amblyospiza_albifrons_female_Rwanda.jpg",
    "content": "Phân loài Có khoảng 10 phân loài đã được ghi nhận:"
}