{
    "title": "Brotogeris jugularis",
    "url": "https://vi.wikipedia.org/wiki/Brotogeris_jugularis",
    "classify": [
        "Động vật",
        "Động vật có dây sống",
        "Chim",
        "Bộ Vẹt",
        "Họ Vẹt",
        "Brotogeris",
        "Loài"
    ],
    "description": "Brotogeris jugularis là một loài chim trong họ Psittacidae. ",
    "first_img": "https://upload.wikimedia.org/wikipedia/commons/1/11/Brotogeris_jugularis_-UCV_-Maracay_-Venezuela-8.jpg",
    "content": ""
}