{
    "title": "Emberiza sahari",
    "url": "https://vi.wikipedia.org/wiki/Emberiza_sahari",
    "classify": [
        "Động vật",
        "Động vật có dây sống",
        "Chim",
        "Bộ Sẻ",
        "Họ Sẻ đồng",
        "Emberiza",
        "Loài"
    ],
    "description": "Emberiza sahari là một loài chim trong họ Emberizidae. ",
    "first_img": "https://upload.wikimedia.org/wikipedia/commons/d/d6/Emberiza_sahari_3.jpg",
    "content": "Phân loài "
}