{
    "title": "Coua caerulea",
    "url": "https://vi.wikipedia.org/wiki/Coua_caerulea",
    "classify": [
        "Động vật",
        "Động vật có dây sống",
        "Chim",
        "Bộ Cu cu",
        "Họ Cu cu",
        "Coua",
        "Loài"
    ],
    "description": "Coua caerulea là một loài chim trong họ Cuculidae. ",
    "first_img": "https://upload.wikimedia.org/wikipedia/commons/f/fe/Coua_caerulea_%28Blauer_Seidenkuckuck_-_Blue_Coua%29_-_Weltvogelpark_Walsrode_2013-04.jpg",
    "content": ""
}