{
    "title": "Poecile lugubris",
    "url": "https://vi.wikipedia.org/wiki/Poecile_lugubris",
    "classify": [
        "Động vật",
        "Động vật có dây sống",
        "Chim",
        "Bộ Sẻ",
        "Họ Bạc má",
        "Poecile",
        "Loài"
    ],
    "description": "Poecile lugubris là một loài chim trong họ Paridae. ",
    "first_img": "https://upload.wikimedia.org/wikipedia/commons/e/eb/Status_iucn3.1_LC_vi.svg/220px-Status_iucn3.1_LC_vi.svg.png",
    "content": ""
}