{
    "title": "Đớp ruồi đầu xám",
    "url": "https://vi.wikipedia.org/wiki/%C4%90%E1%BB%9Bp_ru%E1%BB%93i_%C4%91%E1%BA%A7u_x%C3%A1m",
    "classify": [
        "Động vật",
        "Động vật có dây sống",
        "Chim",
        "Bộ Sẻ",
        "Họ Chích tiên",
        "Culicicapa",
        "Loài"
    ],
    "description": "Đớp ruồi đầu xám (danh pháp hai phần: Culicicapa ceylonensis) là một loài chim trong họ Stenostiridae. ",
    "first_img": "https://upload.wikimedia.org/wikipedia/commons/a/a9/Grey-headed_Canary-Flycatcher.jpg",
    "content": ""
}