{
    "title": "Đớp ruồi Nhật Bản",
    "url": "https://vi.wikipedia.org/wiki/%C4%90%E1%BB%9Bp_ru%E1%BB%93i_Nh%E1%BA%ADt_B%E1%BA%A3n",
    "classify": [
        "Động vật",
        "Động vật có dây sống",
        "Chim",
        "Bộ Sẻ",
        "Muscicapidae",
        "Edward Blyth",
        "Loài"
    ],
    "description": "Đớp ruồi Nhật Bản (danh pháp hai phần: Cyanoptila cyanomelana) là một loài chim di cư biết hót. Nó sinh sản tại Nhật Bản, Hàn Quốc, và trong một số khu vực ở Trung Quốc và Nga. Mùa đông ở Đông Nam Á, đặc biệt là tại Việt Nam, Campuchia, Thái Lan, Sumatra và Borneo. ",
    "first_img": "https://upload.wikimedia.org/wikipedia/commons/a/ac/Blue-and-white_Flycatcher.jpg",
    "content": ""
}