{
    "title": "Amandava subflava",
    "url": "https://vi.wikipedia.org/wiki/Amandava_subflava",
    "classify": [
        "Động vật",
        "Động vật có dây sống",
        "Chim",
        "Bộ Sẻ",
        "Họ Chim di",
        "Sporaeginthus",
        "Loài"
    ],
    "description": "Sporaeginthus subflavus là một loài chim trong họ Estrildidae. ",
    "first_img": "https://upload.wikimedia.org/wikipedia/commons/0/09/Amandava_subflava_subflava_1838.jpg",
    "content": ""
}