{
    "title": "Arremonops rufivirgatus",
    "url": "https://vi.wikipedia.org/wiki/Arremonops_rufivirgatus",
    "classify": [
        "Động vật",
        "Động vật có dây sống",
        "Chim",
        "Bộ Sẻ",
        "Họ Sẻ đồng",
        "Arremonops",
        "Loài"
    ],
    "description": "Arremonops rufivirgatus là một loài chim trong họ Emberizidae. ",
    "first_img": "https://upload.wikimedia.org/wikipedia/commons/d/da/Arremonops_rufivirgatus.jpg",
    "content": ""
}