{
    "title": "Genetta abyssinica",
    "url": "https://vi.wikipedia.org/wiki/Genetta_abyssinica",
    "classify": [
        "Động vật",
        "Động vật có dây sống",
        "Lớp Thú",
        "Bộ Ăn thịt",
        "Họ Cầy",
        "Genetta",
        "Loài"
    ],
    "description": "Genetta abyssinica là một loài động vật có vú trong họ Cầy, bộ Ăn thịt. Loài này được Rüppell mô tả năm 1836. ",
    "first_img": "https://upload.wikimedia.org/wikipedia/commons/f/fd/Neue_Wirbelthiere_zu_der_Fauna_von_Abyssinien_geh%C3%B6rig_%281835%29_Genetta_abyssinica.png",
    "content": ""
}