{
    "title": "Chèo bẻo rừng",
    "url": "https://vi.wikipedia.org/wiki/Ch%C3%A8o_b%E1%BA%BBo_r%E1%BB%ABng",
    "classify": [
        "Động vật",
        "Động vật có dây sống",
        "Chim",
        "Bộ Sẻ",
        "Dicruridae",
        "Dicrurus",
        "Loài"
    ],
    "description": "Chèo bẻo rừng, tên khoa học Dicrurus aeneus là một loài chim trong họ Dicruridae. ",
    "first_img": "https://upload.wikimedia.org/wikipedia/commons/0/06/Bronzed_Drongo_I_IMG_1682.jpg",
    "content": ""
}