{
    "title": "Tử anh",
    "url": "https://vi.wikipedia.org/wiki/T%E1%BB%AD_anh",
    "classify": [
        "Động vật",
        "Động vật có dây sống",
        "Chim",
        "Bộ Sẻ",
        "Họ Vàng anh",
        "Oriolus",
        "Loài"
    ],
    "description": "Tử anh (danh pháp hai phần: Oriolus traillii) là loài chim thuộc họ Vàng anh. Chim tử anh có ở Bangladesh, Bhutan, Campuchia, Trung Quốc, Pakistan, Ấn Độ, Lào, Myanmar, Nepal, Đài Loan, Thái Lan và Việt Nam. Môi trường sống tự nhiên là các khu rừng ẩm nhiệt đới và cận nhiệt đới. ",
    "first_img": "https://upload.wikimedia.org/wikipedia/commons/6/61/Maroon_oriole_-_Bird_from_Nepal_by_Krishna_%28107%29_-_cropped.jpg",
    "content": ""
}