{
    "title": "Sẻ ngô đất Hume",
    "url": "https://vi.wikipedia.org/wiki/S%E1%BA%BB_ng%C3%B4_%C4%91%E1%BA%A5t_Hume",
    "classify": [
        "Sinh vật nhân thực",
        "Động vật",
        "Động vật có dây sống",
        "Chim",
        "Bộ Sẻ",
        "Họ Bạc má",
        "Harald von Freiherr Loudon (trang không tồn tại)"
    ],
    "description": "Sẻ ngô đất Hume, còn gọi là Sẻ ngô đất Tây Tạng, tên khoa học Pseudopodoces humilis, là một loài chim trong họ Paridae. ",
    "first_img": "https://upload.wikimedia.org/wikipedia/commons/6/68/Ground_Tit_north_Sikkim_India_16.10.2019.jpg",
    "content": ""
}