{
    "title": "Mai hoa lửa châu Phi",
    "url": "https://vi.wikipedia.org/wiki/Mai_hoa_l%E1%BB%ADa_ch%C3%A2u_Phi",
    "classify": [
        "Động vật",
        "Động vật có dây sống",
        "Chim",
        "Bộ Sẻ",
        "Họ Chim di",
        "Lagonosticta",
        "Loài"
    ],
    "description": "Mai hoa lửa châu Phi, tên khoa học Lagonosticta rubricata, là một loài chim trong họ Estrildidae. Loài này hiện diện ở nhiều nơi ở Châu Phi. Chúng có phạm vi xuất hiện toàn cầu ước tính là 5.400.000 km2. ",
    "first_img": "https://upload.wikimedia.org/wikipedia/commons/8/87/Mwagusi_firefinch.jpg",
    "content": "Mai hoa lửa châu Phi được mô tả chính thức vào năm 1823 bởi nhà tự nhiên học người Đức Hinrich Lichtenstein. Ông đặt nó cùng với loài chim sẻ trong chi Fringilla và đặt ra tên kép Fringilla rubricata. Lichtenstein đặt địa phương này là terra Caffrorum."
}