{
    "title": "Lagothrix lagotricha",
    "url": "https://vi.wikipedia.org/wiki/Lagothrix_lagotricha",
    "classify": [
        "Động vật",
        "Động vật có dây sống",
        "Lớp Thú",
        "Bộ Linh trưởng",
        "Atelidae",
        "Lagothrix",
        "Loài"
    ],
    "description": "Lagothrix lagotricha là một loài động vật có vú trong họ Atelidae, bộ Linh trưởng. Loài này được Humboldt mô tả năm 1812. ",
    "first_img": "https://upload.wikimedia.org/wikipedia/commons/2/22/Lagothrix_lagotricha_%28male%29.jpg",
    "content": ""
}