{
    "title": "Francolinus sephaena",
    "url": "https://vi.wikipedia.org/wiki/Francolinus_sephaena",
    "classify": [
        "Động vật",
        "Động vật có dây sống",
        "Chim",
        "Bộ Gà",
        "Họ Trĩ",
        "Francolinus",
        "Loài"
    ],
    "description": "Francolinus sephaena là một loài chim trong họ Phasianidae. ",
    "first_img": "https://upload.wikimedia.org/wikipedia/commons/4/47/Crested_Francolin_RWD.jpg",
    "content": ""
}