{
    "title": "Garrulus lanceolatus",
    "url": "https://vi.wikipedia.org/wiki/Garrulus_lanceolatus",
    "classify": [
        "Động vật",
        "Động vật có dây sống",
        "Chim",
        "Bộ Sẻ",
        "Họ Quạ",
        "Garrulus",
        "Loài"
    ],
    "description": "Garrulus lanceolatus là một loài chim trong họ Corvidae. ",
    "first_img": "https://upload.wikimedia.org/wikipedia/commons/3/3e/Black_headed_Jay_Iw_IMG_3202.jpg",
    "content": ""
}