{
    "title": "Mỏ to lưng đỏ",
    "url": "https://vi.wikipedia.org/wiki/M%E1%BB%8F_to_l%C6%B0ng_%C4%91%E1%BB%8F",
    "classify": [
        "Động vật",
        "Động vật có dây sống",
        "Chim",
        "Bộ Sẻ",
        "Họ Sẻ thông",
        "Carpodacus",
        "Loài"
    ],
    "description": "Carpodacus sipahi là một loài chim trong họ Fringillidae. ",
    "first_img": "https://upload.wikimedia.org/wikipedia/commons/4/4d/Scarlet_Finch_%2823870224557%29.jpg",
    "content": ""
}