{
    "title": "Aepypodius arfakianus",
    "url": "https://vi.wikipedia.org/wiki/Aepypodius_arfakianus",
    "classify": [
        "Động vật",
        "Động vật có dây sống",
        "Chim",
        "Bộ Gà",
        "Megapodiidae",
        "Aepypodius",
        "Loài"
    ],
    "description": "Aepypodius arfakianus là một loài chim trong họ Megapodiidae. ",
    "first_img": "https://upload.wikimedia.org/wikipedia/commons/2/25/Aepypodius_arfakianus_-Artis_Zoo%2C_Amsterdam%2C_Netherlands-8a.jpg",
    "content": ""
}