{
    "title": "Te te châu Phi",
    "url": "https://vi.wikipedia.org/wiki/Te_te_ch%C3%A2u_Phi",
    "classify": [
        "Động vật",
        "Động vật có dây sống",
        "Chim",
        "Bộ Choi choi",
        "Họ Choi choi",
        "Vanellus",
        "Loài"
    ],
    "description": "Afribyx senegallus (Linnaeus, 1766) ",
    "first_img": "https://upload.wikimedia.org/wikipedia/commons/a/a6/Wattled_Plover_Mara_edit3.jpg",
    "content": "Te te châu Phi, tên khoa học Vanellus senegallus, là một loài chim trong họ Charadriidae."
}