{
    "title": "Phân loại động vật có xương sống (Young, 1962)",
    "url": "https://vi.wikipedia.org/wiki/Ph%C3%A2n_lo%E1%BA%A1i_%C4%91%E1%BB%99ng_v%E1%BA%ADt_c%C3%B3_x%C6%B0%C6%A1ng_s%E1%BB%91ng_(Young,_1962)",
    "classify": [],
    "description": "Phân loại học động vật có xương sống' được trình bày bởi John Zachary Young trong quyển sách The Life of Vertebrates (1962) là hệ thống phân loại tập trung vào nhóm động vật này. ",
    "first_img": "",
    "content": "Ngành Chordata "
}