{
    "title": "Chrysococcyx klaas",
    "url": "https://vi.wikipedia.org/wiki/Chrysococcyx_klaas",
    "classify": [
        "Động vật",
        "Động vật có dây sống",
        "Chim",
        "Bộ Cu cu",
        "Họ Cu cu",
        "Chrysococcyx",
        "Loài"
    ],
    "description": "Chrysococcyx klaas là một loài chim trong họ Cuculidae. ",
    "first_img": "https://upload.wikimedia.org/wikipedia/commons/7/72/Klaas%27s_Cuckoo_%28Chrysococcyx_klaas%29.jpg",
    "content": ""
}