{
    "title": "Arctocebus calabarensis",
    "url": "https://vi.wikipedia.org/wiki/Arctocebus_calabarensis",
    "classify": [
        "Động vật",
        "Động vật có dây sống",
        "Lớp Thú",
        "Bộ Linh trưởng",
        "Họ Cu li",
        "Arctocebus",
        "Loài"
    ],
    "description": "Arctocebus calabarensis là một loài động vật có vú trong họ Lorisidae, bộ Linh trưởng. Loài này được J. A. Smith mô tả năm 1860. ",
    "first_img": "https://upload.wikimedia.org/wikipedia/commons/2/2b/ArctocebusCalabarensisWolf.jpg",
    "content": ""
}