{
    "title": "Ploceus melanocephalus",
    "url": "https://vi.wikipedia.org/wiki/Ploceus_melanocephalus",
    "classify": [
        "Động vật",
        "Động vật có dây sống",
        "Chim",
        "Bộ Sẻ",
        "Họ Rồng rộc",
        "Ploceus",
        "Loài"
    ],
    "description": "Ploceus melanocephalus là một loài chim trong họ Ploceidae. ",
    "first_img": "https://upload.wikimedia.org/wikipedia/commons/8/85/Ploceus_melanocephalus.jpg",
    "content": ""
}