{
    "title": "Fringilla teydea",
    "url": "https://vi.wikipedia.org/wiki/Fringilla_teydea",
    "classify": [
        "Động vật",
        "Động vật có dây sống",
        "Chim",
        "Bộ Sẻ",
        "Họ Sẻ thông",
        "Fringilla",
        "Loài"
    ],
    "description": "Fringilla teydea là một loài chim trong họ Fringillidae. Nó là biểu tượng động vật của đảo Tenerife. ",
    "first_img": "https://upload.wikimedia.org/wikipedia/commons/e/e4/Teidefink.jpg",
    "content": ""
}