{
    "title": "Northiella haematogaster",
    "url": "https://vi.wikipedia.org/wiki/Northiella_haematogaster",
    "classify": [
        "Động vật",
        "Động vật có dây sống",
        "Chim",
        "Bộ Vẹt",
        "Họ Vẹt",
        "Gregory Mathews (trang không tồn tại)",
        "Loài"
    ],
    "description": "Northiella haematogaster là một loài chim trong họ Psittacidae. ",
    "first_img": "https://upload.wikimedia.org/wikipedia/commons/6/67/Bluebonnet-front.jpg",
    "content": ""
}