{
    "title": "Nyctibius aethereus",
    "url": "https://vi.wikipedia.org/wiki/Nyctibius_aethereus",
    "classify": [
        "Động vật",
        "Động vật có dây sống",
        "Chim",
        "Bộ Cú muỗi",
        "Nyctibiidae",
        "Nyctibiidae",
        "Loài"
    ],
    "description": "Nyctibius aethereus là một loài chim trong họ Nyctibiidae. ",
    "first_img": "https://upload.wikimedia.org/wikipedia/commons/e/eb/Status_iucn3.1_LC_vi.svg/220px-Status_iucn3.1_LC_vi.svg.png",
    "content": ""
}