{
    "title": "Mỏ rộng châu Phi",
    "url": "https://vi.wikipedia.org/wiki/M%E1%BB%8F_r%E1%BB%99ng_ch%C3%A2u_Phi",
    "classify": [
        "Động vật",
        "Động vật có dây sống",
        "Chim",
        "Bộ Sẻ",
        "Phân bộ Chim cận biết hót",
        "Cận bộ Mỏ rộng",
        "Calyptomenidae",
        "Smithornis",
        "Loài"
    ],
    "description": "Mỏ rộng châu Phi (danh pháp khoa học: Smithornis capensis) là một loài chim trong họ Eurylaimidae, nhưng có thể sẽ được chuyển qua họ Mỏ rộng lục (Calyptomenidae), một khi họ này được công nhận. ",
    "first_img": "https://upload.wikimedia.org/wikipedia/commons/5/5a/African_broadbill%2C_Smithornis_capensis.jpg",
    "content": ""
}