{
    "title": "Lophocebus albigena",
    "url": "https://vi.wikipedia.org/wiki/Lophocebus_albigena",
    "classify": [
        "Động vật",
        "Động vật có dây sống",
        "Lớp Thú",
        "Bộ Linh trưởng",
        "Cercopithecidae",
        "Lophocebus",
        "Loài"
    ],
    "description": "Lophocebus albigena là một loài động vật có vú trong họ Cercopithecidae, bộ Linh trưởng. Loài này được Gray mô tả năm 1850. ",
    "first_img": "https://upload.wikimedia.org/wikipedia/commons/8/88/PresbytesAlbigenaWolf.jpg",
    "content": ""
}