{
    "title": "Gà nước Allen",
    "url": "https://vi.wikipedia.org/wiki/G%C3%A0_n%C6%B0%E1%BB%9Bc_Allen",
    "classify": [
        "Động vật",
        "Động vật có dây sống",
        "Chim",
        "Bộ Sếu",
        "Họ Gà nước",
        "Porphyrio",
        "Loài"
    ],
    "description": "Gà nước Allen, tên khoa học Porphyrio alleni, là một loài chim trong họ Gà nước (Rallidae). ",
    "first_img": "https://upload.wikimedia.org/wikipedia/commons/6/65/Porphyrio_alleni_Martien_Brand.jpg",
    "content": ""
}