{
    "title": "Nhàn bụng đen",
    "url": "https://vi.wikipedia.org/wiki/Nh%C3%A0n_b%E1%BB%A5ng_%C4%91en",
    "classify": [
        "Động vật",
        "Động vật có dây sống",
        "Chim",
        "Bộ Choi choi",
        "Mòng biển",
        "Sterna",
        "Loài"
    ],
    "description": "Sterna acuticauda là một loài chim trong họ Laridae. ",
    "first_img": "https://upload.wikimedia.org/wikipedia/commons/7/70/Status_iucn3.1_EN_vi.svg/220px-Status_iucn3.1_EN_vi.svg.png",
    "content": ""
}