{
    "title": "Cú vọ phương Bắc",
    "url": "https://vi.wikipedia.org/wiki/C%C3%BA_v%E1%BB%8D_ph%C6%B0%C6%A1ng_B%E1%BA%AFc",
    "classify": [
        "Động vật",
        "Động vật có dây sống",
        "Chim",
        "Bộ Cú",
        "Họ Cú mèo",
        "Ninox",
        "Loài"
    ],
    "description": "Cú vọ phương Bắc (danh pháp hai phần: Ninox japonica) là một loài chim trong họ Strigidae. Cú vọ phương Bắc được tìm thấy ở miền đông nước Nga (Ussuriland), Bắc Triều Tiên, Hàn Quốc, miền bắc và miền trung Trung Quốc và Nhật Bản. ",
    "first_img": "https://upload.wikimedia.org/wikipedia/commons/2/29/Ninox_japonica%2C_Japan.jpg",
    "content": ""
}