{
    "title": "Phàn tước mũ lửa",
    "url": "https://vi.wikipedia.org/wiki/Ph%C3%A0n_t%C6%B0%E1%BB%9Bc_m%C5%A9_l%E1%BB%ADa",
    "classify": [
        "Động vật",
        "Động vật có dây sống",
        "Chim",
        "Bộ Sẻ",
        "Paridae",
        "Charles Lucien Bonaparte (trang không tồn tại)",
        "Loài"
    ],
    "description": "Cephalopyrus flammiceps là một loài chim trong họ Paridae. ",
    "first_img": "https://upload.wikimedia.org/wikipedia/commons/5/55/AegithalusFlammicepsGould.jpg",
    "content": ""
}