{
    "title": "Phường chèo nâu mày trắng",
    "url": "https://vi.wikipedia.org/wiki/Ph%C6%B0%E1%BB%9Dng_ch%C3%A8o_n%C3%A2u_m%C3%A0y_tr%E1%BA%AFng",
    "classify": [
        "Động vật",
        "Động vật có dây sống",
        "Chim",
        "Bộ Sẻ",
        "Vangidae",
        "Tephrodornis",
        "Loài"
    ],
    "description": "Phường chèo nâu mày trắng (danh pháp khoa học: Tephrodornis pondicerianus) là một loài chim trong họ Vangidae. ",
    "first_img": "https://upload.wikimedia.org/wikipedia/commons/5/5f/Common_Woodshrike_%28Tephrodornis_pondicerianus%29_Photograph_By_Shantanu_Kuveskar.jpg",
    "content": ""
}