{
    "title": "Cercartetus lepidus",
    "url": "https://vi.wikipedia.org/wiki/Cercartetus_lepidus",
    "classify": [
        "Động vật",
        "Động vật có dây sống",
        "Lớp Thú",
        "Bộ Hai răng cửa",
        "Burramyidae",
        "Cercartetus",
        "Loài"
    ],
    "description": "Cercartetus lepidus là một loài động vật có vú trong họ Burramyidae, bộ Hai răng cửa. Loài này được Thomas mô tả năm 1888. ",
    "first_img": "https://upload.wikimedia.org/wikipedia/commons/7/7c/Specimen_C_27907_Cercartetus_lepidus.jpg",
    "content": ""
}