{
    "title": "Phướn lớn",
    "url": "https://vi.wikipedia.org/wiki/Ph%C6%B0%E1%BB%9Bn_l%E1%BB%9Bn",
    "classify": [
        "Sinh vật nhân thực",
        "Động vật",
        "Động vật có dây sống",
        "Chim",
        "Cuculiformes",
        "Cuculidae",
        "Phaenicophaeus"
    ],
    "description": "Phướn lớn (danh pháp hai phần: Phaenicophaeus tristis) là một loài chim trong họ Cuculidae. ",
    "first_img": "https://upload.wikimedia.org/wikipedia/commons/4/4c/Green_billed_Malkoha_%28Nepal%29.jpg",
    "content": ""
}