{
    "title": "Columba janthina",
    "url": "https://vi.wikipedia.org/wiki/Columba_janthina",
    "classify": [
        "Động vật",
        "Động vật có dây sống",
        "Chim",
        "Bộ Bồ câu",
        "Họ Bồ câu",
        "Columba",
        "Loài"
    ],
    "description": "Columba janthina là một loài chim trong họ Columbidae. ",
    "first_img": "https://upload.wikimedia.org/wikipedia/commons/9/9c/Columba_janthina.JPG",
    "content": ""
}