{
    "title": "Caprimulgus ruficollis",
    "url": "https://vi.wikipedia.org/wiki/Caprimulgus_ruficollis",
    "classify": [
        "Động vật",
        "Động vật có dây sống",
        "Chim",
        "Bộ Cú muỗi",
        "Caprimulgidae",
        "Caprimulgus",
        "Loài"
    ],
    "description": "Caprimulgus ruficollis là một loài chim trong họ Caprimulgidae. ",
    "first_img": "https://upload.wikimedia.org/wikipedia/commons/f/f3/Caprimulgus_ruficollis.jpg",
    "content": ""
}