{
    "title": "Ficedula nigrorufa",
    "url": "https://vi.wikipedia.org/wiki/Ficedula_nigrorufa",
    "classify": [
        "Động vật",
        "Động vật có dây sống",
        "Chim",
        "Bộ Sẻ",
        "Họ Đớp ruồi",
        "Ficedula",
        "Loài"
    ],
    "description": "Ficedula nigrorufa là một loài chim trong họ Muscicapidae. ",
    "first_img": "https://upload.wikimedia.org/wikipedia/commons/8/87/Ficedulanigrorufa.svg/280px-Ficedulanigrorufa.svg.png",
    "content": ""
}