{
    "title": "Chim sâu lưng đỏ",
    "url": "https://vi.wikipedia.org/wiki/Chim_s%C3%A2u_l%C6%B0ng_%C4%91%E1%BB%8F",
    "classify": [
        "Sinh vật nhân thực",
        "Động vật",
        "Động vật có dây sống",
        "Chim",
        "Bộ Sẻ",
        "Họ Chim sâu",
        "Dicaeum"
    ],
    "description": "Chim sâu lưng đỏ (danh pháp hai phần: Dicaeum cruentatum) là loài chim thuộc họ Chim sâu. Loài này có ở Bangladesh, Bhutan, Brunei, Campuchia, Trung Quốc, Ấn Độ, Indonesia, Lào, Malaysia, Myanma, Nepal, Singapore, Thái Lan và Việt Nam. Môi trường sống tự nhiên là các khu rừng ẩm thấp nhiệt đới và cận nhiệt đới. ",
    "first_img": "https://upload.wikimedia.org/wikipedia/commons/9/90/Scarlet-backed_flowerpecker.jpg",
    "content": ""
}