{
    "title": "Microhierax erythrogenys",
    "url": "https://vi.wikipedia.org/wiki/Microhierax_erythrogenys",
    "classify": [
        "Động vật",
        "Động vật có dây sống",
        "Chim",
        "Bộ Cắt",
        "Họ Cắt",
        "Microhierax",
        "Loài"
    ],
    "description": "Microhierax erythrogenys là một loài chim trong họ Falconidae. ",
    "first_img": "https://upload.wikimedia.org/wikipedia/commons/7/77/Microhierax_erythrogenys.jpg",
    "content": ""
}