{
    "title": "Quiscalus nicaraguensis",
    "url": "https://vi.wikipedia.org/wiki/Quiscalus_nicaraguensis",
    "classify": [
        "Động vật",
        "Động vật có dây sống",
        "Chim",
        "Bộ Sẻ",
        "Icteridae",
        "Quiscalus",
        "Loài"
    ],
    "description": "Quiscalus nicaraguensis là một loài chim trong họ Icteridae. ",
    "first_img": "https://upload.wikimedia.org/wikipedia/commons/e/eb/Status_iucn3.1_LC_vi.svg/220px-Status_iucn3.1_LC_vi.svg.png",
    "content": ""
}