{
    "title": "Acrocephalus melanopogon",
    "url": "https://vi.wikipedia.org/wiki/Acrocephalus_melanopogon",
    "classify": [
        "Động vật",
        "Động vật có dây sống",
        "Chim",
        "Bộ Sẻ",
        "Họ Chích",
        "Acrocephalus",
        "Loài"
    ],
    "description": "Acrocephalus melanopogon là một loài chim trong họ Acrocephalidae. ",
    "first_img": "https://upload.wikimedia.org/wikipedia/commons/a/ae/Acrocephalus_melanopogon_1838.jpg",
    "content": ""
}