{
    "title": "Phường chèo đỏ lớn",
    "url": "https://vi.wikipedia.org/wiki/Ph%C6%B0%E1%BB%9Dng_ch%C3%A8o_%C4%91%E1%BB%8F_l%E1%BB%9Bn",
    "classify": [
        "Động vật",
        "Động vật có dây sống",
        "Chim",
        "Bộ Sẻ",
        "Campephagidae",
        "Pericrocotus",
        "Loài"
    ],
    "description": "Phường chèo đỏ lớn (danh pháp khoa học: Pericrocotus flammeus) hay phường chèo hồng là một loài chim trong họ Phường chèo. Phường chèo đỏ lớn được tìm thấy trong ở nam châu Á nhiệt đới từ tiểu lục địa Ấn Độ đến nam Trung Hoa, Indonesia, Philippines. Chúng là loài sinh sản định cư phổ biến ở rừng và khu vực đồi. Con trống của phần lớn các phân loài có màu từ đỏ tươi đến vàng với trên lưng màu đen, con mái thường có màu vàng với phía trên màu ô liu hơi xám. ",
    "first_img": "https://upload.wikimedia.org/wikipedia/commons/0/00/Pericrocotus_flammeus_-Sri_Lanka_-female-8a.jpg",
    "content": ""
}