{
    "title": "Microcarbo africanus",
    "url": "https://vi.wikipedia.org/wiki/Microcarbo_africanus",
    "classify": [
        "Động vật",
        "Động vật có dây sống",
        "Chim",
        "Bộ Chim điên",
        "Họ Cốc",
        "Microcarbo",
        "Loài"
    ],
    "description": "Phalacrocorax africanus Plotus nanus ",
    "first_img": "https://upload.wikimedia.org/wikipedia/commons/c/cc/Flickr_-_Rainbirder_-_Long-tailed_Cormorant_%28Phalacrocorax_africanus%29.jpg",
    "content": "Microcarbo africanus là một loài chim trong họ Phalacrocoracidae."
}