{
    "title": "Otolemur garnettii",
    "url": "https://vi.wikipedia.org/wiki/Otolemur_garnettii",
    "classify": [
        "Động vật",
        "Động vật có dây sống",
        "Lớp Thú",
        "Bộ Linh trưởng",
        "Galagidae",
        "Otolemur",
        "Loài"
    ],
    "description": "Otolemur garnettii là một loài động vật có vú trong họ Galagidae, bộ Linh trưởng. Loài này được Ogilby mô tả năm 1838. ",
    "first_img": "https://upload.wikimedia.org/wikipedia/commons/d/de/Garnett%27s_Galago_%28Greater_Bushbaby%29.jpg",
    "content": ""
}