{
    "title": "Leptosittaca branickii",
    "url": "https://vi.wikipedia.org/wiki/Leptosittaca_branickii",
    "classify": [
        "Động vật",
        "Động vật có dây sống",
        "Chim",
        "Bộ Vẹt",
        "Họ Vẹt",
        "Leptosittaca",
        "Loài"
    ],
    "description": "Leptosittaca branickii là một loài chim trong họ Psittacidae. ",
    "first_img": "https://upload.wikimedia.org/wikipedia/commons/8/89/Status_iucn3.1_VU_vi.svg/220px-Status_iucn3.1_VU_vi.svg.png",
    "content": ""
}