{
    "title": "Patagioenas flavirostris",
    "url": "https://vi.wikipedia.org/wiki/Patagioenas_flavirostris",
    "classify": [
        "Động vật",
        "Động vật có dây sống",
        "Chim",
        "Bộ Bồ câu",
        "Họ Bồ câu",
        "Patagioenas",
        "Loài"
    ],
    "description": "Patagioenas flavirostris là một loài chim trong họ Columbidae. ",
    "first_img": "https://upload.wikimedia.org/wikipedia/commons/e/eb/Status_iucn3.1_LC_vi.svg/220px-Status_iucn3.1_LC_vi.svg.png",
    "content": ""
}