{
    "title": "Cú muỗi Ấn Độ",
    "url": "https://vi.wikipedia.org/wiki/C%C3%BA_mu%E1%BB%97i_%E1%BA%A4n_%C4%90%E1%BB%99",
    "classify": [
        "Động vật",
        "Động vật có dây sống",
        "Chim",
        "Bộ Cú muỗi",
        "Caprimulgidae",
        "Caprimulgus",
        "Loài"
    ],
    "description": "Cú muỗi Ấn Độ (tên khoa học: Caprimulgus indicus) là một loài chim trong họ Caprimulgidae. ",
    "first_img": "https://upload.wikimedia.org/wikipedia/commons/e/ee/CaprimulgusIndicus3.jpg",
    "content": ""
}