{
    "title": "Galbula ruficauda",
    "url": "https://vi.wikipedia.org/wiki/Galbula_ruficauda",
    "classify": [
        "Động vật",
        "Động vật có dây sống",
        "Chim",
        "Galbuliformes (trang không tồn tại)",
        "Galbulidae",
        "Galbula",
        "Loài"
    ],
    "description": "Galbula ruficauda là một loài chim trong họ Galbulidae. ",
    "first_img": "https://upload.wikimedia.org/wikipedia/commons/6/6b/Galbula_ruficauda_-_front.jpg",
    "content": ""
}