{
    "title": "Forpus xanthops",
    "url": "https://vi.wikipedia.org/wiki/Forpus_xanthops",
    "classify": [
        "Động vật",
        "Động vật có dây sống",
        "Chim",
        "Bộ Vẹt",
        "Họ Vẹt",
        "Forpus",
        "Loài"
    ],
    "description": "Forpus xanthops là một loài chim trong họ Psittacidae. ",
    "first_img": "https://upload.wikimedia.org/wikipedia/commons/3/30/Forpus_xanthops_-AFA_show_bird-8a.jpg",
    "content": ""
}