{
    "title": "Pyrrhura cruentata",
    "url": "https://vi.wikipedia.org/wiki/Pyrrhura_cruentata",
    "classify": [
        "Động vật",
        "Động vật có dây sống",
        "Chim",
        "Bộ Vẹt",
        "Họ Vẹt",
        "Pyrrhura",
        "Loài"
    ],
    "description": "| range_map =  }} Pyrrhura cruentata là một loài chim trong họ Psittacidae. Pyrrhura cruentata trước đây phổ biến khắp nhiều phía đông nam Bahia, Espírito Santo, phía đông Minas Gerais và Rio de Janeiro, Brazil. Phân phối hiện tại của nó là rất phân tán và bây giờ chủ yếu hạn chế trong các khu vực bảo tồn cô lập. ",
    "first_img": "https://upload.wikimedia.org/wikipedia/commons/f/ff/Pyrrhura_cruentata_-two_perching-8a.jpg",
    "content": ""
}