{
    "title": "Thỏ rừng Tehuantepec",
    "url": "https://vi.wikipedia.org/wiki/Th%E1%BB%8F_r%E1%BB%ABng_Tehuantepec",
    "classify": [
        "Động vật",
        "Động vật có dây sống",
        "Lớp Thú",
        "Bộ Thỏ",
        "Leporidae",
        "Lepus",
        "Loài"
    ],
    "description": "Lepus flavigularis là một loài động vật có vú trong họ Leporidae, bộ Thỏ. Loài này được Wagner mô tả năm 1844. ",
    "first_img": "https://upload.wikimedia.org/wikipedia/commons/c/cf/Lepus_flavigularis.jpg",
    "content": ""
}