{
    "title": "Chích ô liu miền tây",
    "url": "https://vi.wikipedia.org/wiki/Ch%C3%ADch_%C3%B4_liu_mi%E1%BB%81n_t%C3%A2y",
    "classify": [
        "Động vật",
        "Động vật có dây sống",
        "Chim",
        "Bộ Sẻ",
        "Họ Chích",
        "Iduna",
        "Loài"
    ],
    "description": "Chích ô liu miền tây, tên khoa học Iduna pallida, là một loài chim trong họ Acrocephalidae. ",
    "first_img": "https://upload.wikimedia.org/wikipedia/commons/4/49/Hippolais_pallida_Akko_Israel_2.jpg",
    "content": ""
}