{
    "title": "Perdicula manipurensis",
    "url": "https://vi.wikipedia.org/wiki/Perdicula_manipurensis",
    "classify": [
        "Động vật",
        "Động vật có dây sống",
        "Chim",
        "Bộ Gà",
        "Họ Trĩ",
        "Perdicula",
        "Loài"
    ],
    "description": "Perdicula manipurensis là một loài chim trong họ Phasianidae. ",
    "first_img": "https://upload.wikimedia.org/wikipedia/commons/7/70/Status_iucn3.1_EN_vi.svg/220px-Status_iucn3.1_EN_vi.svg.png",
    "content": ""
}