{
    "title": "Dama",
    "url": "https://vi.wikipedia.org/wiki/Dama",
    "classify": [
        "Động vật",
        "Động vật có dây sống",
        "Lớp Thú",
        "Bộ Guốc chẵn",
        "Họ Hươu nai"
    ],
    "description": "Dama là một chi động vật có vú trong họ Hươu nai, bộ Guốc chẵn. Chi này được Frisch miêu tả năm 1775. Loài điển hình của chi này là Cervus dama Linnaeus, 1758. ",
    "first_img": "https://upload.wikimedia.org/wikipedia/commons/1/1d/Persian_Fallow_Deer_1.jpg",
    "content": "Các loài Chi này gồm các loài:"
}