{
    "title": "Dicrurus caerulescens",
    "url": "https://vi.wikipedia.org/wiki/Dicrurus_caerulescens",
    "classify": [
        "Động vật",
        "Động vật có dây sống",
        "Chim",
        "Bộ Sẻ",
        "Dicruridae",
        "Dicrurus",
        "Loài"
    ],
    "description": "Lanius caerulescens L., 1758 Balicassius caerulescens (L., 1758) ",
    "first_img": "https://upload.wikimedia.org/wikipedia/commons/e/ed/Dicrurus_caerulescens_1.jpg",
    "content": "Dicrurus caerulescens là một loài chim trong họ Dicruridae.Phân loài "
}