{
    "title": "Cu gáy Adamawa",
    "url": "https://vi.wikipedia.org/wiki/Cu_g%C3%A1y_Adamawa",
    "classify": [
        "Động vật",
        "Động vật có dây sống",
        "Chim",
        "Bộ Bồ câu",
        "Họ Bồ câu",
        "Streptopelia",
        "Loài"
    ],
    "description": "Cu gáy Adamawa, tên khoa học Streptopelia hypopyrrha, là một loài chim trong họ Columbidae. ",
    "first_img": "https://upload.wikimedia.org/wikipedia/commons/0/0f/Adamawa_Turtle-dove_%28Streptopelia_hypopyrrha%29_on_branch.jpg",
    "content": ""
}