{
    "title": "Cu cu ngọc bích châu Phi",
    "url": "https://vi.wikipedia.org/wiki/Cu_cu_ng%E1%BB%8Dc_b%C3%ADch_ch%C3%A2u_Phi",
    "classify": [
        "Động vật",
        "Động vật có dây sống",
        "Chim",
        "Bộ Cu cu",
        "Họ Cu cu",
        "Chrysococcyx",
        "Loài"
    ],
    "description": "Cu cu ngọc bích châu Phi, tên khoa học Chrysococcyx cupreus, là một loài chim trong họ Cuculidae. Chúng được Shaw phân loại vào năm 1792. ",
    "first_img": "https://upload.wikimedia.org/wikipedia/commons/d/d2/African_emerald_cuckoo_%28Chrysococcyx_cupreus%29_in_tree.jpg",
    "content": ""
}