{
    "title": "Sẻ đồng mào",
    "url": "https://vi.wikipedia.org/wiki/S%E1%BA%BB_%C4%91%E1%BB%93ng_m%C3%A0o",
    "classify": [
        "Động vật",
        "Động vật có dây sống",
        "Chim",
        "Bộ Sẻ",
        "Họ Sẻ đồng",
        "Chi Sẻ đồng",
        "Loài"
    ],
    "description": "Sẻ đồng mào, tên khoa học Melophus lathami, là một loài chim trong họ Emberizidae. Chúng được tìm thấy ở Bangladesh, Bhutan, Trung Quốc, Ấn Độ, Lào, Burma, Nepal, Pakistan, Thái Lan và Việt Nam. ",
    "first_img": "https://upload.wikimedia.org/wikipedia/commons/1/1d/Crested_Bunting.JPG",
    "content": ""
}