{
    "title": "Giẻ cùi vàng",
    "url": "https://vi.wikipedia.org/wiki/Gi%E1%BA%BB_c%C3%B9i_v%C3%A0ng",
    "classify": [
        "Động vật",
        "Động vật có dây sống",
        "Chim",
        "Bộ Sẻ",
        "Họ Quạ",
        "Urocissa",
        "Loài"
    ],
    "description": "Urocissa whiteheadi là một loài chim trong họ Corvidae. ",
    "first_img": "https://upload.wikimedia.org/wikipedia/commons/5/52/Urocissa_whiteheadi_illustration_2.jpg",
    "content": ""
}