{
    "title": "Antechinus stuartii",
    "url": "https://vi.wikipedia.org/wiki/Antechinus_stuartii",
    "classify": [
        "Động vật",
        "Động vật có dây sống",
        "Lớp Thú",
        "Dasyuromorphia",
        "Dasyuridae",
        "Antechinus",
        "Loài"
    ],
    "description": "Antechinus stuartii là một loài động vật có vú trong họ Dasyuridae, bộ Dasyuromorphia. Loài này được Macleay mô tả năm 1841. ",
    "first_img": "https://upload.wikimedia.org/wikipedia/commons/d/d9/Brown_Antechinus.jpg",
    "content": ""
}