{
    "title": "Charadrius pecuarius",
    "url": "https://vi.wikipedia.org/wiki/Charadrius_pecuarius",
    "classify": [
        "Động vật",
        "Động vật có dây sống",
        "Chim",
        "Bộ Choi choi",
        "Họ Choi choi",
        "Charadrius",
        "Loài"
    ],
    "description": "Charadrius pecuarius là một loài chim trong họ Charadriidae. ",
    "first_img": "https://upload.wikimedia.org/wikipedia/commons/c/c8/Charadrius_pecuarius1.jpg",
    "content": ""
}