{
    "title": "Pterodroma feae",
    "url": "https://vi.wikipedia.org/wiki/Pterodroma_feae",
    "classify": [
        "Động vật",
        "Động vật có dây sống",
        "Chim",
        "Bộ Hải âu",
        "Họ Hải âu",
        "Pterodroma",
        "Loài"
    ],
    "description": "Pterodroma feae là một loài chim trong họ Procellariidae. Trước đây, loài này được coi là một phân loài của loài hải âu lông mềm (P. mollis), nhưng chúng thực sự không có quan hệ họ hàng gần. Tuy nhiên, P. feae có quan hệ rất gần với hải âu Zino và hải âu Desertas, hai loài khác gần đây được tách ra từ P. mollis.  Loài này được đặt theo tên của nhà động vật học người Ý Leonardo Fea (1852-1903).  ",
    "first_img": "https://upload.wikimedia.org/wikipedia/commons/3/3d/Feas_Petrel_From_The_Crossley_ID_Guide_Eastern_Birds.jpg",
    "content": ""
}