{
    "title": "Toxostoma crissale",
    "url": "https://vi.wikipedia.org/wiki/Toxostoma_crissale",
    "classify": [
        "Động vật",
        "Động vật có dây sống",
        "Chim",
        "Bộ Sẻ",
        "Mimidae",
        "Toxostoma",
        "Loài"
    ],
    "description": "Toxostoma crissale là một loài chim trong họ Mimidae. ",
    "first_img": "https://upload.wikimedia.org/wikipedia/commons/e/eb/Status_iucn3.1_LC_vi.svg/220px-Status_iucn3.1_LC_vi.svg.png",
    "content": ""
}