{
    "title": "Corvus validus",
    "url": "https://vi.wikipedia.org/wiki/Corvus_validus",
    "classify": [
        "Động vật",
        "Động vật có dây sống",
        "Chim",
        "Bộ Sẻ",
        "Họ Quạ",
        "Corvus",
        "Loài"
    ],
    "description": "Corvus validus là một loài chim trong họ Corvidae. ",
    "first_img": "https://upload.wikimedia.org/wikipedia/commons/e/eb/Status_iucn3.1_LC_vi.svg/220px-Status_iucn3.1_LC_vi.svg.png",
    "content": ""
}