{
    "title": "Gà nước vằn",
    "url": "https://vi.wikipedia.org/wiki/G%C3%A0_n%C6%B0%E1%BB%9Bc_v%E1%BA%B1n",
    "classify": [
        "Động vật",
        "Động vật có dây sống",
        "Chim",
        "Bộ Sếu",
        "Họ Gà nước",
        "Gallirallus",
        "Loài"
    ],
    "description": "Gà nước vằn (danh pháp hai phần: Gallirallus striatus) là một loài gà nước được tìm thấy ở tiểu lục địa Ấn Độ và Đông Nam Á. Gà nước vằn có đỉnh đầu hung, mặt lưng nâu thẫm có nhiều vằn lượn sóng trắng, phần dưới lưng và lông cánh sơ cấp có nhiều chấm trắng, mỗi lông đều viền nâu hơi vàng Khu vực sinh sản đã được ghi nhận từ tháng 7 ở chân núi Himalaya từ Dehradun ở phía tây. ",
    "first_img": "https://upload.wikimedia.org/wikipedia/commons/4/4e/Slaty-breasted_Rail_Gallirallus_striatus_photographed_in_Malaysia_in_2013_by_Devon_Pike.jpg",
    "content": "Loài này có các phân loài sau:"
}