{
    "title": "Thinornis novaeseelandiae",
    "url": "https://vi.wikipedia.org/wiki/Thinornis_novaeseelandiae",
    "classify": [
        "Động vật",
        "Động vật có dây sống",
        "Chim",
        "Bộ Choi choi",
        "Họ Choi choi",
        "Thinornis",
        "Loài"
    ],
    "description": "Thinornis novaeseelandiae là một loài chim trong họ Charadriidae. Đây là loài đặc hữu của New Zealand. Từng hiện diện ở tất cả xung quanh bờ biển New Zealand, nó bây giờ bị giới hạn ở một vài hòn đảo ngoài khơi. Nó là một trong những loài chim biển hiếm nhất thế giới: dân số khoảng 200 cá thể. ",
    "first_img": "https://upload.wikimedia.org/wikipedia/commons/0/01/NZ_Shore_plover_male.JPG",
    "content": ""
}