{
    "title": "Columba albitorques",
    "url": "https://vi.wikipedia.org/wiki/Columba_albitorques",
    "classify": [
        "Động vật",
        "Động vật có dây sống",
        "Chim",
        "Bộ Bồ câu",
        "Họ Bồ câu",
        "Columba",
        "Loài"
    ],
    "description": "Columba albitorques là một loài chim trong họ Columbidae. ",
    "first_img": "https://upload.wikimedia.org/wikipedia/commons/5/54/Columba_albitorques_-Ethiopia-8.jpg",
    "content": ""
}