{
    "title": "Campephilus melanoleucos",
    "url": "https://vi.wikipedia.org/wiki/Campephilus_melanoleucos",
    "classify": [
        "Động vật",
        "Động vật có dây sống",
        "Chim",
        "Bộ Gõ kiến",
        "Họ Gõ kiến",
        "Campephilus",
        "Loài"
    ],
    "description": "Campephilus melanoleucos là một loài chim trong họ Picidae. ",
    "first_img": "https://upload.wikimedia.org/wikipedia/commons/f/f4/Crimson-crestewoodpecker.jpg",
    "content": ""
}