{
    "title": "Dromococcyx phasianellus",
    "url": "https://vi.wikipedia.org/wiki/Dromococcyx_phasianellus",
    "classify": [
        "Động vật",
        "Động vật có dây sống",
        "Chim",
        "Bộ Cu cu",
        "Họ Cu cu",
        "Dromococcyx",
        "Loài"
    ],
    "description": "Dromococcyx phasianellus là một loài chim trong họ Cuculidae. ",
    "first_img": "https://upload.wikimedia.org/wikipedia/commons/f/fe/Dromococcyx_phasianellus_-_Pheasant_Cuckoo%3B_Caxias%2C_Maranh%C3%A3o%2C_Brazil.jpg",
    "content": ""
}