{
    "title": "Porzana tabuensis",
    "url": "https://vi.wikipedia.org/wiki/Porzana_tabuensis",
    "classify": [
        "Động vật",
        "Động vật có dây sống",
        "Chim",
        "Bộ Sếu",
        "Họ Gà nước",
        "Porzana",
        "Loài"
    ],
    "description": "Porzana tabuensis là một loài chim trong họ Rallidae. xuất hiện ở nhiều quốc gia trên khắp nam Thái Bình Dương. Các quốc gia này bao gồm: 'Philippines, Moluccas, New Guinea, Melanesia, Australia, Tasmania, Norfolk Island, và Tây Nam Polynesia bao gồm New Zealand ', cũng như Indonesia. ",
    "first_img": "https://upload.wikimedia.org/wikipedia/commons/c/c8/Porzana_tabuensis_-Crop.jpg",
    "content": ""
}