{
    "title": "Chloroceryle aenea",
    "url": "https://vi.wikipedia.org/wiki/Chloroceryle_aenea",
    "classify": [
        "Động vật",
        "Động vật có dây sống",
        "Chim",
        "Bộ Sả",
        "Họ Bồng chanh",
        "Chloroceryle",
        "Loài"
    ],
    "description": "Chloroceryle aenea là một loài chim trong họ Alcedinidae. ",
    "first_img": "https://upload.wikimedia.org/wikipedia/commons/5/57/Chloroceryle-aenea-001.jpg",
    "content": ""
}