{
    "title": "Khỉ rú Trung Mỹ",
    "url": "https://vi.wikipedia.org/wiki/Kh%E1%BB%89_r%C3%BA_Trung_M%E1%BB%B9",
    "classify": [
        "Động vật",
        "Động vật có dây sống",
        "Lớp Thú",
        "Bộ Linh trưởng",
        "Atelidae",
        "Alouatta",
        "Loài"
    ],
    "description": "Khỉ rú trung Mỹ, danh pháp hai phần là Alouatta pigra, là một loài động vật có vú trong họ Atelidae, bộ Linh trưởng. Loài này được Lawrence mô tả năm 1933. ",
    "first_img": "https://upload.wikimedia.org/wikipedia/commons/6/6a/Howler_monkey20020316_cropped.jpg",
    "content": ""
}