{
    "title": "Gà tiền mặt đỏ",
    "url": "https://vi.wikipedia.org/wiki/G%C3%A0_ti%E1%BB%81n_m%E1%BA%B7t_%C4%91%E1%BB%8F",
    "classify": [
        "Sinh vật nhân thực",
        "Động vật",
        "Động vật có dây sống",
        "Chim",
        "Galliformes",
        "Họ Trĩ",
        "Chi Gà tiền"
    ],
    "description": "Gà tiền mặt đỏ (Polyplectron germaini) là loài chim thuộc chi Gà tiền. Đây là loài chim cỡ trung bình, có chiều dài khoảng 60 cm, lông màu nâu sẫm, lốm đốm đen, mào ngắn màu vàng cam. Con trống và con mái có hình thể giống nhau. Con mái đuôi có 18 lông vũ, ít hơn con trống. Mỗi lứa con mái thường đẻ hai quả trứng màu trắng ngà. Đây là loài chim đặc hữu của vùng Đông Dương, phân bố ở các khu rừng khô thuộc miền nam Việt Nam và đông Campuchia.",
    "first_img": "https://upload.wikimedia.org/wikipedia/commons/8/8d/Polyplectron_germaini_-Diergaarde_Blijdorp-8.jpg",
    "content": ""
}