{
    "title": "Ixobrychus sturmii",
    "url": "https://vi.wikipedia.org/wiki/Ixobrychus_sturmii",
    "classify": [
        "Động vật",
        "Động vật có dây sống",
        "Chim",
        "Bộ Bồ nông",
        "Họ Diệc",
        "Ixobrychus",
        "Loài"
    ],
    "description": "Ixobrychus sturmii là một loài chim trong họ Diệc. ",
    "first_img": "https://upload.wikimedia.org/wikipedia/commons/e/eb/Status_iucn3.1_LC_vi.svg/220px-Status_iucn3.1_LC_vi.svg.png",
    "content": ""
}