{
    "title": "Linh dương nam Phi",
    "url": "https://vi.wikipedia.org/wiki/Linh_d%C6%B0%C6%A1ng_nam_Phi",
    "classify": [
        "Animalia",
        "Chordata",
        "Mammalia",
        "Artiodactyla",
        "Bovidae",
        "Cephalophinae",
        "Cephalophus",
        "Loài"
    ],
    "description": "Linh dương nam Phi (danh pháp hai phần: Cephalophus dorsalis) là một loài linh dương trong phân họ Cephalophinae, họ Bovidae, bộ Artiodactyla. Loài này sinh sống tại rừng rậm trải dài từ Gabon, miền nam Cameroon đến miền bắc Congo, cũng như các nước Sierra Leone, Liberia, và nhiều nơi phía nam Bờ Biển Ngà, Ghana và Bénin. Loài này cũng từng được xem là phân loài của Linh dương trung Phi. ",
    "first_img": "https://upload.wikimedia.org/wikipedia/commons/9/91/Cephalophus_dorsalis.JPG",
    "content": ""
}