{
    "title": "Crax fasciolata",
    "url": "https://vi.wikipedia.org/wiki/Crax_fasciolata",
    "classify": [
        "Động vật",
        "Động vật có dây sống",
        "Chim",
        "Bộ Gà",
        "Cracidae",
        "Crax",
        "Loài"
    ],
    "description": "Crax fasciolata là một loài chim trong họ Cracidae. Loài chim này được tìm thấy ở phía đông-trung bộ và phía nam Brazil, Paraguay, và phía đông Bolivia, và cực đông bắc Argentina, trong cerrado, pantanal, và khu vực đông nam của lưu vực Amazon. Môi trường sống tự nhiên của chúng là rừng khô nhiệt đới hoặc cận nhiệt đới và rừng ẩm vùng đất thấp nhiệt đới hoặc cận nhiệt đới. ",
    "first_img": "https://upload.wikimedia.org/wikipedia/commons/b/b2/Nacktgesichthokko_Zoo_Berlin_1.jpg",
    "content": "Phân loại Có hai phân loài được công nhận hiện tại. Một phần ba, sự quấy nhiễu Belem rất khó nắm bắt và cực kỳ nguy cấp (C. f. Pinima) gần đây đã bị chia cắt:"
}