{
    "title": "Brotogeris tirica",
    "url": "https://vi.wikipedia.org/wiki/Brotogeris_tirica",
    "classify": [
        "Động vật",
        "Động vật có dây sống",
        "Chim",
        "Bộ Vẹt",
        "Họ Vẹt",
        "Brotogeris",
        "Loài"
    ],
    "description": "Brotogeris tirica là một loài chim trong họ Psittacidae. Đây là loài đặc hữu của Brazil. Môi trường sống tự nhiên của loài vẹt này là rừng ẩm nhiệt đới hoặc cận nhiệt đới, rừng ẩm nhiệt đới hoặc cận nhiệt đới và rừng trước đây bị suy thoái nặng nề. Nó là phổ biến trong các khu vực đô thị của São Paulo và Curitiba ở Nam Brazil. ",
    "first_img": "https://upload.wikimedia.org/wikipedia/commons/f/ff/Plain_Parakeet_%28Brotogeris_tirica%29_-eating_banana-6.jpg",
    "content": ""
}