{
    "title": "Geopelia humeralis",
    "url": "https://vi.wikipedia.org/wiki/Geopelia_humeralis",
    "classify": [
        "Động vật",
        "Động vật có dây sống",
        "Chim",
        "Bộ Bồ câu",
        "Họ Bồ câu",
        "Geopelia",
        "Loài"
    ],
    "description": "Geopelia humeralis là một loài chim trong họ Columbidae. ",
    "first_img": "https://upload.wikimedia.org/wikipedia/commons/e/e5/Geopelia_Humeralis_-_Adelaide_Zoo.JPG",
    "content": ""
}