{
    "title": "Perdix dauurica",
    "url": "https://vi.wikipedia.org/wiki/Perdix_dauurica",
    "classify": [
        "Động vật",
        "Động vật có dây sống",
        "Chim",
        "Bộ Gà",
        "Họ Trĩ",
        "Perdix",
        "Loài"
    ],
    "description": "Perdix dauurica là một loài chim trong họ Phasianidae. Loài chim này sống và sinh sản trên đất nông nghiệp ở hầu khắp các ôn đới Đông Nam Á Kyrgyzstan từ đông sang Trung Quốc và Mông Cổ. Nó là một loài trên mặt đất không di cư, tạo thành đàn ngoài mùa sinh sản ",
    "first_img": "https://upload.wikimedia.org/wikipedia/commons/c/c0/PerdixBarbataWolf.jpg",
    "content": ""
}