{
    "title": "Rồng rộc đen",
    "url": "https://vi.wikipedia.org/wiki/R%E1%BB%93ng_r%E1%BB%99c_%C4%91en",
    "classify": [
        "Động vật",
        "Động vật có dây sống",
        "Chim",
        "Bộ Sẻ",
        "Họ Rồng rộc",
        "Ploceus",
        "Loài"
    ],
    "description": "Rồng rộc đen hay rồng rộc cổ đen (danh pháp khoa học: Ploceus manyar) là một loài chim trong họ Ploceidae. ",
    "first_img": "https://upload.wikimedia.org/wikipedia/commons/4/4e/Ploceus_manyar.JPG",
    "content": "Du nhập (có lẽ chủng flaviceps) vào bắc Ai Cập (châu thổ sông Nil), Saudi Arabia, UAE, Singapore và có lẽ cả Qatar và Kuwait."
}