{
    "title": "Cu rốc Đài Loan",
    "url": "https://vi.wikipedia.org/wiki/Cu_r%E1%BB%91c_%C4%90%C3%A0i_Loan",
    "classify": [
        "Động vật",
        "Động vật có dây sống",
        "Chim",
        "Bộ Gõ kiến",
        "Megalaimidae",
        "Megalaima",
        "Loài"
    ],
    "description": "Cu rốc Đài Loan, tên khoa học Megalaima nuchalis, là một loài chim trong họ Megalaimidae. Chúng là loài đặc hữu ở đảo Đài Loan. ",
    "first_img": "https://upload.wikimedia.org/wikipedia/commons/4/48/Taiwan_Barbet.jpg",
    "content": ""
}