{
    "title": "Dúi mốc nhỏ",
    "url": "https://vi.wikipedia.org/wiki/D%C3%BAi_m%E1%BB%91c_nh%E1%BB%8F",
    "classify": [
        "Động vật",
        "Động vật có dây sống",
        "Lớp Thú",
        "Bộ Gặm nhấm",
        "Họ Dúi",
        "Rhizomys",
        "Loài"
    ],
    "description": "Dúi mốc nhỏ, hay còn gọi là chuột tre Trung Hoa (danh pháp hai phần: Rhizomys sinensis) là một loài gặm nhấm trong họ Spalacidae. Loài này sinh sống ở miền nam Trung Quốc, miền bắc Myanmar, miền bắc Việt Nam và có thể có ở Lào. ",
    "first_img": "https://upload.wikimedia.org/wikipedia/commons/f/f1/Rhizomys_sinensis_-_Kunming_Natural_History_Museum_of_Zoology_-_DSC02460.JPG",
    "content": ""
}