{
    "title": "Trèo cây trán đen",
    "url": "https://vi.wikipedia.org/wiki/Tr%C3%A8o_c%C3%A2y_tr%C3%A1n_%C4%91en",
    "classify": [
        "Động vật",
        "Động vật có dây sống",
        "Chim",
        "Bộ Sẻ",
        "Họ Trèo cây",
        "Sitta",
        "Loài"
    ],
    "description": "Trèo cây trán đen, tên khoa học Sitta frontalis, là một loài chim trong họ Sittidae. Chúng có thể tìm thấy được ở Pakistan, Ấn Độ, Sri Lanka đến Trung Quốc và Indonesia. ",
    "first_img": "https://upload.wikimedia.org/wikipedia/commons/a/ad/Sitta_frontalis_-Assam_-India-8.jpg",
    "content": ""
}