{
    "title": "Gà so đen",
    "url": "https://vi.wikipedia.org/wiki/G%C3%A0_so_%C4%91en",
    "classify": [
        "Sinh vật nhân thực",
        "Động vật",
        "Động vật có dây sống",
        "Chim",
        "Galliformes",
        "Họ Trĩ",
        "Perdicinae",
        "Thomas Claverhill Jerdon (trang không tồn tại)"
    ],
    "description": "Gà so đen (Melanoperdix niger) là một loài chim trong họ Phasianidae. ",
    "first_img": "https://upload.wikimedia.org/wikipedia/commons/8/8e/Naturalis_Biodiversity_Center_-_ZMA.AVES.25872_-_Melanoperdix_niger_niger_Vigors%2C_1829_-_Phasianidae_-_skin_specimen.jpeg",
    "content": ""
}