{
    "title": "Harpagus bidentatus",
    "url": "https://vi.wikipedia.org/wiki/Harpagus_bidentatus",
    "classify": [
        "Động vật",
        "Động vật có dây sống",
        "Chim",
        "Bộ Ưng",
        "Họ Ưng",
        "Harpagus",
        "Loài"
    ],
    "description": "Harpagus bidentatus là một loài chim trong họ Accipitridae. ",
    "first_img": "https://upload.wikimedia.org/wikipedia/commons/e/eb/Status_iucn3.1_LC_vi.svg/220px-Status_iucn3.1_LC_vi.svg.png",
    "content": ""
}