{
    "title": "Ficedula subrubra",
    "url": "https://vi.wikipedia.org/wiki/Ficedula_subrubra",
    "classify": [
        "Động vật",
        "Động vật có dây sống",
        "Chim",
        "Bộ Sẻ",
        "Họ Đớp ruồi",
        "Ficedula",
        "Loài"
    ],
    "description": "Ficedula subrubra là một loài chim trong họ Muscicapidae. ",
    "first_img": "https://upload.wikimedia.org/wikipedia/commons/9/99/Bhargav_Dwaraki_Kashmiri_Flycatcher.jpg",
    "content": ""
}