{
    "title": "Phaenicophaeus pyrrhocephalus",
    "url": "https://vi.wikipedia.org/wiki/Phaenicophaeus_pyrrhocephalus",
    "classify": [
        "Sinh vật nhân thực",
        "Động vật",
        "Động vật có dây sống",
        "Chim",
        "Cuculiformes",
        "Cuculidae",
        "Phaenicophaeus"
    ],
    "description": "Phaenicophaeus pyrrhocephalus là một loài chim trong họ Cuculidae. ",
    "first_img": "https://upload.wikimedia.org/wikipedia/commons/0/0c/Red-faced_Malkoha_x.jpg",
    "content": ""
}