{
    "title": "Amazona vinacea",
    "url": "https://vi.wikipedia.org/wiki/Amazona_vinacea",
    "classify": [
        "Động vật",
        "Động vật có dây sống",
        "Chim",
        "Bộ Vẹt",
        "Họ Vẹt",
        "Amazona",
        "Loài"
    ],
    "description": "Amazona vinacea là một loài chim trong họ Psittacidae. Loài vẹt này được tìm thấy ở Uruguay, Brasil, Argentina ",
    "first_img": "https://upload.wikimedia.org/wikipedia/commons/3/3f/Amazona_vinacea_Vinaceous-breasted_Parrot%3B_Urupema%2CSanta_Catarina%2C_Brazil_%28cropped%29.jpg",
    "content": ""
}