{
    "title": "Phaethornis longirostris",
    "url": "https://vi.wikipedia.org/wiki/Phaethornis_longirostris",
    "classify": [
        "Động vật",
        "Động vật có dây sống",
        "Chim",
        "Bộ Yến",
        "Họ Chim ruồi",
        "Phaethornis",
        "Loài"
    ],
    "description": "Phaethornis longirostris là một loài chim trong họ Trochilidae. Đây là là một loài định cư sinh sản từ trung bộ Mexico về phía nam tới tây bắc Colombia, cực tây Venezuela và phía tây Ecuador. ",
    "first_img": "https://upload.wikimedia.org/wikipedia/commons/3/35/Phaethornis_longirostris.jpg",
    "content": ""
}