{
    "title": "Gallirallus calayanensis",
    "url": "https://vi.wikipedia.org/wiki/Gallirallus_calayanensis",
    "classify": [
        "Động vật",
        "Động vật có dây sống",
        "Chim",
        "Bộ Sếu",
        "Họ Gà nước",
        "Gallirallus",
        "Loài"
    ],
    "description": "Gallirallus calayanensis là một loài chim trong họ Rallidae. ",
    "first_img": "https://upload.wikimedia.org/wikipedia/commons/8/89/Status_iucn3.1_VU_vi.svg/220px-Status_iucn3.1_VU_vi.svg.png",
    "content": ""
}