{
    "title": "Taphozous nudiventris",
    "url": "https://vi.wikipedia.org/wiki/Taphozous_nudiventris",
    "classify": [
        "Động vật",
        "Động vật có dây sống",
        "Lớp Thú",
        "Bộ Dơi",
        "Emballonuridae",
        "Taphozous",
        "Loài"
    ],
    "description": "Taphozous nudiventris là một loài động vật có vú trong họ Dơi bao, bộ Dơi. Loài này được Cretzschmar mô tả năm 1830. ",
    "first_img": "https://upload.wikimedia.org/wikipedia/commons/9/9a/Taphozous_nudiventris.png",
    "content": ""
}