{
    "title": "Hoét đen cánh trắng",
    "url": "https://vi.wikipedia.org/wiki/Ho%C3%A9t_%C4%91en_c%C3%A1nh_tr%E1%BA%AFng",
    "classify": [
        "Động vật",
        "Động vật có dây sống",
        "Chim",
        "Bộ Sẻ",
        "Họ Hoét",
        "Turdus",
        "Loài"
    ],
    "description": "Turdus boulboul là một loài chim trong họ Turdidae. ",
    "first_img": "https://upload.wikimedia.org/wikipedia/commons/e/eb/Status_iucn3.1_LC_vi.svg/220px-Status_iucn3.1_LC_vi.svg.png",
    "content": ""
}