{
    "title": "Cắt đốm",
    "url": "https://vi.wikipedia.org/wiki/C%E1%BA%AFt_%C4%91%E1%BB%91m",
    "classify": [
        "Động vật",
        "Eumetazoa",
        "Động vật đối xứng hai bên",
        "Động vật miệng thứ sinh",
        "Động vật có dây sống",
        "Động vật có hộp sọ",
        "Động vật có xương sống",
        "Động vật có quai hàm",
        "Động vật bốn chân",
        "Chim",
        "Ornithothoraces (trang không tồn tại)",
        "Ornithurae (trang không tồn tại)",
        "Carinatae (trang không tồn tại)",
        "Neornithes",
        "Cận lớp Chim hàm mới",
        "Neoaves",
        "Coronaves (trang không tồn tại)",
        "Bộ Ưng",
        "Họ Cắt",
        "Chi Cắt",
        "Loài"
    ],
    "description": "Cắt đốm (danh pháp hai phần: Falco moluccensis) là một loài chim lá thuộc chi Cắt trong họ Cắt (Falconidae). Loài này phân bố khắp miền Australasia, miền Ấn Độ - Mã Lai, và hầu hết của Wallacea, chúng sinh sống các vùng đồng cỏ với cây phân tán, canh tác nhẹ cây cối rậm rạp, và các rìa rừng sơ cấp và thứ cấp cao. Dọc các tuyến đường khai thác gỗ, đôi khi thâm nhập vào rừng, và đôi khi sống ở rừng thưa. Nó cũng đã được biết đến sống trong các khu vực của nơi cư trú của con người.Cắt đốm ăn chủ yếu là động vật có vú nhỏ, chim, chủ yếu là thủy cầm và chim bồ câu, thằn lằn, và côn trùng.",
    "first_img": "https://upload.wikimedia.org/wikipedia/commons/e/eb/Status_iucn3.1_LC_vi.svg/220px-Status_iucn3.1_LC_vi.svg.png",
    "content": ""
}