{
    "title": "Bambusicola thoracicus",
    "url": "https://vi.wikipedia.org/wiki/Bambusicola_thoracicus",
    "classify": [
        "Động vật",
        "Động vật có dây sống",
        "Chim",
        "Bộ Gà",
        "Họ Trĩ",
        "Bambusicola",
        "Loài"
    ],
    "description": "Bambusicola thoracicus là một loài chim trong họ Phasianidae. Loài này sinh sống ở Trung Quốc và được nhập nội vào Nhật Bản. ",
    "first_img": "https://upload.wikimedia.org/wikipedia/commons/b/bf/Bambusicola_thoracicus1.jpg",
    "content": ""
}