{
    "title": "Pteroglossus bailloni",
    "url": "https://vi.wikipedia.org/wiki/Pteroglossus_bailloni",
    "classify": [
        "Động vật",
        "Động vật có dây sống",
        "Chim",
        "Bộ Gõ kiến",
        "Ramphastidae",
        "Pteroglossus",
        "Loài"
    ],
    "description": "Pteroglossus bailloni là một loài chim trong họ Ramphastidae. ",
    "first_img": "https://upload.wikimedia.org/wikipedia/commons/6/6f/Ara%C3%A7ari-banana_-_Pteroglossus_bailloni.jpg",
    "content": ""
}