{
    "title": "Mòng biển bồ hóng",
    "url": "https://vi.wikipedia.org/wiki/M%C3%B2ng_bi%E1%BB%83n_b%E1%BB%93_h%C3%B3ng",
    "classify": [
        "Động vật",
        "Động vật có dây sống",
        "Chim",
        "Bộ Choi choi",
        "Mòng biển",
        "Ichthyaetus",
        "Loài"
    ],
    "description": "Mòng biển đen, tên khoa học Ichthyaetus hemprichii là một loài chim trong họ Laridae. ",
    "first_img": "https://upload.wikimedia.org/wikipedia/commons/4/44/Ichthyaetus_hemprichii_Oman.jpg",
    "content": ""
}