{
    "title": "Machlolophus aplonotus",
    "url": "https://vi.wikipedia.org/wiki/Machlolophus_aplonotus",
    "classify": [
        "Sinh vật nhân thực",
        "Động vật",
        "Động vật có dây sống",
        "Chim",
        "Bộ Sẻ",
        "Họ Bạc má",
        "Machlolophus"
    ],
    "description": "Machlolophus aplonotus là một loài chim trong họ Paridae. ",
    "first_img": "https://upload.wikimedia.org/wikipedia/commons/8/88/Indian_black-lored_tit.jpg",
    "content": ""
}