{
    "title": "Cu cu Phương đông",
    "url": "https://vi.wikipedia.org/wiki/Cu_cu_Ph%C6%B0%C6%A1ng_%C4%91%C3%B4ng",
    "classify": [
        "Động vật",
        "Động vật có dây sống",
        "Chim",
        "Bộ Cu cu",
        "Họ Cu cu",
        "Chi Cu cu",
        "Loài"
    ],
    "description": "Cuculus saturatus là một loài chim trong họ Cuculidae. ",
    "first_img": "https://upload.wikimedia.org/wikipedia/commons/7/7d/Cuculus_optatus_in_Japan.jpg",
    "content": ""
}