{
    "title": "Te vàng",
    "url": "https://vi.wikipedia.org/wiki/Te_v%C3%A0ng",
    "classify": [
        "Động vật",
        "Động vật có dây sống",
        "Chim",
        "Bộ Choi choi",
        "Họ Choi choi",
        "Vanellus",
        "Loài"
    ],
    "description": "Vanellus cinereus là một loài chim trong họ Charadriidae. ",
    "first_img": "https://upload.wikimedia.org/wikipedia/commons/6/65/Vanellus_cinereus_eating.JPG",
    "content": ""
}