{
    "title": "Cinnyris pulchellus",
    "url": "https://vi.wikipedia.org/wiki/Cinnyris_pulchellus",
    "classify": [
        "Động vật",
        "Động vật có dây sống",
        "Chim",
        "Bộ Sẻ",
        "Họ Hút mật",
        "Cinnyris",
        "Loài"
    ],
    "description": "Cinnyris pulchellus là một loài chim trong họ Nectariniidae. ",
    "first_img": "https://upload.wikimedia.org/wikipedia/commons/a/ad/Cinnyris_pulchella_-Serengeti_National_Park%2C_Tanzania-8.jpg",
    "content": ""
}