{
    "title": "Amblyornis newtoniana",
    "url": "https://vi.wikipedia.org/wiki/Amblyornis_newtoniana",
    "classify": [
        "Động vật",
        "Động vật có dây sống",
        "Chim",
        "Bộ Sẻ",
        "Ptilonorhynchidae",
        "Amblyornis",
        "Loài"
    ],
    "description": "Amblyornis newtoniana là một loài chim trong họ Ptilonorhynchidae. ",
    "first_img": "https://upload.wikimedia.org/wikipedia/commons/3/37/Prionodura_newtoniana_by_Bowdler_Sharpe.jpg",
    "content": ""
}