{
    "title": "Eremopterix griseus",
    "url": "https://vi.wikipedia.org/wiki/Eremopterix_griseus",
    "classify": [
        "Động vật",
        "Động vật có dây sống",
        "Chim",
        "Bộ Sẻ",
        "Họ Sơn ca",
        "Eremopterix",
        "Loài"
    ],
    "description": "Eremopterix griseus là một loài chim trong họ Alaudidae. ",
    "first_img": "https://upload.wikimedia.org/wikipedia/commons/7/77/Ashy-crowned_Sparrow_Lark_%28Female%29_-Bharatpur_I_IMG_8487.jpg",
    "content": ""
}