{
    "title": "Buteogallus gundlachii",
    "url": "https://vi.wikipedia.org/wiki/Buteogallus_gundlachii",
    "classify": [
        "Động vật",
        "Động vật có dây sống",
        "Chim",
        "Bộ Ưng",
        "Họ Ưng",
        "Buteogallus",
        "Loài"
    ],
    "description": "Buteogallus gundlachii là một loài chim trong họ Accipitridae. ",
    "first_img": "https://upload.wikimedia.org/wikipedia/commons/1/1c/Buteogallus_gundlachii_-Camaguey_Province%2C_Cuba-8_%281%29.jpg",
    "content": ""
}