{
    "title": "Geoffroyus simplex",
    "url": "https://vi.wikipedia.org/wiki/Geoffroyus_simplex",
    "classify": [
        "Động vật",
        "Động vật có dây sống",
        "Chim",
        "Bộ Vẹt",
        "Họ Vẹt",
        "Geoffroyus",
        "Loài"
    ],
    "description": "Geoffroyus simplex là một loài chim trong họ Psittacidae. ",
    "first_img": "https://upload.wikimedia.org/wikipedia/commons/e/eb/Status_iucn3.1_LC_vi.svg/220px-Status_iucn3.1_LC_vi.svg.png",
    "content": ""
}