{
    "title": "Yến cọ",
    "url": "https://vi.wikipedia.org/wiki/Y%E1%BA%BFn_c%E1%BB%8D",
    "classify": [
        "Động vật",
        "Động vật có dây sống",
        "Chim",
        "Bộ Yến",
        "Họ Yến",
        "Cypsiurus",
        "Loài"
    ],
    "description": "Cypsiurus balasiensis là một loài chim trong họ Apodidae. ",
    "first_img": "https://upload.wikimedia.org/wikipedia/commons/f/fd/Asian_Palm_Swift_Cypsiurus_balasiensis_in_flight_02.JPG",
    "content": ""
}