{
    "title": "Gà tiền đuôi đồng",
    "url": "https://vi.wikipedia.org/wiki/G%C3%A0_ti%E1%BB%81n_%C4%91u%C3%B4i_%C4%91%E1%BB%93ng",
    "classify": [
        "Sinh vật nhân thực",
        "Động vật",
        "Động vật có dây sống",
        "Chim",
        "Galliformes",
        "Họ Trĩ",
        "Chi Gà tiền"
    ],
    "description": "Gà tiền đuôi đồng (Polyplectron chalcurum) là một loài chim trong họ Phasianidae. ",
    "first_img": "https://upload.wikimedia.org/wikipedia/commons/b/ba/Eperonnier_a_queue_bronzee_dage_0g.jpg",
    "content": ""
}