{
    "title": "Cú muỗi mỏ quặp Dulit",
    "url": "https://vi.wikipedia.org/wiki/C%C3%BA_mu%E1%BB%97i_m%E1%BB%8F_qu%E1%BA%B7p_Dulit",
    "classify": [
        "Động vật",
        "Động vật có dây sống",
        "Chim",
        "Bộ Cú muỗi",
        "Họ Cú muỗi mỏ quặp",
        "Batrachostomus",
        "Loài"
    ],
    "description": "Batrachostomus harterti là một loài chim trong họ Podargidae. ",
    "first_img": "https://upload.wikimedia.org/wikipedia/commons/2/2f/BatrachostomusHartertiKeulemans.jpg",
    "content": ""
}