{
    "title": "Lophophorus sclateri",
    "url": "https://vi.wikipedia.org/wiki/Lophophorus_sclateri",
    "classify": [
        "Động vật",
        "Động vật có dây sống",
        "Chim",
        "Bộ Gà",
        "Họ Trĩ",
        "Lophophorus",
        "Loài"
    ],
    "description": "Lophophorus sclateri là một loài chim trong họ Phasianidae. ",
    "first_img": "https://upload.wikimedia.org/wikipedia/commons/8/89/Status_iucn3.1_VU_vi.svg/220px-Status_iucn3.1_VU_vi.svg.png",
    "content": ""
}