{
    "title": "Oenanthe pleschanka",
    "url": "https://vi.wikipedia.org/wiki/Oenanthe_pleschanka",
    "classify": [
        "Động vật",
        "Động vật có dây sống",
        "Chim",
        "Bộ Sẻ",
        "Họ Đớp ruồi",
        "Oenanthe",
        "Loài"
    ],
    "description": "Oenanthe pleschanka là một loài chim trong họ Muscicapidae. ",
    "first_img": "https://upload.wikimedia.org/wikipedia/commons/e/eb/Status_iucn3.1_LC_vi.svg/220px-Status_iucn3.1_LC_vi.svg.png",
    "content": ""
}