{
    "title": "Colibri delphinae",
    "url": "https://vi.wikipedia.org/wiki/Colibri_delphinae",
    "classify": [
        "Động vật",
        "Động vật có dây sống",
        "Chim",
        "Bộ Yến",
        "Họ Chim ruồi",
        "Colibri",
        "Loài"
    ],
    "description": "Colibri delphinae là một loài chim trong họ Chim ruồi. ",
    "first_img": "https://upload.wikimedia.org/wikipedia/commons/c/c4/050305_Brown_Violet-ear_crop.jpg",
    "content": ""
}