{
    "title": "Chim chuột mặt đỏ",
    "url": "https://vi.wikipedia.org/wiki/Chim_chu%E1%BB%99t_m%E1%BA%B7t_%C4%91%E1%BB%8F",
    "classify": [
        "Động vật",
        "Động vật có dây sống",
        "Chim",
        "Bộ Chim chuột",
        "Họ Chim chuột",
        "Urocolius",
        "Loài"
    ],
    "description": "Chim chuột mặt đỏ, tên khoa học Urocolius indicus, là một loài chim trong họ Coliidae. ",
    "first_img": "https://upload.wikimedia.org/wikipedia/commons/6/6b/Red-faced_Mousebird_%28Urocolius_indicus%29_hanging_in_tree%2C_front_view.jpg",
    "content": ""
}