{
    "title": "Tìm vịt lục bảo châu Á",
    "url": "https://vi.wikipedia.org/wiki/T%C3%ACm_v%E1%BB%8Bt_l%E1%BB%A5c_b%E1%BA%A3o_ch%C3%A2u_%C3%81",
    "classify": [
        "Động vật",
        "Động vật có dây sống",
        "Chim",
        "Bộ Cu cu",
        "Họ Cu cu",
        "Chrysococcyx",
        "Loài"
    ],
    "description": "Tìm vịt lục bảo châu Á (danh pháp hai phần: Chrysococcyx maculatus) là một loài chim thuộc họ Cu cu (Cuculidae).. Nó được tìm thấy tại Bangladesh, Bhutan, Campuchia, Trung Quốc, Ấn Độ, Indonesia, Lào, Malaysia, Myanmar, Nepal, Sri Lanka, Thái Lan, và Việt Nam. Môi trường sống tự nhiên của nó là rừng đất thấp ẩm cận nhiệt đới hoặc nhiệt đới và rừng núi ẩm cận nhiệt đới hoặc nhiệt đới. ",
    "first_img": "https://upload.wikimedia.org/wikipedia/commons/d/da/Male_Asian_Emerald_Cuckoo_%28Chrysococcyx_maculatus%29_on_branch.jpg",
    "content": ""
}