{
    "title": "Tiaris olivaceus",
    "url": "https://vi.wikipedia.org/wiki/Tiaris_olivaceus",
    "classify": [
        "Động vật",
        "Động vật có dây sống",
        "Chim",
        "Bộ Sẻ",
        "Thraupidae",
        "Tiaris",
        "Loài"
    ],
    "description": "Tiaris olivaceus là một loài chim trong họ Thraupidae. ",
    "first_img": "https://upload.wikimedia.org/wikipedia/commons/e/eb/Status_iucn3.1_LC_vi.svg/220px-Status_iucn3.1_LC_vi.svg.png",
    "content": ""
}