{
    "title": "Psophocichla litsitsirupa",
    "url": "https://vi.wikipedia.org/wiki/Psophocichla_litsitsirupa",
    "classify": [
        "Động vật",
        "Động vật có dây sống",
        "Chim",
        "Bộ Sẻ",
        "Họ Hoét",
        "Jean Cabanis (trang không tồn tại)",
        "Loài"
    ],
    "description": "Psophocichla litsitsirupa là một loài chim trong họ Turdidae. Loài này sinh sống ở Đông và Nam châu Phi. ",
    "first_img": "https://upload.wikimedia.org/wikipedia/commons/c/c1/Groundscraper_Thrush_001.jpg",
    "content": ""
}