{
    "title": "Cu xanh mỏ quặp",
    "url": "https://vi.wikipedia.org/wiki/Cu_xanh_m%E1%BB%8F_qu%E1%BA%B7p",
    "classify": [
        "Sinh vật nhân thực",
        "Động vật",
        "Động vật có dây sống",
        "Chim",
        "Họ Bồ câu",
        "Họ Bồ câu",
        "Cu xanh"
    ],
    "description": "Cu xanh mỏ quặp (danh pháp hai phần: Treron curvirostra) là một loài chim trong họ Columbidae. ",
    "first_img": "https://upload.wikimedia.org/wikipedia/commons/c/c1/Thick-billed_Green_Pigeon_%28Treron_curvirostra%29.jpg",
    "content": "Phạm vi phân bố trải dài qua các khu vực phía đông của Tiểu lục địa Ấn Độ và Đông Nam Á, trải dài từ Đông Himalayas đến Borneo và Sumatra.Loài này được tìm thấy trên Bangladesh, Bhutan, Brunei, Campuchia, Hồng Kông, Ấn Độ, Indonesia, Lào, Malaysia, Myanmar, Nepal, Philippines, Singapore, Thái Lan, Tây Tạng và Việt Nam."
}