{
    "title": "Chaetodipus penicillatus",
    "url": "https://vi.wikipedia.org/wiki/Chaetodipus_penicillatus",
    "classify": [
        "Động vật",
        "Động vật có dây sống",
        "Lớp Thú",
        "Bộ Gặm nhấm",
        "Họ Chuột kangaroo (trang không tồn tại)",
        "Chaetodipus",
        "Loài"
    ],
    "description": "Chaetodipus penicillatus là một loài động vật có vú trong họ Chuột kangaroo, bộ Gặm nhấm. Loài này được Woodhouse mô tả năm 1852. ",
    "first_img": "https://upload.wikimedia.org/wikipedia/commons/9/97/Desert_pocket_mouse.jpg",
    "content": ""
}