{
    "title": "Ocreatus underwoodii",
    "url": "https://vi.wikipedia.org/wiki/Ocreatus_underwoodii",
    "classify": [
        "Động vật",
        "Động vật có dây sống",
        "Chim",
        "Bộ Yến",
        "Họ Chim ruồi",
        "John Gould (trang không tồn tại)",
        "Loài"
    ],
    "description": "Ocreatus underwoodii là một loài chim trong họ Chim ruồi. ",
    "first_img": "https://upload.wikimedia.org/wikipedia/commons/9/9a/Ocreatus_addae_%28Rufous-booted_Racket-tail%29%2C_Paucartambo%2C_Peru.jpg",
    "content": ""
}