{
    "title": "Creatophora cinerea",
    "url": "https://vi.wikipedia.org/wiki/Creatophora_cinerea",
    "classify": [
        "Động vật",
        "Động vật có dây sống",
        "Chim",
        "Bộ Sẻ",
        "Họ Sáo",
        "René Primevère Lesson (trang không tồn tại)",
        "Loài"
    ],
    "description": "Creatophora cinerea là một loài chim trong họ Sturnidae. ",
    "first_img": "https://upload.wikimedia.org/wikipedia/commons/a/a6/Wattled_Starling_2.jpg",
    "content": ""
}