{
    "title": "Sarothrura elegans",
    "url": "https://vi.wikipedia.org/wiki/Sarothrura_elegans",
    "classify": [
        "Động vật",
        "Động vật có dây sống",
        "Chim",
        "Bộ Sếu",
        "Sarothruridae",
        "Sarothrura",
        "Loài"
    ],
    "description": "Sarothrura elegans là một loài chim, từng được xếp trong họ Rallidae, nhưng gần đây được xếp trong họ Sarothruridae. ",
    "first_img": "",
    "content": ""
}