{
    "title": "Sẻ thông mỏ ngắn",
    "url": "https://vi.wikipedia.org/wiki/S%E1%BA%BB_th%C3%B4ng_m%E1%BB%8F_ng%E1%BA%AFn",
    "classify": [
        "Động vật",
        "Động vật có dây sống",
        "Chim",
        "Bộ Sẻ",
        "Họ Sẻ thông",
        "Pyrrhula",
        "Loài"
    ],
    "description": "Sẻ thông mỏ ngắn, tên khoa học: Pyrrhula nipalensis, là một loài sẻ trong Họ Sẻ thông. Chúng được Hodgson phân loại vào năm 1836. Loài này được tìm thấy ở Bhutan, Trung Quốc, Ấn Độ, Malaysia, Myanmar, Nepal, Pakistan, Đài Loan và Việt Nam. Môi trường sống của chúng là rừng ôn đới và các rừng môi sinh cận nhiệt đới và nhiệt đới. Loài sẻ này dài 16,5 cm, đầu và ngực hơi xám. Chúng ăn hạt cây thông.",
    "first_img": "https://upload.wikimedia.org/wikipedia/commons/b/b6/Pyrrhula_nipalensis.jpg",
    "content": ""
}