{
    "title": "Cyanerpes caeruleus",
    "url": "https://vi.wikipedia.org/wiki/Cyanerpes_caeruleus",
    "classify": [
        "Động vật",
        "Động vật có dây sống",
        "Chim",
        "Bộ Sẻ",
        "Thraupidae",
        "Cyanerpes",
        "Loài"
    ],
    "description": "Cyanerpes caeruleus là một loài chim trong họ Thraupidae. ",
    "first_img": "https://upload.wikimedia.org/wikipedia/commons/7/7d/Purpurnaschvogel_%28Cyanerpes_caeruleus%29_03.jpg",
    "content": ""
}