{
    "title": "Ô tác mào đỏ",
    "url": "https://vi.wikipedia.org/wiki/%C3%94_t%C3%A1c_m%C3%A0o_%C4%91%E1%BB%8F",
    "classify": [
        "Động vật",
        "Động vật có dây sống",
        "Chim",
        "Gruiformes",
        "Họ Ô tác",
        "Lophotis",
        "Loài"
    ],
    "description": "Ô tác mào đỏ (danh pháp khoa học: Lophotis ruficrista) là một loài chim trong họ Ô tác. Ô tác mào đỏ sinh sống ở in Angola, Botswana, Eswatini, Mozambique, Namibia, Nam Phi, Zambia, và Zimbabwe. ",
    "first_img": "https://upload.wikimedia.org/wikipedia/commons/a/a3/Red-crested_Bustard.jpg",
    "content": ""
}