{
    "title": "Turtur chalcospilos",
    "url": "https://vi.wikipedia.org/wiki/Turtur_chalcospilos",
    "classify": [
        "Động vật",
        "Động vật có dây sống",
        "Chim",
        "Bộ Bồ câu",
        "Họ Bồ câu",
        "Turtur",
        "Loài"
    ],
    "description": "Turtur chalcospilos là một loài chim trong họ Columbidae. ",
    "first_img": "https://upload.wikimedia.org/wikipedia/commons/5/5d/Emerald-spotted_Wood_Dove_%28Turtur_chalcospilos%29_%2831377518065%29%2C_crop.jpg",
    "content": ""
}