{
    "title": "Sóc Kavkaz",
    "url": "https://vi.wikipedia.org/wiki/S%C3%B3c_Kavkaz",
    "classify": [
        "Động vật",
        "Động vật có dây sống",
        "Lớp Thú",
        "Bộ Gặm nhấm",
        "Họ Sóc",
        "Sciurus",
        "Phân chi",
        "Loài"
    ],
    "description": "Sóc Kavkaz, tên khoa học Sciurus anomalus, là một loài động vật có vú trong họ Sóc, bộ Gặm nhấm. Loài này được Gmelin mô tả năm 1778. ",
    "first_img": "https://upload.wikimedia.org/wikipedia/commons/d/d8/Sciurus_anomalus_-_Jeita_Grotto.jpg",
    "content": ""
}