{
    "title": "Chlorestes notata",
    "url": "https://vi.wikipedia.org/wiki/Chlorestes_notata",
    "classify": [
        "Sinh vật nhân thực",
        "Động vật",
        "Động vật có dây sống",
        "Chim",
        "Strisores",
        "Bộ Yến",
        "Họ Chim ruồi",
        "Chlorestes"
    ],
    "description": "Chlorestes notata là một loài chim trong họ Chim ruồi. ",
    "first_img": "https://upload.wikimedia.org/wikipedia/commons/f/f2/Blue-chinned_sapphire_%28Chlorestes_notata_notata%29_male.jpg",
    "content": ""
}