{
    "title": "Pteroglossus castanotis",
    "url": "https://vi.wikipedia.org/wiki/Pteroglossus_castanotis",
    "classify": [
        "Động vật",
        "Động vật có dây sống",
        "Chim",
        "Bộ Gõ kiến",
        "Ramphastidae",
        "Pteroglossus",
        "Loài"
    ],
    "description": "Pteroglossus castanotis là một loài chim trong họ Ramphastidae. ",
    "first_img": "https://upload.wikimedia.org/wikipedia/commons/e/eb/Status_iucn3.1_LC_vi.svg/220px-Status_iucn3.1_LC_vi.svg.png",
    "content": ""
}