{
    "title": "Tchagra senegalus",
    "url": "https://vi.wikipedia.org/wiki/Tchagra_senegalus",
    "classify": [
        "Động vật",
        "Động vật có dây sống",
        "Chim",
        "Bộ Sẻ",
        "Malaconotidae",
        "Tchagra",
        "Loài"
    ],
    "description": "Tchagra senegalus là một loài chim trong họ Malaconotidae. ",
    "first_img": "https://upload.wikimedia.org/wikipedia/commons/6/6c/Black-crowned_Tchagra%2C_Tchagra_senegala.jpg",
    "content": ""
}