{
    "title": "Amazona festiva",
    "url": "https://vi.wikipedia.org/wiki/Amazona_festiva",
    "classify": [
        "Động vật",
        "Động vật có dây sống",
        "Chim",
        "Bộ Vẹt",
        "Họ Vẹt",
        "Amazona",
        "Loài"
    ],
    "description": "Amazona festiva là một loài chim trong họ Psittacidae. ",
    "first_img": "https://upload.wikimedia.org/wikipedia/commons/8/8e/Amazona_festiva_bodini_-Tulsa_Zoo-8a.jpg",
    "content": ""
}