{
    "title": "Galloperdix lunulata",
    "url": "https://vi.wikipedia.org/wiki/Galloperdix_lunulata",
    "classify": [
        "Động vật",
        "Động vật có dây sống",
        "Chim",
        "Bộ Gà",
        "Họ Trĩ",
        "Galloperdix",
        "Loài"
    ],
    "description": "Galloperdix lunulata là một loài chim trong họ Phasianidae. ",
    "first_img": "https://upload.wikimedia.org/wikipedia/commons/4/4e/PaintedSpurfowlMF1.JPG",
    "content": ""
}