{
    "title": "Cecropis cucullata",
    "url": "https://vi.wikipedia.org/wiki/Cecropis_cucullata",
    "classify": [
        "Động vật",
        "Động vật có dây sống",
        "Chim",
        "Bộ Sẻ",
        "Họ Nhạn",
        "Cecropis",
        "Loài"
    ],
    "description": "Cecropis cucullata là một loài chim trong họ Hirundinidae. ",
    "first_img": "https://upload.wikimedia.org/wikipedia/commons/b/b1/Cecropis-cucullata-Drakensberg.jpg",
    "content": ""
}