{
    "title": "Khỉ nhện lông mượt",
    "url": "https://vi.wikipedia.org/wiki/Kh%E1%BB%89_nh%E1%BB%87n_l%C3%B4ng_m%C6%B0%E1%BB%A3t",
    "classify": [
        "Động vật",
        "Động vật có dây sống",
        "Lớp Thú",
        "Bộ Linh trưởng",
        "Atelidae",
        "Brachyteles",
        "Loài"
    ],
    "description": "Khỉ nhện lông mượt, danh pháp hai phần là Brachyteles arachnoides, là một loài động vật có vú trong họ Atelidae, bộ Linh trưởng. Loài này được É. Geoffroy mô tả năm 1806. ",
    "first_img": "https://upload.wikimedia.org/wikipedia/commons/c/cc/Brachyteles_arachnoides.jpg",
    "content": ""
}