{
    "title": "Megapodius cumingii",
    "url": "https://vi.wikipedia.org/wiki/Megapodius_cumingii",
    "classify": [
        "Động vật",
        "Động vật có dây sống",
        "Chim",
        "Bộ Gà",
        "Megapodiidae",
        "Megapodius",
        "Loài"
    ],
    "description": "Megapodius cumingii là một loài chim trong họ Megapodiidae. Loài chim này được tìm thấy ở đông bắc Borneo, Sulawesi và Philippines. Môi trường sống tự nhiên của chúng là rừng khô nhiệt đới hoặc cận nhiệt đới, rừng ẩm vùng đất thấp nhiệt đới hoặc cận nhiệt đới và rừng núi ẩm nhiệt đới hoặc cận nhiệt đới. ",
    "first_img": "https://upload.wikimedia.org/wikipedia/commons/9/92/Megapodius_cumingii_-North_Sulawesi%2C_Indonesia-8.jpg",
    "content": ""
}