{
    "title": "Chích Sykes",
    "url": "https://vi.wikipedia.org/wiki/Ch%C3%ADch_Sykes",
    "classify": [
        "Động vật",
        "Động vật có dây sống",
        "Chim",
        "Bộ Sẻ",
        "Họ Chích",
        "Iduna",
        "Loài"
    ],
    "description": "Chích Sykes, tên khoa học Iduna rama là một loài chim trong họ Acrocephalidae. ",
    "first_img": "https://upload.wikimedia.org/wikipedia/commons/4/4d/Syke%27s_Warbler_%28Hippolais_rama%29_on_Vilaiti_Siris_%28Samanea_saman%29_in_Kolkata_W_IMG_4659.jpg",
    "content": ""
}