{
    "title": "Cầy mangut đen",
    "url": "https://vi.wikipedia.org/wiki/C%E1%BA%A7y_mangut_%C4%91en",
    "classify": [
        "Animalia",
        "Chordata",
        "Mammalia",
        "Carnivora",
        "Herpestidae",
        "Galerella",
        "Loài"
    ],
    "description": "Cầy mangut đen, tên khoa học Galerella nigrata, là một loài cầy mangut phân bố miền nam Namibia và tây nam Angola. Mặc dù ban đầu được mô tả như một loài riêng biệt bởi Thomas (1928), về sau được xem xét là một biến thể của loài  cầy magnut thon. Tuy nhiên, phân tích di truyền gần đây đã khẳng định phân loại loài riêng biệt. ",
    "first_img": "https://upload.wikimedia.org/wikipedia/commons/2/29/Black_mongoose_waterberg.jpg",
    "content": ""
}