{
    "title": "Podiceps taczanowskii",
    "url": "https://vi.wikipedia.org/wiki/Podiceps_taczanowskii",
    "classify": [
        "Động vật",
        "Động vật có dây sống",
        "Chim",
        "Họ Chim lặn",
        "Họ Chim lặn",
        "Podiceps",
        "Loài"
    ],
    "description": "Podiceps taczanowskii là một loài chim trong họ Podicipedidae. ",
    "first_img": "https://upload.wikimedia.org/wikipedia/commons/7/70/Status_iucn3.1_EN_vi.svg/220px-Status_iucn3.1_EN_vi.svg.png",
    "content": ""
}