{
    "title": "Esacus magnirostris",
    "url": "https://vi.wikipedia.org/wiki/Esacus_magnirostris",
    "classify": [
        "Động vật",
        "Động vật có dây sống",
        "Chim",
        "Bộ Choi choi",
        "Burhinidae",
        "Esacus",
        "Loài"
    ],
    "description": "Esacus magnirostris là một loài chim trong họ Burhinidae. ",
    "first_img": "https://upload.wikimedia.org/wikipedia/commons/1/16/Beach_Thick-knee_Inskip_Pt1.JPG",
    "content": ""
}