{
    "title": "Coracias spatulatus",
    "url": "https://vi.wikipedia.org/wiki/Coracias_spatulatus",
    "classify": [
        "Động vật",
        "Động vật có dây sống",
        "Chim",
        "Bộ Sả",
        "Họ Sả",
        "Coracias",
        "Loài"
    ],
    "description": "Sả đuôi vợt (danh pháp khoa học: Coracias spatulatus) là một loài chim trong họ Sả. Sả đuôi vợt được tìm thấy ở miền nam châu Phi từ Angola, đông nam Cộng hòa Dân chủ Congo và miền nam Tanzania đến bắc Botswana, Zimbabwe, Malawi và Mozambique. ",
    "first_img": "https://upload.wikimedia.org/wikipedia/commons/f/f8/Coracias_spatulatusPCCA20071227-8449B.jpg",
    "content": ""
}