{
    "title": "Cà kheo cổ đỏ",
    "url": "https://vi.wikipedia.org/wiki/C%C3%A0_kheo_c%E1%BB%95_%C4%91%E1%BB%8F",
    "classify": [
        "Động vật",
        "Động vật có dây sống",
        "Chim",
        "Bộ Choi choi",
        "Họ Cà kheo",
        "Recurvirostra",
        "Loài"
    ],
    "description": "Cà kheo cổ đỏ (danh pháp khoa học: Recurvirostra novaehollandiae) là một loài chim thuộc họ Cà kheo bản địa Úc và khá phổ biến và phân bố khắp nơi ở Úc, trừ các khu vực bờ biển đông bắc và bắc của Úc. Nó có mỏ dài công và đầu đỏ. Nó được in trên tờ con tem bưu chính năm 1966. ",
    "first_img": "https://upload.wikimedia.org/wikipedia/commons/8/85/Recurvirostra_novaehollandiae_in_flight_-_Lake_Joondalup.jpg",
    "content": ""
}