{
    "title": "Podiceps major",
    "url": "https://vi.wikipedia.org/wiki/Podiceps_major",
    "classify": [
        "Động vật",
        "Động vật có dây sống",
        "Chim",
        "Họ Chim lặn",
        "Họ Chim lặn",
        "Podiceps",
        "Loài"
    ],
    "description": "Podiceps major là một loài chim trong họ Podicipedidae. ",
    "first_img": "https://upload.wikimedia.org/wikipedia/commons/e/eb/Status_iucn3.1_LC_vi.svg/220px-Status_iucn3.1_LC_vi.svg.png",
    "content": ""
}