{
    "title": "Trĩ nâu",
    "url": "https://vi.wikipedia.org/wiki/Tr%C4%A9_n%C3%A2u",
    "classify": [
        "Sinh vật nhân thực",
        "Động vật",
        "Động vật có dây sống",
        "Chim",
        "Galliformes",
        "Họ Trĩ",
        "Crossoptilon"
    ],
    "description": "Trĩ nâu (tên khoa học Crossoptilon mantchuricum) là một loài chim trong họ Phasianidae. ",
    "first_img": "https://upload.wikimedia.org/wikipedia/commons/2/25/Crossoptilon_mantchuricum_-USA_-captive-8a.jpg",
    "content": ""
}