{
    "title": "Sóc lùn châu Phi",
    "url": "https://vi.wikipedia.org/wiki/S%C3%B3c_l%C3%B9n_ch%C3%A2u_Phi",
    "classify": [
        "Động vật",
        "Động vật có dây sống",
        "Lớp Thú",
        "Bộ Gặm nhấm",
        "Họ Sóc",
        "Loài"
    ],
    "description": "Sóc lùn châu Phi, tên khoa học Myosciurus pumilio, là một loài động vật có vú trong họ Sóc, bộ Gặm nhấm. Loài này được Le Conte mô tả năm 1857. Loài này được tìm thấy ở Cameroon, Cộng hòa Congo, Guinea Xích Đạo, và Gabon ",
    "first_img": "https://upload.wikimedia.org/wikipedia/commons/e/eb/Status_iucn3.1_LC_vi.svg/220px-Status_iucn3.1_LC_vi.svg.png",
    "content": ""
}