{
    "title": "Choắt đuôi xám",
    "url": "https://vi.wikipedia.org/wiki/Cho%E1%BA%AFt_%C4%91u%C3%B4i_x%C3%A1m",
    "classify": [
        "Động vật",
        "Động vật có dây sống",
        "Chim",
        "Bộ Choi choi",
        "Họ Dẽ",
        "Tringa",
        "Loài"
    ],
    "description": "Choắt đuôi xám (danh pháp hai phần: Tringa brevipes) là một loài chim trong họ Dẽ. Loài chim này liên quan chặt chẽ với loài bà con với nó ở Bắc Mỹ, Tringa incana và rất khó để phân biệt với các loài đó.  Loài này sinh sản ở vùng đông bắc Siberia. Sau khi sinh sản, chúng di cư đến một khu vực từ Đông Nam Á đến Úc. ",
    "first_img": "https://upload.wikimedia.org/wikipedia/commons/9/9f/Tringa_brevipes2.jpg",
    "content": ""
}