{
    "title": "Nhạn họng trắng",
    "url": "https://vi.wikipedia.org/wiki/Nh%E1%BA%A1n_h%E1%BB%8Dng_tr%E1%BA%AFng",
    "classify": [
        "Động vật",
        "Động vật có dây sống",
        "Chim",
        "Bộ Sẻ",
        "Họ Nhạn",
        "Hirundo",
        "Loài"
    ],
    "description": "Nhạn họng trắng (danh pháp hai phần: Hirundo albigularis) là một loài chim thuộc họ Nhạn. Loài này sinh sản ở miền nam châu Phi Angola và Zambia phía nam đến mũi Hảo Vọng Nam Phi Nó là chủ yếu là loài di cư, trú đông ở Angola, Zambia và miền nam Zaire. Đây là một loài chim của xứ mở và đồng cỏ, ưa thích vùng cao nguyên và các nước lân cận. Nó thường được tìm thấy xung quanh các công trình cấu trúc nhân tạo. ",
    "first_img": "https://upload.wikimedia.org/wikipedia/commons/7/73/Hirundo_albigularis_-Rietvlei_Nature_Reserve%2C_Pretoria%2C_South_Africa_-adult-8_%283%29.jpg",
    "content": ""
}