{
    "title": "Cắt bụng hung",
    "url": "https://vi.wikipedia.org/wiki/C%E1%BA%AFt_b%E1%BB%A5ng_hung",
    "classify": [
        "Động vật",
        "Eumetazoa",
        "Động vật đối xứng hai bên",
        "Động vật miệng thứ sinh",
        "Động vật có dây sống",
        "Động vật có hộp sọ",
        "Động vật có xương sống",
        "Động vật có quai hàm",
        "Động vật bốn chân",
        "Chim",
        "Ornithothoraces (trang không tồn tại)",
        "Ornithurae (trang không tồn tại)",
        "Carinatae (trang không tồn tại)",
        "Neornithes",
        "Cận lớp Chim hàm mới",
        "Neoaves",
        "Coronaves (trang không tồn tại)",
        "Bộ Ưng",
        "Họ Cắt",
        "Chi Cắt",
        "Loài"
    ],
    "description": "Cắt bụng hung (danh pháp hai phần: Falco severus) là một loài chim lá thuộc chi Cắt trong họ Cắt (Falconidae). Loài này phân bố ở phía bắc tiểu lục địa Ấn Độ, qua đông Hymalaya và xuống phía nam qua Đông Dương đến miền Australasia. Nó dài 27-30 cm.",
    "first_img": "https://upload.wikimedia.org/wikipedia/commons/3/3b/Oriental_Hobby_-_Falco_severus_-_Falco_%282526569907%29.jpg",
    "content": ""
}