{
    "title": "Spinus magellanicus",
    "url": "https://vi.wikipedia.org/wiki/Spinus_magellanicus",
    "classify": [
        "Động vật",
        "Động vật có dây sống",
        "Chim",
        "Bộ Sẻ",
        "Họ Sẻ thông",
        "Spinus",
        "Loài"
    ],
    "description": "Spinus magellanicus là một loài chim trong họ Fringillidae. ",
    "first_img": "https://upload.wikimedia.org/wikipedia/commons/e/eb/Status_iucn3.1_LC_vi.svg/220px-Status_iucn3.1_LC_vi.svg.png",
    "content": ""
}