{
    "title": "Diều Blyth",
    "url": "https://vi.wikipedia.org/wiki/Di%E1%BB%81u_Blyth",
    "classify": [
        "Động vật",
        "Động vật có dây sống",
        "Chim",
        "Bộ Ưng",
        "Họ Ưng",
        "Aquilinae (trang không tồn tại)",
        "Nisaetus",
        "Loài"
    ],
    "description": "Diều Blyth (danh pháp hai phần: Nisaetus alboniger) là một loài chim săn mồi thuộc họ Accipitridae. Loài này trước đây có danh pháp là Spizaetus alboniger Chúng sinh sống ở bán đảo Mã Lai, Singapore, Sumatra, Borneo. Nó là một loài chim ở đồng rừng thưa, dù các quần thể ở đảo thì thích rừng rậm hơn. Con mái xây tổ trên cây và đẻ một trứng. Chúng có chiều dài từ 51-58 cm.",
    "first_img": "https://upload.wikimedia.org/wikipedia/commons/e/e2/Nisaetus_alboniger_-Jurong_Bird_Park%2C_Singapore-6a.jpg",
    "content": ""
}