{
    "title": "Sẻ đồng vàng",
    "url": "https://vi.wikipedia.org/wiki/S%E1%BA%BB_%C4%91%E1%BB%93ng_v%C3%A0ng",
    "classify": [
        "Động vật",
        "Động vật có dây sống",
        "Chim",
        "Bộ Sẻ",
        "Họ Sẻ đồng",
        "Emberiza",
        "Loài"
    ],
    "description": "Sẻ đồng vàng, tên khoa học Emberiza sulphurata là một loài chim trong họ Emberizidae. Chúng được Temminck và Schlegel phân loại vào năm 1848. ",
    "first_img": "https://upload.wikimedia.org/wikipedia/commons/6/6c/Emberiza_sulphurata.jpg",
    "content": ""
}