{
    "title": "Pinaroloxias inornata",
    "url": "https://vi.wikipedia.org/wiki/Pinaroloxias_inornata",
    "classify": [
        "Động vật",
        "Động vật có dây sống",
        "Chim",
        "Bộ Sẻ",
        "Thraupidae",
        "Richard Bowdler Sharpe (trang không tồn tại)",
        "Loài"
    ],
    "description": "Pinaroloxias inornata là một loài chim trong họ Thraupidae. ",
    "first_img": "https://upload.wikimedia.org/wikipedia/commons/e/ee/Cocornis_agassizi_%3D_Pinaroloxias_inornata%2C_cocos_finch.jpg",
    "content": ""
}