{
    "title": "Chích đầu nhọn",
    "url": "https://vi.wikipedia.org/wiki/Ch%C3%ADch_%C4%91%E1%BA%A7u_nh%E1%BB%8Dn",
    "classify": [
        "Động vật",
        "Động vật có dây sống",
        "Chim",
        "Bộ Sẻ",
        "Họ Chích",
        "Acrocephalus",
        "Loài"
    ],
    "description": "Chích đầu nhọn (danh pháp khoa học: Acrocephalus stentoreus) là một loài chim trong họ Acrocephalidae. Chích đầu nhọn có phạm vi sinh sản từ Ai Cập về phía đông qua Pakistan, Afghanistan và cực bắc Ấn Độ đến nam Trung Quốc, đông nam Á và nam tới Úc. A. meridionalis là một gống đặc hữu ở Sri Lanka. ",
    "first_img": "https://upload.wikimedia.org/wikipedia/commons/6/6c/Clamorous_reed_warbler.jpg",
    "content": ""
}