{
    "title": "Scolopax mira",
    "url": "https://vi.wikipedia.org/wiki/Scolopax_mira",
    "classify": [
        "Động vật",
        "Động vật có dây sống",
        "Chim",
        "Bộ Choi choi",
        "Họ Dẽ",
        "Scolopax",
        "Loài"
    ],
    "description": "Scolopax mira là một loài chim trong họ Scolopacidae. ",
    "first_img": "https://upload.wikimedia.org/wikipedia/commons/7/70/Amami_Woodcock_Stuffed_specimen.jpg",
    "content": ""
}