{
    "title": "Cú lùn Pernambuco",
    "url": "https://vi.wikipedia.org/wiki/C%C3%BA_l%C3%B9n_Pernambuco",
    "classify": [
        "Động vật",
        "Động vật có dây sống",
        "Chim",
        "Bộ Cú",
        "Họ Cú mèo",
        "Glaucidium",
        "Loài"
    ],
    "description": "Glaucidium mooreorum là một loài chim trong họ Strigidae. ",
    "first_img": "https://upload.wikimedia.org/wikipedia/commons/d/db/Status_iucn3.1_CR_vi.svg/220px-Status_iucn3.1_CR_vi.svg.png",
    "content": ""
}