{
    "title": "Artemisiospiza belli",
    "url": "https://vi.wikipedia.org/wiki/Artemisiospiza_belli",
    "classify": [
        "Động vật",
        "Động vật có dây sống",
        "Chim",
        "Bộ Sẻ",
        "Họ Sẻ đồng",
        "Artemisiospiza",
        "Loài"
    ],
    "description": "Artemisiospiza belli là một loài chim trong họ Emberizidae. ",
    "first_img": "https://upload.wikimedia.org/wikipedia/commons/e/eb/Amphispiza_belli_nevadensis2.jpg",
    "content": ""
}