{
    "title": "Cecropis semirufa",
    "url": "https://vi.wikipedia.org/wiki/Cecropis_semirufa",
    "classify": [
        "Động vật",
        "Động vật có dây sống",
        "Chim",
        "Bộ Sẻ",
        "Họ Nhạn",
        "Cecropis",
        "Loài"
    ],
    "description": "Cecropis semirufa là một loài chim trong họ Hirundinidae. ",
    "first_img": "https://upload.wikimedia.org/wikipedia/commons/9/9f/Cecropis_semirufa_1894.jpg",
    "content": ""
}