{
    "title": "Aethopyga vigorsii",
    "url": "https://vi.wikipedia.org/wiki/Aethopyga_vigorsii",
    "classify": [
        "Động vật",
        "Động vật có dây sống",
        "Chim",
        "Bộ Sẻ",
        "Họ Hút mật",
        "Aethopyga",
        "Loài"
    ],
    "description": "Aethopyga vigorsii là một loài chim trong họ Nectariniidae. ",
    "first_img": "https://upload.wikimedia.org/wikipedia/commons/e/ee/AethopygaVigorsiiGould.jpg",
    "content": ""
}