{
    "title": "Bạch yến trán đỏ",
    "url": "https://vi.wikipedia.org/wiki/B%E1%BA%A1ch_y%E1%BA%BFn_tr%C3%A1n_%C4%91%E1%BB%8F",
    "classify": [
        "Động vật",
        "Động vật có dây sống",
        "Chim",
        "Bộ Sẻ",
        "Họ Sẻ thông",
        "Chi Bạch yến",
        "Loài"
    ],
    "description": "Bạch yến trán đỏ, hay bạch yến trán lửa, tên khoa học Serinus pusillus, là một loài chim trong họ Fringillidae. ",
    "first_img": "https://upload.wikimedia.org/wikipedia/commons/d/df/Fire-fronted_Serin.jpg",
    "content": ""
}