{
    "title": "Pterodroma macroptera",
    "url": "https://vi.wikipedia.org/wiki/Pterodroma_macroptera",
    "classify": [
        "Động vật",
        "Động vật có dây sống",
        "Chim",
        "Bộ Hải âu",
        "Họ Hải âu",
        "Pterodroma",
        "Loài"
    ],
    "description": "Pterodroma macroptera là một loài chim trong họ Procellariidae. Có hai phân loài được công nhận là P. macroptera - P. m. macroptera và P. m. gouldi, phân loài sau là loài đặc hữu của New Zealand. Loài chim này cư trú sinh sản ở Nam bán cầu giữa 30 và 50 độ Nam với đàn trên Tristan da Cunha, đảo Gough, quần đảo Crozet, quần đảo Prince Edward, quần đảo Kerguelen và trên bờ biển phía nam Australia và phía bắc New Zealand. Đây là một loài hiếm khi lang thang sang Thái Bìllnh Dương ngoài khơi bờ biển California, Hoa Kỳ. ",
    "first_img": "https://upload.wikimedia.org/wikipedia/commons/6/66/Pterodroma_macroptera_in_flight_3_-_SE_Tasmania.jpg",
    "content": ""
}