{
    "title": "Androdon aequatorialis",
    "url": "https://vi.wikipedia.org/wiki/Androdon_aequatorialis",
    "classify": [
        "Động vật",
        "Động vật có dây sống",
        "Chim",
        "Bộ Yến",
        "Họ Chim ruồi",
        "John Gould (trang không tồn tại)",
        "Loài"
    ],
    "description": "Androdon aequatorialis là một loài chim trong họ Trochilidae. Loài chim này được tìm thấy trong các khu rừng ẩm ướt ở miền tây Colombia, Tây Bắc Ecuador (phía nam tới tỉnh Pichincha), và phía đông Panama (tỉnh Darien). ",
    "first_img": "https://upload.wikimedia.org/wikipedia/commons/9/98/Androdon_aequatorialis.jpg",
    "content": ""
}