{
    "title": "Bạc má cánh trắng",
    "url": "https://vi.wikipedia.org/wiki/B%E1%BA%A1c_m%C3%A1_c%C3%A1nh_tr%E1%BA%AFng",
    "classify": [
        "Sinh vật nhân thực",
        "Động vật",
        "Động vật có dây sống",
        "Chim",
        "Bộ Sẻ",
        "Họ Bạc má",
        "Machlolophus"
    ],
    "description": "Bạc má cánh trắng hay Bạc má gáy trắng (tên khoa học Machlolophus nuchalis) là một loài chim trong họ Paridae. Bạc má cánh trắng là loài đặc hữu Ấn Độ, nơi nó được tìm thấy trong rừng cây bụi gai khô trong hai quần thể gián đoạn nhau, ở miền tây Ấn Độ và miền nam Ấn Độ. Loài này phân bố thành từng mảng gián đoạn và đã được coi là dễ bị tổn thương dẫn đến tuyệt chủng, đặc biệt là vì sự khan hiếm của môi trường sống phù hợp, đặc biệt là các hốc cây để làm tổ được tạo bởi chim gõ kiến​​.",
    "first_img": "https://upload.wikimedia.org/wikipedia/commons/6/6f/Adult_White_napped_Tit.jpg",
    "content": ""
}