{
    "title": "Phalacrocorax magellanicus",
    "url": "https://vi.wikipedia.org/wiki/Phalacrocorax_magellanicus",
    "classify": [
        "Động vật",
        "Động vật có dây sống",
        "Chim",
        "Bộ Chim điên",
        "Họ Cốc",
        "Phalacrocorax",
        "Loài"
    ],
    "description": "Phalacrocorax magellanicus là một loài chim trong họ Phalacrocoracidae. ",
    "first_img": "https://upload.wikimedia.org/wikipedia/commons/e/eb/Status_iucn3.1_LC_vi.svg/220px-Status_iucn3.1_LC_vi.svg.png",
    "content": ""
}