{
    "title": "Euplectes ardens",
    "url": "https://vi.wikipedia.org/wiki/Euplectes_ardens",
    "classify": [
        "Động vật",
        "Động vật có dây sống",
        "Chim",
        "Bộ Sẻ",
        "Họ Rồng rộc",
        "Euplectes",
        "Loài"
    ],
    "description": "Euplectes ardens là một loài chim trong họ Ploceidae. ",
    "first_img": "https://upload.wikimedia.org/wikipedia/commons/6/6d/Red-collared_Widowbird%2C_Sakania%2C_DR_Congo_%287147889925%29.jpg",
    "content": ""
}