{
    "title": "Manucodia comrii",
    "url": "https://vi.wikipedia.org/wiki/Manucodia_comrii",
    "classify": [
        "Động vật",
        "Động vật có dây sống",
        "Chim",
        "Bộ Sẻ",
        "Họ Chim thiên đường",
        "Manucodia",
        "Loài"
    ],
    "description": "Manucodia comrii là một loài chim trong họ Paradisaeidae. ",
    "first_img": "https://upload.wikimedia.org/wikipedia/commons/e/eb/Status_iucn3.1_LC_vi.svg/220px-Status_iucn3.1_LC_vi.svg.png",
    "content": ""
}