{
    "title": "Columba argentina",
    "url": "https://vi.wikipedia.org/wiki/Columba_argentina",
    "classify": [
        "Động vật",
        "Động vật có dây sống",
        "Chim",
        "Bộ Bồ câu",
        "Họ Bồ câu",
        "Columba",
        "Loài"
    ],
    "description": "Carpophaga grisea Grey, 1844 (nomen nudum) Myristicivora grisea Bonaparte, 1855 (nomen nudum) ",
    "first_img": "https://upload.wikimedia.org/wikipedia/commons/6/61/ColumbaGriseaKeulemans.jpg",
    "content": "Columba argentina là một loài chim trong họ Columbidae."
}