{
    "title": "Cò quăm xanh",
    "url": "https://vi.wikipedia.org/wiki/C%C3%B2_qu%C4%83m_xanh",
    "classify": [
        "Động vật",
        "Động vật có dây sống",
        "Chim",
        "Bộ Bồ nông",
        "Họ Cò quăm",
        "James Lee Peters (trang không tồn tại)",
        "Loài"
    ],
    "description": "Cò quăm xanh, tên khoa học Mesembrinibis cayennensis, là một loài chim trong họ Threskiornithidae. Đây là loài chim thường trú sinh sản từ Honduras qua Nicaragua, Costa Rica và Panama Tây, và Nam Mỹ đến bắc Argentina. Một số di chuyển theo mùa địa phương trong mùa khô. ",
    "first_img": "https://upload.wikimedia.org/wikipedia/commons/a/aa/Mesembrinibis_cayennensis.jpg",
    "content": ""
}