{
    "title": "Burin lớn",
    "url": "https://vi.wikipedia.org/wiki/Burin_l%E1%BB%9Bn",
    "classify": [
        "Động vật",
        "Động vật có dây sống",
        "Chim",
        "Bộ Choi choi",
        "Burhinidae",
        "Esacus",
        "Loài"
    ],
    "description": "Burin lớn (tên khoa học: Esacus recurvirostris) là một loài chim trong họ Burhinidae. ",
    "first_img": "https://upload.wikimedia.org/wikipedia/commons/7/7c/Thimindu_2009_09_27_Yala_Great_Stone_Curlew_2.JPG",
    "content": ""
}