{
    "title": "Caluromys derbianus",
    "url": "https://vi.wikipedia.org/wiki/Caluromys_derbianus",
    "classify": [
        "Động vật",
        "Động vật có dây sống",
        "Lớp Thú",
        "Didelphidae",
        "Didelphidae",
        "Caluromys",
        "Loài"
    ],
    "description": "Caluromys derbianus là một loài động vật có vú trong họ Didelphidae, bộ Didelphimorphia. Loài này được Waterhouse mô tả năm 1841. ",
    "first_img": "https://upload.wikimedia.org/wikipedia/commons/6/6e/A_hand-book_to_the_marsupialia_and_monotremata_%28Plate_XXXIV%29_%286008905790%29.jpg",
    "content": ""
}