{
    "title": "Telespiza ultima",
    "url": "https://vi.wikipedia.org/wiki/Telespiza_ultima",
    "classify": [
        "Động vật",
        "Động vật có dây sống",
        "Chim",
        "Bộ Sẻ",
        "Họ Sẻ thông",
        "Telespiza",
        "Loài"
    ],
    "description": "Telespiza ultima là một trong hai loài chim đặc hữu đảo Nihoa tại quần đảo Hawaii, loài còn lại là Acrocephalus familiaris. Quần thể trên đảo gồm 1000-3000 cá thể. Nó rất giống với loài họ hàng gần Telespiza cantans, nhưng nhỏ và ít tối màu hơn. Chế độ ăn của nó gồm trứng chim biển, động vật chân khớp nhỏ, hạt và hoa của một vài loài cây bản địa.  ",
    "first_img": "https://upload.wikimedia.org/wikipedia/commons/a/aa/NihoaFinch.jpg",
    "content": ""
}