{
    "title": "Dipodomys merriami",
    "url": "https://vi.wikipedia.org/wiki/Dipodomys_merriami",
    "classify": [
        "Động vật",
        "Động vật có dây sống",
        "Lớp Thú",
        "Bộ Gặm nhấm",
        "Họ Chuột bìu má",
        "Dipodomys",
        "Loài"
    ],
    "description": "Dipodomys merriami là một loài động vật có vú trong họ Chuột bìu má, bộ Gặm nhấm. Loài này được Mearns mô tả năm 1890. ",
    "first_img": "https://upload.wikimedia.org/wikipedia/commons/a/a4/Merriam%27s_Kangaroo_Rat.jpg",
    "content": ""
}