{
    "title": "Chloephaga rubidiceps",
    "url": "https://vi.wikipedia.org/wiki/Chloephaga_rubidiceps",
    "classify": [
        "Động vật",
        "Động vật có dây sống",
        "Chim",
        "Bộ Ngỗng",
        "Họ Vịt",
        "Chloephaga"
    ],
    "description": "Chloephaga rubidiceps là một loài chim trong họ Vịt. ",
    "first_img": "https://upload.wikimedia.org/wikipedia/commons/e/eb/Status_iucn3.1_LC_vi.svg/220px-Status_iucn3.1_LC_vi.svg.png",
    "content": ""
}