{
    "title": "Gallinula angulata",
    "url": "https://vi.wikipedia.org/wiki/Gallinula_angulata",
    "classify": [
        "Động vật",
        "Động vật có dây sống",
        "Chim",
        "Bộ Sếu",
        "Họ Gà nước",
        "Gallinula",
        "Loài"
    ],
    "description": "Gallinula angulata là một loài chim trong họ Rallidae. ",
    "first_img": "https://upload.wikimedia.org/wikipedia/commons/1/19/Gallinula_angulata_1859.jpg",
    "content": ""
}