{
    "title": "Đuôi cụt châu Phi",
    "url": "https://vi.wikipedia.org/wiki/%C4%90u%C3%B4i_c%E1%BB%A5t_ch%C3%A2u_Phi",
    "classify": [
        "Động vật",
        "Động vật có dây sống",
        "Chim",
        "Bộ Sẻ",
        "Họ Đuôi cụt",
        "Pitta",
        "Loài"
    ],
    "description": "Đuôi cụt châu Phi, tên khoa học Pitta angolensis, là một loài chim trong họ Pittidae. ",
    "first_img": "https://upload.wikimedia.org/wikipedia/commons/c/c4/African_Pitta_%28Pitta_angolensis%29%2C_Hwange_National_Park%2C_Zimbabwe.jpg",
    "content": ""
}