{
    "title": "Leucochloris albicollis",
    "url": "https://vi.wikipedia.org/wiki/Leucochloris_albicollis",
    "classify": [
        "Sinh vật nhân thực",
        "Động vật",
        "Động vật có dây sống",
        "Chim",
        "Strisores",
        "Bộ Yến",
        "Họ Chim ruồi",
        "Trochilini",
        "Ludwig Reichenbach (trang không tồn tại)"
    ],
    "description": "Leucochloris albicollis là một loài chim trong họ Chim ruồi. ",
    "first_img": "https://upload.wikimedia.org/wikipedia/commons/f/fe/Leucochloris_albicollis.jpg",
    "content": ""
}