{
    "title": "Eos histrio",
    "url": "https://vi.wikipedia.org/wiki/Eos_histrio",
    "classify": [
        "Động vật",
        "Động vật có dây sống",
        "Chim",
        "Bộ Vẹt",
        "Họ Vẹt",
        "Eos",
        "Loài"
    ],
    "description": "Eos histrio là một loài chim trong họ Psittacidae. ",
    "first_img": "https://upload.wikimedia.org/wikipedia/commons/9/9d/Eos_histrio_talautensis_-Loro_Parque%2C_Tenerife%2C_Spain-8a-4c.jpg",
    "content": ""
}