{
    "title": "Todus todus",
    "url": "https://vi.wikipedia.org/wiki/Todus_todus",
    "classify": [
        "Động vật",
        "Động vật có dây sống",
        "Chim",
        "Bộ Sả",
        "Todidae",
        "Todus",
        "Loài"
    ],
    "description": "Todus todus là một loài chim trong họ Todidae. ",
    "first_img": "https://upload.wikimedia.org/wikipedia/commons/e/eb/Status_iucn3.1_LC_vi.svg/220px-Status_iucn3.1_LC_vi.svg.png",
    "content": ""
}