{
    "title": "Epimachus meyeri",
    "url": "https://vi.wikipedia.org/wiki/Epimachus_meyeri",
    "classify": [
        "Động vật",
        "Động vật có dây sống",
        "Chim",
        "Bộ Sẻ",
        "Họ Chim thiên đường",
        "Epimachus",
        "Loài"
    ],
    "description": "Epimachus meyeri là một loài chim trong họ Paradisaeidae. ",
    "first_img": "https://upload.wikimedia.org/wikipedia/commons/3/33/Epimachus_meyeri_by_Bowdler_Sharpe.jpg",
    "content": ""
}