{
    "title": "Cu cu bụi",
    "url": "https://vi.wikipedia.org/wiki/Cu_cu_b%E1%BB%A5i",
    "classify": [
        "Động vật",
        "Động vật có dây sống",
        "Chim",
        "Bộ Cu cu",
        "Họ Cu cu",
        "Cacomantis",
        "Loài"
    ],
    "description": "Cacomantis variolosus là một loài chim trong họ Cuculidae. ",
    "first_img": "https://upload.wikimedia.org/wikipedia/commons/4/4f/Brush_cuckoo_juv_kobble09.JPG",
    "content": ""
}