{
    "title": "Trèo cây lưng đen",
    "url": "https://vi.wikipedia.org/wiki/Tr%C3%A8o_c%C3%A2y_l%C6%B0ng_%C4%91en",
    "classify": [
        "Động vật",
        "Động vật có dây sống",
        "Chim",
        "Bộ Sẻ",
        "Họ Trèo cây",
        "Sitta",
        "Loài"
    ],
    "description": "Trèo cây lưng đen, tên khoa học Sitta formosa, là một loài chim trong họ Sittidae. ",
    "first_img": "https://upload.wikimedia.org/wikipedia/commons/f/f5/Pair_of_Beautiful_Nuthatch.jpg",
    "content": ""
}