{
    "title": "Oanh Lưu Cầu",
    "url": "https://vi.wikipedia.org/wiki/Oanh_L%C6%B0u_C%E1%BA%A7u",
    "classify": [
        "Động vật",
        "Động vật có dây sống",
        "Chim",
        "Bộ Sẻ",
        "Họ Đớp ruồi",
        "Saxicolinae",
        "Larvivora",
        "Loài"
    ],
    "description": "Larvivora komadori là một loài chim trong họ Muscicapidae. Loài này sinh sống ở Nhật Bản. ",
    "first_img": "https://upload.wikimedia.org/wikipedia/commons/9/9b/Erithacus_komadori_-_National_Museum_of_Nature_and_Science%2C_Tokyo_-_DSC07033.JPG",
    "content": ""
}