{
    "title": "Myiodynastes luteiventris",
    "url": "https://vi.wikipedia.org/wiki/Myiodynastes_luteiventris",
    "classify": [
        "Động vật",
        "Động vật có dây sống",
        "Chim",
        "Bộ Sẻ",
        "Tyrannidae",
        "Myiodynastes",
        "Loài"
    ],
    "description": "Myiodynastes luteiventris là một loài chim trong họ Tyrannidae. ",
    "first_img": "https://upload.wikimedia.org/wikipedia/commons/e/eb/Status_iucn3.1_LC_vi.svg/220px-Status_iucn3.1_LC_vi.svg.png",
    "content": ""
}