{
    "title": "Crax globulosa",
    "url": "https://vi.wikipedia.org/wiki/Crax_globulosa",
    "classify": [
        "Động vật",
        "Động vật có dây sống",
        "Chim",
        "Bộ Gà",
        "Cracidae",
        "Crax",
        "Loài"
    ],
    "description": "Crax carunculata ",
    "first_img": "https://upload.wikimedia.org/wikipedia/commons/0/07/Wattled_Curassow_Crax_globulosa_Bird_1400px.jpg",
    "content": "Crax globulosa là một loài chim trong họ Cracidae."
}