{
    "title": "Phaethornis guy",
    "url": "https://vi.wikipedia.org/wiki/Phaethornis_guy",
    "classify": [
        "Động vật",
        "Động vật có dây sống",
        "Chim",
        "Bộ Yến",
        "Họ Chim ruồi",
        "Phaethornis",
        "Loài"
    ],
    "description": "Phaethornis guy là một loài chim trong họ Trochilidae. ",
    "first_img": "https://upload.wikimedia.org/wikipedia/commons/e/eb/Status_iucn3.1_LC_vi.svg/220px-Status_iucn3.1_LC_vi.svg.png",
    "content": ""
}