{
    "title": "Cá voi mũi chai phương nam",
    "url": "https://vi.wikipedia.org/wiki/C%C3%A1_voi_m%C5%A9i_chai_ph%C6%B0%C6%A1ng_nam",
    "classify": [
        "Động vật",
        "Động vật có dây sống",
        "Lớp Thú",
        "Bộ Cá voi",
        "Họ Cá voi mõm khoằm",
        "Hyperoodon",
        "Loài"
    ],
    "description": "Cá voi mũi chai phương nam, tên khoa học Hyperoodon planifrons là một loài động vật có vú trong họ Ziphiidae, bộ Cetacea. Loài này được Flower mô tả năm 1882. ",
    "first_img": "https://upload.wikimedia.org/wikipedia/commons/a/a5/Southern_bottlenose_whale_size.svg/280px-Southern_bottlenose_whale_size.svg.png",
    "content": ""
}