{
    "title": "Palmeria dolei",
    "url": "https://vi.wikipedia.org/wiki/Palmeria_dolei",
    "classify": [
        "Động vật",
        "Động vật có dây sống",
        "Chim",
        "Bộ Sẻ",
        "Họ Sẻ thông",
        "Walter Rothschild, 2nd Baron Rothschild (trang không tồn tại)",
        "Loài"
    ],
    "description": "Palmeria dolei là một loài chim trong họ Fringillidae. ",
    "first_img": "https://upload.wikimedia.org/wikipedia/commons/f/f6/Akohekohe.jpg",
    "content": ""
}