{
    "title": "Aratinga chloroptera",
    "url": "https://vi.wikipedia.org/wiki/Aratinga_chloroptera",
    "classify": [
        "Động vật",
        "Động vật có dây sống",
        "Chim",
        "Bộ Vẹt",
        "Họ Vẹt",
        "Aratinga",
        "Loài"
    ],
    "description": "Aratinga chloroptera là một loài chim trong họ Psittacidae. ",
    "first_img": "https://upload.wikimedia.org/wikipedia/commons/9/9b/Aratinga_chloroptera_maugei.jpg",
    "content": ""
}