{
    "title": "Stagonopleura bella",
    "url": "https://vi.wikipedia.org/wiki/Stagonopleura_bella",
    "classify": [
        "Động vật",
        "Động vật có dây sống",
        "Chim",
        "Bộ Sẻ",
        "Họ Chim di",
        "Stagonopleura",
        "Loài"
    ],
    "description": "Stagonopleura bella là một loài chim trong họ Estrildidae. Loài chim này được tìm thấy ở Úc. ",
    "first_img": "https://upload.wikimedia.org/wikipedia/commons/c/cc/Stagonopleura_bella_male_-_Melaleuca.jpg",
    "content": ""
}