{
    "title": "Zenaida meloda",
    "url": "https://vi.wikipedia.org/wiki/Zenaida_meloda",
    "classify": [
        "Động vật",
        "Động vật có dây sống",
        "Chim",
        "Columbiformes",
        "Columbidae",
        "Zenaida",
        "Loài"
    ],
    "description": "Zenaida meloda là một loài chim trong họ Columbidae. ",
    "first_img": "https://upload.wikimedia.org/wikipedia/commons/e/eb/Status_iucn3.1_LC_vi.svg/220px-Status_iucn3.1_LC_vi.svg.png",
    "content": ""
}