{
    "title": "Sáo đất mày trắng",
    "url": "https://vi.wikipedia.org/wiki/S%C3%A1o_%C4%91%E1%BA%A5t_m%C3%A0y_tr%E1%BA%AFng",
    "classify": [
        "Động vật",
        "Động vật có dây sống",
        "Chim",
        "Bộ Sẻ",
        "Họ Hoét",
        "Geokichla",
        "Loài"
    ],
    "description": "Geokichla sibirica là một loài chim trong họ Turdidae. ",
    "first_img": "https://upload.wikimedia.org/wikipedia/commons/f/fd/Turdus_sibiricus.jpg",
    "content": ""
}