{
    "title": "Gracula indica",
    "url": "https://vi.wikipedia.org/wiki/Gracula_indica",
    "classify": [
        "Động vật",
        "Động vật có dây sống",
        "Chim",
        "Bộ Sẻ",
        "Họ Sáo",
        "Graculinae (trang không tồn tại)",
        "Graculini (trang không tồn tại)",
        "Gracula",
        "Loài"
    ],
    "description": "Gracula indica là một loài chim trong họ Sturnidae. ",
    "first_img": "https://upload.wikimedia.org/wikipedia/commons/1/1c/KG_SHM.jpg",
    "content": ""
}