{
    "title": "Perdicula argoondah",
    "url": "https://vi.wikipedia.org/wiki/Perdicula_argoondah",
    "classify": [
        "Động vật",
        "Động vật có dây sống",
        "Chim",
        "Bộ Gà",
        "Họ Trĩ",
        "Perdicula",
        "Loài"
    ],
    "description": "Perdicula argoondah là một loài chim trong họ Phasianidae. ",
    "first_img": "https://upload.wikimedia.org/wikipedia/commons/e/eb/Status_iucn3.1_LC_vi.svg/220px-Status_iucn3.1_LC_vi.svg.png",
    "content": ""
}