{
    "title": "Anas erythrorhyncha",
    "url": "https://vi.wikipedia.org/wiki/Anas_erythrorhyncha",
    "classify": [
        "Động vật",
        "Động vật có dây sống",
        "Chim",
        "Bộ Ngỗng",
        "Họ Vịt",
        "Anas"
    ],
    "description": "Anas erythrorhyncha là một loài chim trong họ Vịt. Loài chim này sinh sản ở nam và đông châu Phi, thường ở vĩ tuyến nam 10° N. Nó không di cư nhưng bay quãng đường dài để tìm vùng nước thích hợp. Chúng ssinh sống thành đàn ngoài mùa sinh sản. Chiều dài chim trưởng thành lên đến 43-48 xentimét (17-19 in). ",
    "first_img": "https://upload.wikimedia.org/wikipedia/commons/1/16/Red-billed_Pintail_%28Anas_erythrorhyncha%29_RWD1.jpg",
    "content": ""
}