{
    "title": "Euderma maculatum",
    "url": "https://vi.wikipedia.org/wiki/Euderma_maculatum",
    "classify": [
        "Động vật",
        "Động vật có dây sống",
        "Lớp Thú",
        "Bộ Dơi",
        "Họ Dơi muỗi",
        "Harrison Allen (trang không tồn tại)",
        "Loài"
    ],
    "description": "Euderma maculatum là một loài động vật có vú trong họ Dơi muỗi, bộ Dơi. Loài này được J. A. Allen mô tả năm 1891. ",
    "first_img": "https://upload.wikimedia.org/wikipedia/commons/7/7a/Side_view_of_spotted_bat_-Euderma_maculatum-_by_Paul_Cryan.jpg",
    "content": ""
}