{
    "title": "Mòng biển Thayer",
    "url": "https://vi.wikipedia.org/wiki/M%C3%B2ng_bi%E1%BB%83n_Thayer",
    "classify": [
        "Động vật",
        "Động vật có dây sống",
        "Chim",
        "Bộ Choi choi",
        "Mòng biển",
        "Chi Mòng biển",
        "Loài"
    ],
    "description": "Mòng biển Thayer (danh pháp hai phần: Larus thayeri) là một loài mòng biển thuộc họ Mòng biển, là loài bản địa Bắc Mỹ và sinh sản ở các đảo Bắc cực của Canada và chủ yếu trú đông ở bờ biển Thái Bình Dương, từ nam Alaska đến vịnh California, dù cũng có các quần thể trú đông ở Ngũ Đại hồ và thượng lưu sông Mississippi. Đây là một loài lang thang đến Tamaulipas, México,1 Lưu trữ 2010-06-19 tại Wayback Machine Nhật Bản,3 Lưu trữ 2012-11-04 tại Wayback Machine Đan Mạch, và các khu vực khác ở phía tây châu Âu. Mòng biển Thayer trưởng thành có thân dài đến 56-64 cm, sải cánh dài 130-148 cm, cân nặng 720-1500 g.. Chim trống nặng khoảng 1.093 g (2,410 lb) còn chim mái hơi nhỏ hơn, trung bình 900 g (2,0 lb).. ",
    "first_img": "https://upload.wikimedia.org/wikipedia/commons/6/60/THGUc.jpg",
    "content": ""
}