{
    "title": "Oceanodroma macrodactyla",
    "url": "https://vi.wikipedia.org/wiki/Oceanodroma_macrodactyla",
    "classify": [
        "Sinh vật nhân thực",
        "Động vật",
        "Động vật có dây sống",
        "Chim",
        "Procellariiformes",
        "Storm petrel (trang không tồn tại)",
        "European storm petrel (trang không tồn tại)"
    ],
    "description": "Oceanodroma macrodactyla hay được gọi là chim hải âu bão Guadalupe là một loài chim trong họ Hydrobatidae. ",
    "first_img": "https://upload.wikimedia.org/wikipedia/commons/e/ee/Oceanodroma_macrodactyla_%28Guadalupe_petrel%29.jpg",
    "content": ""
}