{
    "title": "Cắt nhỏ bụng trắng",
    "url": "https://vi.wikipedia.org/wiki/C%E1%BA%AFt_nh%E1%BB%8F_b%E1%BB%A5ng_tr%E1%BA%AFng",
    "classify": [
        "Động vật",
        "Động vật có dây sống",
        "Chim",
        "Bộ Cắt",
        "Họ Cắt",
        "Microhierax",
        "Loài"
    ],
    "description": "Cắt nhỏ bụng trắng (Microhierax melanoleucos) là một loài chim trong họ Falconidae. Loài này được tìm thấy tại Bangladesh, Bhutan, Trung Quốc, Hồng Kông, Ấn Độ, Lào, và Việt Nam. ",
    "first_img": "https://upload.wikimedia.org/wikipedia/commons/b/bc/Microhierax_melanoleucus.jpg",
    "content": ""
}