{
    "title": "Thamnophilus doliatus",
    "url": "https://vi.wikipedia.org/wiki/Thamnophilus_doliatus",
    "classify": [
        "Động vật",
        "Động vật có dây sống",
        "Chim",
        "Bộ Sẻ",
        "Thamnophilidae",
        "Thamnophilus",
        "Loài"
    ],
    "description": "Thamnophilus doliatus là một loài chim trong họ Thamnophilidae. ",
    "first_img": "https://upload.wikimedia.org/wikipedia/commons/6/65/Thamnophilus_doliatus_-Goias%2C_Brazil-8.jpg",
    "content": ""
}