{
    "title": "Terpsiphone corvina",
    "url": "https://vi.wikipedia.org/wiki/Terpsiphone_corvina",
    "classify": [
        "Động vật",
        "Động vật có dây sống",
        "Chim",
        "Bộ Sẻ",
        "Monarchidae",
        "Terpsiphone",
        "Loài"
    ],
    "description": "Terpsiphone corvina là một loài chim trong họ Monarchidae. ",
    "first_img": "https://upload.wikimedia.org/wikipedia/commons/d/db/Status_iucn3.1_CR_vi.svg/220px-Status_iucn3.1_CR_vi.svg.png",
    "content": ""
}