{
    "title": "Microchera albocoronata",
    "url": "https://vi.wikipedia.org/wiki/Microchera_albocoronata",
    "classify": [
        "Sinh vật nhân thực",
        "Động vật",
        "Động vật có dây sống",
        "Chim",
        "Strisores",
        "Bộ Yến",
        "Họ Chim ruồi",
        "Microchera"
    ],
    "description": "Microchera albocoronata là một loài chim trong họ Chim ruồi. Đây là loài chim nhỏ, dài 6.5 cm, nặng 2.5g với mỏ ngắn màu đen và chân đen. Con đực có phần đầu trước màu trắng rõ rệt. ",
    "first_img": "https://upload.wikimedia.org/wikipedia/commons/5/5f/Snowcap_%28Microchera_albocoronata%29.jpg",
    "content": "Loài này phân bố ở Honduras, Nicaragua, Costa Rica và phía tây Panama."
}