{
    "title": "Ô tác bụng trắng",
    "url": "https://vi.wikipedia.org/wiki/%C3%94_t%C3%A1c_b%E1%BB%A5ng_tr%E1%BA%AFng",
    "classify": [
        "Động vật",
        "Động vật có dây sống",
        "Chim",
        "Gruiformes",
        "Họ Ô tác",
        "Eupodotis",
        "Loài"
    ],
    "description": "Eupodotis barrowii ",
    "first_img": "https://upload.wikimedia.org/wikipedia/commons/2/2a/Eupodotis_senegalensis1.jpg",
    "content": "Ô tác bụng trắng (danh pháp khoa học: Eupodotis senegalensis) là một loài chim sinh sống ở châu Phi trong họ Ô tác. Ô tác bụng trắng sinh sống ở Angola, Bénin, Botswana, Burkina Faso, Cameroon, Cộng hòa Trung Phi, Tchad, Cộng hòa Congo, Cộng hòa Dân chủ Congo, Bờ Biển Ngà, Eritrea, Ethiopia, Gabon, Gambia, Ghana, Guinée, Kenya, Lesotho, Mali, Mauritanie, Namibia, Niger, Nigeria, Sénégal, Somalia, Nam Phi, Sudan, Swaziland, Tanzania, Togo, Uganda, và Zambia. Nó sinh sống trong nhiều môi trường sống khác nhau từ đồng cỏ đến rừng gỗ mở. Chim trống dài 48-61 cm.Phân loài Có 5 phân loài được công nhận:"
}