{
    "title": "Vịt đầu nâu phương Nam",
    "url": "https://vi.wikipedia.org/wiki/V%E1%BB%8Bt_%C4%91%E1%BA%A7u_n%C3%A2u_ph%C6%B0%C6%A1ng_Nam",
    "classify": [
        "Động vật",
        "Động vật có dây sống",
        "Chim",
        "Bộ Ngỗng",
        "Họ Vịt",
        "Netta"
    ],
    "description": "Vịt đầu nâu phương Nam, tên khoa học Netta erythrophthalma, là một loài chim trong họ Vịt. ",
    "first_img": "https://upload.wikimedia.org/wikipedia/commons/4/4d/Netta_erythrophthalma_Germany01.jpg",
    "content": ""
}