{
    "title": "Chim chuột mũ xanh",
    "url": "https://vi.wikipedia.org/wiki/Chim_chu%E1%BB%99t_m%C5%A9_xanh",
    "classify": [
        "Động vật",
        "Động vật có dây sống",
        "Chim",
        "Bộ Chim chuột",
        "Họ Chim chuột",
        "Urocolius",
        "Loài"
    ],
    "description": "Chim chuột mũ xanh, tên khoa học Urocolius macrourus, là một loài chim trong họ Coliidae. ",
    "first_img": "https://upload.wikimedia.org/wikipedia/commons/6/60/Urocolius_macrourus-20090110B.jpg",
    "content": ""
}