{
    "title": "Nasuella olivacea",
    "url": "https://vi.wikipedia.org/wiki/Nasuella_olivacea",
    "classify": [
        "Động vật",
        "Động vật có dây sống",
        "Lớp Thú",
        "Bộ Ăn thịt",
        "Họ Gấu mèo Bắc Mỹ",
        "Nasuella",
        "Loài"
    ],
    "description": "Nasuella olivacea là một loài động vật có vú trong họ Gấu mèo Bắc Mỹ, bộ Ăn thịt. Loài này được Gray mô tả năm 1865. ",
    "first_img": "https://upload.wikimedia.org/wikipedia/commons/6/6a/Ulisse_Aldrovandi_-_Mountain_Coati.jpg",
    "content": ""
}