{
    "title": "Polyboroides radiatus",
    "url": "https://vi.wikipedia.org/wiki/Polyboroides_radiatus",
    "classify": [
        "Động vật",
        "Động vật có dây sống",
        "Chim",
        "Bộ Ưng",
        "Họ Ưng",
        "Polyboroides",
        "Loài"
    ],
    "description": "Polyboroides radiatus là một loài chim trong họ Accipitridae. Đây là loài đặc hữu của Madagascar. ",
    "first_img": "https://upload.wikimedia.org/wikipedia/commons/3/35/Madagascar_harrier-hawk_1.jpg",
    "content": ""
}