{
    "title": "Gà tuyết Caspi",
    "url": "https://vi.wikipedia.org/wiki/G%C3%A0_tuy%E1%BA%BFt_Caspi",
    "classify": [
        "Động vật",
        "Động vật có dây sống",
        "Chim",
        "Bộ Gà",
        "Họ Trĩ",
        "Gà tuyết",
        "Loài"
    ],
    "description": "Gà tuyết Caspi, tên khoa học Tetraogallus caspius, là một loài chim trong họ Phasianidae. ",
    "first_img": "https://upload.wikimedia.org/wikipedia/commons/f/ff/Tetraogallus_caspius.jpg",
    "content": ""
}