{
    "title": "Baryphthengus martii",
    "url": "https://vi.wikipedia.org/wiki/Baryphthengus_martii",
    "classify": [
        "Động vật",
        "Động vật có dây sống",
        "Chim",
        "Bộ Sả",
        "Momotidae",
        "Baryphthengus",
        "Loài"
    ],
    "description": "Baryphthengus martii là một loài chim trong họ Momotidae. ",
    "first_img": "https://upload.wikimedia.org/wikipedia/commons/6/65/Baryphthengus_martii_-Panama-8.jpg",
    "content": ""
}