{
    "title": "Tricholaema leucomelas",
    "url": "https://vi.wikipedia.org/wiki/Tricholaema_leucomelas",
    "classify": [
        "Động vật",
        "Động vật có dây sống",
        "Chim",
        "Bộ Gõ kiến",
        "Lybiidae",
        "Tricholaema",
        "Loài"
    ],
    "description": "Tricholaema leucomelas là một loài chim trong họ Lybiidae. ",
    "first_img": "https://upload.wikimedia.org/wikipedia/commons/6/6e/Tricholaema_leucomelas.jpg",
    "content": ""
}