{
    "title": "Aratinga aurea",
    "url": "https://vi.wikipedia.org/wiki/Aratinga_aurea",
    "classify": [
        "Động vật",
        "Động vật có dây sống",
        "Chim",
        "Bộ Vẹt",
        "Họ Vẹt",
        "Aratinga",
        "Loài"
    ],
    "description": "Aratinga aurea là một loài chim trong họ Psittacidae. ",
    "first_img": "https://upload.wikimedia.org/wikipedia/commons/5/5c/Aratinga_aurea_-Brazil-8-4c.jpg",
    "content": ""
}