{
    "title": "Bói cá lùn châu Phi",
    "url": "https://vi.wikipedia.org/wiki/B%C3%B3i_c%C3%A1_l%C3%B9n_ch%C3%A2u_Phi",
    "classify": [
        "Animalia",
        "Chordata",
        "Aves",
        "Coraciiformes",
        "Alcedinidae",
        "Ispidina",
        "Loài"
    ],
    "description": "Bói cá lùn (danh pháp hai phần: Ispidina lecontei) là một loài chim thuộc Họ Bồng chanh. Loài này sinh sống ở Angola, Cameroon, Cộng hòa Trung Phi, Cộng hòa Congo, Cộng hòa Dân chủ Congo, Bờ Biển Ngà, Guinea Xích Đạo, Gabon, Ghana, Guinea, Liberia, Nigeria, Sierra Leone, Sudan, và Uganda. Đây là loài bồng chanh nhỏ nhất, nặng 9-10 gram. ",
    "first_img": "https://upload.wikimedia.org/wikipedia/commons/5/5f/Ispidina_lecontei_by_Keulemans_%28corrected%29.jpg",
    "content": ""
}