{
    "title": "Vẹt vành mắt đỏ",
    "url": "https://vi.wikipedia.org/wiki/V%E1%BA%B9t_v%C3%A0nh_m%E1%BA%AFt_%C4%91%E1%BB%8F",
    "classify": [
        "Động vật",
        "Động vật có dây sống",
        "Chim",
        "Bộ Vẹt",
        "Họ Vẹt",
        "Amazona",
        "Loài"
    ],
    "description": "Vẹt vành mắt đỏ (danh pháp hai phần: Amazona pretrei) là một loài chim trong họ Psittacidae. ",
    "first_img": "https://upload.wikimedia.org/wikipedia/commons/6/6c/Amazona_pretrei_-Brazil-8.jpg",
    "content": ""
}