{
    "title": "Le nâu đốm",
    "url": "https://vi.wikipedia.org/wiki/Le_n%C3%A2u_%C4%91%E1%BB%91m",
    "classify": [
        "Động vật",
        "Động vật có dây sống",
        "Chim",
        "Bộ Ngỗng",
        "Họ Vịt",
        "Phân họ Le nâu",
        "Loài"
    ],
    "description": "Dendrocygna guttata là một loài chim trong họ Vịt. Loài này phân bố ở miền nam Philippines đến miền trung Indonesia qua New Guinea. Gần đây người ta phát hiện chúng ở Úc với một vài cá thể ở Weipa, bờ biển tây của Cape York Peninsula. ",
    "first_img": "https://upload.wikimedia.org/wikipedia/commons/6/6e/Spotted_Whistling_Duck_RWD3.jpg",
    "content": ""
}