{
    "title": "Glaucis hirsutus",
    "url": "https://vi.wikipedia.org/wiki/Glaucis_hirsutus",
    "classify": [
        "Động vật",
        "Động vật có dây sống",
        "Chim",
        "Bộ Yến",
        "Họ Chim ruồi",
        "Glaucis",
        "Loài"
    ],
    "description": "Glaucis hirsuta (Gmelin, 1788: lapsus) Glaucis hirsutus abrawayae Ruschi, 1973 ",
    "first_img": "https://upload.wikimedia.org/wikipedia/commons/8/87/Glaucis_hirsutus_%28Trinidad%29.jpg",
    "content": "Glaucis hirsutus là một loài chim trong họ Chim ruồi."
}