{
    "title": "Otus gurneyi",
    "url": "https://vi.wikipedia.org/wiki/Otus_gurneyi",
    "classify": [
        "Động vật",
        "Động vật có dây sống",
        "Chim",
        "Bộ Cú",
        "Họ Cú mèo",
        "Otus",
        "Loài"
    ],
    "description": "Cú mèo lớn (danh pháp hai phần: Otus gurney) là một loài chim bản địa của Philippines trong họ Strigidae. ",
    "first_img": "https://upload.wikimedia.org/wikipedia/commons/a/a2/PseudoptynxGurneyiSmit.jpg",
    "content": "Cú mèo lớn là một loài chim kích thước trung bình với chiều dài khoảng 30 cm. Chúng chỉ được biết đến trên các hòn đảo Dinagat, Siargao và Mindanao ở Philippines. Môi trường sống của chúng là rừng nguyên sinh và thứ sinh, chủ yếu là ở độ cao dưới 670 m mặc dù nó đã được nhìn thấy ở độ cao lên đến 1.300 mét."
}