{
    "title": "Te cựa",
    "url": "https://vi.wikipedia.org/wiki/Te_c%E1%BB%B1a",
    "classify": [
        "Động vật",
        "Động vật có dây sống",
        "Chim",
        "Bộ Choi choi",
        "Họ Choi choi",
        "Vanellus",
        "Loài"
    ],
    "description": "Vanellus duvaucelii là một loài chim trong họ Charadriidae. ",
    "first_img": "https://upload.wikimedia.org/wikipedia/commons/2/2a/River_lapwing_Vanellus_duvaucelii_WLB_IMG_9348.jpg",
    "content": ""
}