{
    "title": "Merops variegatus",
    "url": "https://vi.wikipedia.org/wiki/Merops_variegatus",
    "classify": [
        "Sinh vật nhân thực",
        "Động vật",
        "Động vật có dây sống",
        "Chim",
        "Coraciiformes",
        "Meropidae",
        "Merops"
    ],
    "description": "Trảu ăn ong ngực xanh (danh pháp hai phần: Merops variegatus) là một loài chim thuộc Họ Trảu. Nó là loài sinh sống ở Angola, Burundi, Cameroon, Cộng hòa Trung Phi, Cộng hòa Congo, Cộng hòa Dân chủ Congo, Guinea Xích Đạo, Eritrea, Ethiopia, Gabon, Kenya, Nigeria, Rwanda, Sudan, Tanzania, Uganda, va fZambia. ",
    "first_img": "https://upload.wikimedia.org/wikipedia/commons/9/9a/20160605_0253_Bangweulu_Guepier_a_collier_bleu_%28cropped%29.jpg",
    "content": ""
}