{
    "title": "Irania gutturalis",
    "url": "https://vi.wikipedia.org/wiki/Irania_gutturalis",
    "classify": [
        "Sinh vật nhân thực",
        "Động vật",
        "Động vật có dây sống",
        "Chim",
        "Bộ Sẻ",
        "Họ Đớp ruồi",
        "Filippo de Filippi (trang không tồn tại)"
    ],
    "description": "Irania gutturalis là một loài chim trong họ Muscicapidae. ",
    "first_img": "https://upload.wikimedia.org/wikipedia/commons/a/a2/BessornisAlbigularisWolf%2C_crop.jpg",
    "content": ""
}