{
    "title": "Colobus satanas",
    "url": "https://vi.wikipedia.org/wiki/Colobus_satanas",
    "classify": [
        "Động vật",
        "Động vật có dây sống",
        "Lớp Thú",
        "Bộ Linh trưởng",
        "Cercopithecidae",
        "Colobus",
        "Loài"
    ],
    "description": "Colobus satanas là một loài động vật có vú trong họ Cercopithecidae, bộ Linh trưởng. Loài này được Waterhouse mô tả năm 1837. ",
    "first_img": "https://upload.wikimedia.org/wikipedia/commons/e/e0/Handbook_to_the_Primates_Plate_48.jpg",
    "content": ""
}