{
    "title": "Chrysococcyx basalis",
    "url": "https://vi.wikipedia.org/wiki/Chrysococcyx_basalis",
    "classify": [
        "Động vật",
        "Động vật có dây sống",
        "Chim",
        "Bộ Cu cu",
        "Họ Cu cu",
        "Chrysococcyx",
        "Loài"
    ],
    "description": "Chrysococcyx basalis là một loài chim trong họ Cuculidae. ",
    "first_img": "https://upload.wikimedia.org/wikipedia/commons/5/5b/Horsfield%27s_Bronze-Cuckoo_Capertee.JPG",
    "content": ""
}