{
    "title": "Amazilia luciae",
    "url": "https://vi.wikipedia.org/wiki/Amazilia_luciae",
    "classify": [
        "Động vật",
        "Động vật có dây sống",
        "Chim",
        "Bộ Yến",
        "Họ Chim ruồi",
        "Amazilia",
        "Loài"
    ],
    "description": "Amazilia luciae là một loài chim trong họ Trochilidae. ",
    "first_img": "https://upload.wikimedia.org/wikipedia/commons/f/fb/Honduran_Emerald_%28Amazilia_luciae%29_%282495402213%29.jpg",
    "content": ""
}