{
    "title": "Onychognathus frater",
    "url": "https://vi.wikipedia.org/wiki/Onychognathus_frater",
    "classify": [
        "Động vật",
        "Động vật có dây sống",
        "Chim",
        "Bộ Sẻ",
        "Họ Sáo",
        "Onychognathus",
        "Loài"
    ],
    "description": "Onychognathus frater là một loài chim trong họ Sturnidae. ",
    "first_img": "https://upload.wikimedia.org/wikipedia/commons/9/9e/Socotran_Starling_%28f%29..jpg",
    "content": ""
}