{
    "title": "Choi choi châu Á",
    "url": "https://vi.wikipedia.org/wiki/Choi_choi_ch%C3%A2u_%C3%81",
    "classify": [
        "Động vật",
        "Động vật có dây sống",
        "Chim",
        "Bộ Choi choi",
        "Họ Choi choi",
        "Charadrius",
        "Loài"
    ],
    "description": "Choi choi châu Á  (tên khoa học: Charadrius veredus) là một loài chim trong họ Charadriidae. ",
    "first_img": "https://upload.wikimedia.org/wikipedia/commons/b/b7/Charadrius_veredus_West_Timor_0.jpg",
    "content": ""
}