{
    "title": "Cuốc ngực nâu",
    "url": "https://vi.wikipedia.org/wiki/Cu%E1%BB%91c_ng%E1%BB%B1c_n%C3%A2u",
    "classify": [
        "Động vật",
        "Động vật có dây sống",
        "Chim",
        "Bộ Sếu",
        "Họ Gà nước",
        "Porzana",
        "Loài"
    ],
    "description": "Cuốc ngực nâu (tên khoa học: Porzana fusca) là loài chim thuộc họ Gà nước.  ",
    "first_img": "https://upload.wikimedia.org/wikipedia/commons/5/57/Ruddy-breasted_Crake_%28Porzana_fusca%29_in_Kolkata_I_IMG_2677.jpg",
    "content": "Môi trường sinh sản của cuốc ngực nâu là các đầm lầy và khu vực ẩm thuộc phía đông của Nam Á đến Hoa Nam, Nhật Bản và Indonesia. Chúng làm tổ ở nơi khô trên mặt đất, mỗi lứa đẻ 6 đến 9 trứng. Đây là loài chim không di cư, tuy nhiên một số quần thể phía bắc cũng di chuyển về phía nam trong mùa đông.Cuốc ngực nâu có thân dài 22-23 cm."
}