{
    "title": "Phalacrocorax gaimardi",
    "url": "https://vi.wikipedia.org/wiki/Phalacrocorax_gaimardi",
    "classify": [
        "Động vật",
        "Động vật có dây sống",
        "Chim",
        "Bộ Chim điên",
        "Họ Cốc",
        "Phalacrocorax",
        "Loài"
    ],
    "description": "Phalacrocorax gaimardi là một loài chim trong họ Phalacrocoracidae. ",
    "first_img": "https://upload.wikimedia.org/wikipedia/commons/5/52/Status_iucn3.1_NT_vi.svg/220px-Status_iucn3.1_NT_vi.svg.png",
    "content": ""
}