{
    "title": "Dendrocopos macei",
    "url": "https://vi.wikipedia.org/wiki/Dendrocopos_macei",
    "classify": [
        "Động vật",
        "Động vật có dây sống",
        "Chim",
        "Bộ Gõ kiến",
        "Họ Gõ kiến",
        "Dendrocopos",
        "Loài"
    ],
    "description": "Dendrocopos macei là một loài chim trong họ Picidae. ",
    "first_img": "https://upload.wikimedia.org/wikipedia/commons/9/97/Fulvous-breasted_Woodpecker_%28Dendrocopos_macei%29.jpg",
    "content": ""
}