{
    "title": "Corvus typicus",
    "url": "https://vi.wikipedia.org/wiki/Corvus_typicus",
    "classify": [
        "Động vật",
        "Động vật có dây sống",
        "Chim",
        "Bộ Sẻ",
        "Họ Quạ",
        "Corvus",
        "Loài"
    ],
    "description": "Corvus typicus là một loài chim trong chi Quạ họ Corvidae. Đây là loài đặc hữu của Indonesia. Môi trường sinh sống tự nhiên của loài này là rừng đất thấp ẩm nhiệt đới hoặc cận nhiệt đới. ",
    "first_img": "https://upload.wikimedia.org/wikipedia/commons/4/4f/Corvus_typicus.jpg",
    "content": ""
}