{
    "title": "Miniopterus schreibersii",
    "url": "https://vi.wikipedia.org/wiki/Miniopterus_schreibersii",
    "classify": [
        "Động vật",
        "Động vật có dây sống",
        "Lớp Thú",
        "Bộ Dơi",
        "Họ Dơi muỗi",
        "Miniopterus",
        "Loài"
    ],
    "description": "Miniopterus schreibersii là một loài động vật có vú trong họ Dơi muỗi, bộ Dơi. Loài này được Kuhl mô tả năm 1817. ",
    "first_img": "https://upload.wikimedia.org/wikipedia/commons/d/d8/Miniopterus_schreibersii_dasythrix.jpg",
    "content": ""
}