{
    "title": "Gallirex johnstoni",
    "url": "https://vi.wikipedia.org/wiki/Gallirex_johnstoni",
    "classify": [
        "Động vật",
        "Động vật có dây sống",
        "Chim",
        "Musophagiformes",
        "Musophagidae",
        "Gallirex (trang không tồn tại)",
        "Loài"
    ],
    "description": "Ruwenzorornis johnstoni Musophaga johnstoni ",
    "first_img": "https://upload.wikimedia.org/wikipedia/commons/c/cb/GallirexJohnstoniKeulemans.jpg",
    "content": "Gallirex johnstoni là một loài chim trong họ Musophagidae."
}