{
    "title": "Strix rufipes",
    "url": "https://vi.wikipedia.org/wiki/Strix_rufipes",
    "classify": [
        "Động vật",
        "Động vật có dây sống",
        "Chim",
        "Bộ Cú",
        "Họ Cú mèo",
        "Strix",
        "Loài"
    ],
    "description": "Strix rufipes là một loài chim trong họ Strigidae. ",
    "first_img": "https://upload.wikimedia.org/wikipedia/commons/e/eb/Status_iucn3.1_LC_vi.svg/220px-Status_iucn3.1_LC_vi.svg.png",
    "content": ""
}