{
    "title": "Mỏ rộng đen đỏ",
    "url": "https://vi.wikipedia.org/wiki/M%E1%BB%8F_r%E1%BB%99ng_%C4%91en_%C4%91%E1%BB%8F",
    "classify": [
        "Động vật",
        "Động vật có dây sống",
        "Chim",
        "Bộ Sẻ",
        "Họ Mỏ rộng",
        "Nicholas Aylward Vigors",
        "Loài"
    ],
    "description": "Mỏ rộng đỏ hay Mỏ rộng đen đỏ (tên khoa học Cymbirhynchus macrorhynchos) là một loài chim trong họ Eurylaimidae. Mỏ rộng đỏ sinh sống ở Đông Nam Á.",
    "first_img": "https://upload.wikimedia.org/wikipedia/commons/3/3d/Cymbirhynchus_macrorhynchos_by_Jason_Thompson_%28crop%29.png",
    "content": ""
}