{
    "title": "Dẽ ngón dài",
    "url": "https://vi.wikipedia.org/wiki/D%E1%BA%BD_ng%C3%B3n_d%C3%A0i",
    "classify": [
        "Động vật",
        "Động vật có dây sống",
        "Chim",
        "Bộ Choi choi",
        "Họ Dẽ",
        "Calidris",
        "Loài"
    ],
    "description": "Dẽ ngón dài (tên khoa học: Calidris subminuta) là một loài chim trong họ Scolopacidae. Dẽ ngón dài sinh sống ở miền bắc châu Á và là di cư mạnh mẽ, trú đông ở phía nam và phía đông nam châu Á và châu Úc. Nó xảy ra ở Tây Âu chỉ là một loài hiếm khi đi lang thang. ",
    "first_img": "https://upload.wikimedia.org/wikipedia/commons/c/cf/Calidris_subminuta_-_Pak_Thale.jpg",
    "content": ""
}