{
    "title": "Astrapia splendidissima",
    "url": "https://vi.wikipedia.org/wiki/Astrapia_splendidissima",
    "classify": [
        "Động vật",
        "Động vật có dây sống",
        "Chim",
        "Bộ Sẻ",
        "Họ Chim thiên đường",
        "Astrapia",
        "Loài"
    ],
    "description": "Astrapia splendidissima là một loài chim trong họ Paradisaeidae. ",
    "first_img": "https://upload.wikimedia.org/wikipedia/commons/c/c5/Astrapia_splendidissima_1895.jpg",
    "content": ""
}