{
    "title": "Atherurus africanus",
    "url": "https://vi.wikipedia.org/wiki/Atherurus_africanus",
    "classify": [
        "Động vật",
        "Động vật có dây sống",
        "Lớp Thú",
        "Bộ Gặm nhấm",
        "Họ Nhím lông Cựu Thế giới",
        "Atherurus",
        "Loài"
    ],
    "description": "Atherurus africanus là một loài động vật có vú trong họ Nhím lông Cựu Thế giới, bộ Gặm nhấm. Loài này được Gray mô tả năm 1842. ",
    "first_img": "https://upload.wikimedia.org/wikipedia/commons/b/b1/Porcupine_bushmeat_in_Cameroon.jpg",
    "content": ""
}