{
    "title": "Sâu róm sồi",
    "description": "Lymantria dispar là một loài bướm đêm trong họ Erebidae có nguồn gốc Eurasia. Ban đầu phân bố từ châu Âu đến châu Á, nó đã được du nhập vào Bắc Mỹ cuối thập niên 1860 và đã mở rộng phạm vi phân bố kể từ đó. Trứng của loài bướm này đẻ trứng trên cành cây, nhưng cũng có thể tìm thấy trong nhà ở.",
    "classify": [
        "Động vật",
        "Động vật Chân khớp",
        "Côn trùng",
        "Bộ Cánh vẩy",
        "Erebidae",
        "Lymantria",
        "Loài"
    ],
    "url": "https://vi.wikipedia.org/wiki/S%C3%A2u_r%C3%B3m_s%E1%BB%93i",
    "first_img": "https://upload.wikimedia.org/wikipedia/commons/b/b2/Lymantria_dispar_MHNT_Fronton_Male.jpg",
    "content": "Con sâu lớn đầy đủ có chiều dài 40-50 mm (Porter, 1997).Cánh trước con đực dào 20-24 mm còn của con cái dài 31-35 mm (Waring et al., 2003)."
}