{
    "title": "Sphex pensylvanicus",
    "description": "Sphex pensylvanicus là một loài côn trùng cánh màng trong họ Sphecidae, thuộc chi Sphex. Loài này được Linnaeus mô tả khoa học đầu tiên năm 1763. ",
    "classify": [
        "Động vật",
        "Động vật Chân khớp",
        "Côn trùng",
        "Bộ Cánh màng",
        "Phân bộ Eo nhỏ",
        "Apoidea",
        "Sphecidae",
        "Sphex",
        "Loài"
    ],
    "url": "https://vi.wikipedia.org/wiki/Sphex_pensylvanicus",
    "first_img": "https://upload.wikimedia.org/wikipedia/commons/8/80/Sphex_pensylvanicus.jpg",
    "content": ""
}