{
    "title": "Hyphantria cunea",
    "description": "Hyphantria cunea là một loài bướm đêm thuộc phân họ Arctiinae, họ Erebidae. ",
    "classify": [
        "Động vật",
        "Động vật Chân khớp",
        "Côn trùng",
        "Bộ Cánh vẩy",
        "Erebidae",
        "Hyphantria (trang không tồn tại)",
        "Loài"
    ],
    "url": "https://vi.wikipedia.org/wiki/Hyphantria_cunea",
    "first_img": "https://upload.wikimedia.org/wikipedia/commons/c/c7/Hyphantria_cunea%2C_adult.jpg",
    "content": ""
}