{
    "title": "Phrynosoma cornutum",
    "description": "Phrynosoma cornutum là một loài thằn lằn trong họ Phrynosomatidae. Loài này được Harlan mô tả khoa học đầu tiên năm 1824. ",
    "classify": [
        "Động vật",
        "Động vật có dây sống",
        "Động vật bò sát",
        "Bò sát có vảy",
        "Thằn lằn",
        "Phrynosomatidae",
        "Phrynosoma (trang không tồn tại)",
        "Loài"
    ],
    "url": "https://vi.wikipedia.org/wiki/Phrynosoma_cornutum",
    "first_img": "https://upload.wikimedia.org/wikipedia/commons/6/68/TexasHornedLizard.jpg",
    "content": ""
}