{
    "title": "Sistrurus miliarius",
    "description": "Sistrurus miliarius là một loài rắn trong họ Rắn lục. Loài này được Linnaeus mô tả khoa học đầu tiên năm 1766. ",
    "classify": [
        "Động vật",
        "Động vật có dây sống",
        "Reptilia",
        "Squamata",
        "Serpentes",
        "Alethinophidia",
        "Viperidae",
        "Sistrurus (trang không tồn tại)",
        "Loài"
    ],
    "url": "https://vi.wikipedia.org/wiki/Sistrurus_miliarius",
    "first_img": "https://upload.wikimedia.org/wikipedia/commons/8/8c/Sistrurus_miliaris_miliaris_CDC.png",
    "content": ""
}