{
    "title": "Cá sấu Orinoco",
    "description": "Cá sấu Orinoco, danh pháp hai phần là Crocodylus intermedius, là một loài cá sấu lớn trong họ Crocodylidae. Loài này được Graves mô tả khoa học đầu tiên năm 1819. ",
    "classify": [
        "Động vật",
        "Động vật có dây sống",
        "Động vật bò sát",
        "Bộ Cá sấu",
        "Cá sấu",
        "Crocodylus",
        "Loài"
    ],
    "url": "https://vi.wikipedia.org/wiki/C%C3%A1_s%E1%BA%A5u_Orinoco",
    "first_img": "https://upload.wikimedia.org/wikipedia/commons/f/f2/Croc_inter.jpg",
    "content": ""
}