{
    "title": "Lampropholis guichenoti",
    "description": "Lygosoma guichenoti Lygosoma (mocoa) guttulatum Lygosoma duperreyii ",
    "classify": [
        "Động vật",
        "Động vật có dây sống",
        "Động vật bò sát",
        "Bò sát có vảy",
        "Thằn lằn",
        "Scincidae",
        "Lampropholis (trang không tồn tại)",
        "Loài"
    ],
    "url": "https://vi.wikipedia.org/wiki/Lampropholis_guichenoti",
    "first_img": "https://upload.wikimedia.org/wikipedia/commons/0/0f/Common_garden_skink.jpeg",
    "content": "Lampropholis guichenoti là một loài thằn lằn trong họ Scincidae. Loài này được Duméril & Bibron mô tả khoa học đầu tiên năm 1839."
}