{
    "title": "Lepidochelys kempii",
    "description": "Lepidochelys kempii (tên tiếng Anh: Kemp's ridley sea turtle) là loài rùa biển hiếm nhất và đang cực kỳ nguy cấp. Đây là một trong hai loài sống trong chi Lepidochelys (một trong những khác là L. olivacea, Vích). ",
    "classify": [
        "Động vật",
        "Động vật có dây sống",
        "Reptilia",
        "Testudines",
        "Cheloniidae",
        "Lepidochelys (trang không tồn tại)",
        "Loài"
    ],
    "url": "https://vi.wikipedia.org/wiki/Lepidochelys_kempii",
    "first_img": "https://upload.wikimedia.org/wikipedia/commons/5/5b/Lepidochelys_kempii.jpg",
    "content": ""
}