{
    "title": "Lampropeltis elapsoides",
    "description": "Lampropeltis elapsoides là một loài rắn trong họ Rắn nước. Loài này được Holbrook mô tả khoa học đầu tiên năm 1838. ",
    "classify": [
        "Động vật",
        "Động vật có dây sống",
        "Reptilia",
        "Squamata",
        "Serpentes",
        "Alethinophidia",
        "Colubridae",
        "Lampropeltis",
        "Loài"
    ],
    "url": "https://vi.wikipedia.org/wiki/Lampropeltis_elapsoides",
    "first_img": "https://upload.wikimedia.org/wikipedia/commons/5/5b/Lampropeltis_elapsoides.jpg",
    "content": ""
}