{
    "title": "Glyptemys insculpta",
    "description": "Glyptemys insculpta là một loài rùa trong họ Emydidae, chúng sống tại Bắc Mỹ. Loài này được Le Conte mô tả khoa học đầu tiên năm 1830. ",
    "classify": [
        "Động vật",
        "Động vật có dây sống",
        "Động vật bò sát",
        "Bộ Rùa",
        "Phân bộ Rùa cổ ẩn",
        "Emydidae",
        "Glyptemys (trang không tồn tại)",
        "Loài"
    ],
    "url": "https://vi.wikipedia.org/wiki/Glyptemys_insculpta",
    "first_img": "https://upload.wikimedia.org/wikipedia/commons/c/c0/N140_Sowerby_%26_Lear_1872_%28glyptemys_insculpta%29.jpg",
    "content": ""
}