{
    "title": "Cá nục heo cờ",
    "description": "Cá nục heo cờ hay cá bè dũa (danh pháp khoa học: Coryphaena hippurus), là một loài cá thuộc họ Cá nục heo. Loài này sinh sống gần bề mặt thường là từ độ sâu 5 và 10 m. Chúng ăn gần như tất cả các loại cá và động vật phù du, nhưng cũng có xu hướng bắt động vật giáp xác. Loài cá này trưởng thành tính dục lúc 4-5 tháng. ",
    "classify": [
        "Động vật",
        "Động vật có dây sống",
        "Lớp Cá vây tia",
        "Bộ Cá khế",
        "Coryphaenidae",
        "Coryphaena",
        "Loài"
    ],
    "url": "https://vi.wikipedia.org/wiki/C%C3%A1_n%E1%BB%A5c_heo_c%E1%BB%9D",
    "first_img": "https://upload.wikimedia.org/wikipedia/commons/9/94/Coryphaenahippurus.JPG",
    "content": ""
}