{
    "title": "Cá vàng",
    "description": "Cá vàng (hay cá Tàu, cá ba đuôi, cá vàng ba đuôi) (danh pháp hai phần: Carassius auratus) là loài cá nước ngọt nhỏ thường được nuôi làm cảnh. Cá vàng là một trong những dòng cá được thuần hóa sớm nhất và ngày nay vẫn là một trong những loài cá cảnh phổ biến nhất cho cả bể cá trong nhà và hồ cá ngoài trời. ",
    "classify": [
        "Động vật",
        "Động vật có dây sống",
        "Lớp Cá vây tia",
        "Bộ Cá chép",
        "Họ Cá chép",
        "Carassius",
        "Loài"
    ],
    "url": "https://vi.wikipedia.org/wiki/C%C3%A1_v%C3%A0ng",
    "first_img": "https://upload.wikimedia.org/wikipedia/commons/d/dd/Goldfish_Pearl_Scale.jpg",
    "content": "Nguồn gốc Cá vàng được thuần hóa từ loài cá giếc Phổ (Carassius gibelio), một loài cá diếc màu nâu xám sẫm bản địa của châu Á. Cá vàng được nhân giống theo màu lần đầu tiên tại Trung Quốc từ hơn 1000 năm trước. Do chọn giống, cá vàng đã phát triển thành nhiều giống khác nhau và hiện có nhiều màu sắc và hoa văn đa dạng, có hình dạng và kích thước khác nhiều do với giống cá diếc được thuần hóa ban đầu.Đặc điểm Cá vàng là thành viên tương đối nhỏ của họ Cá chép, họ cá nước ngọt lớn nhất trên thế giới. Ngoài cá vàng, trong họ Cá chép còn có các thành viên nổi tiếng khác như cá tuế, cá lưới, cá chép, cá trắm đen cá mè, cá trắm cỏ và cá chép Koi v.v. Quá trình chọn giống qua nhiều thế kỷ đã tạo ra nhiều kiểu màu sắc khác nhau, một số khác xa với màu vàng của cá vàng nguyên gốc. Cá cũng có những hình dáng khác nhau và kiểu vây, đuôi, mắt khác nhau. Một số loại cá vàng ở các thái cực phải được nuôi trong bể kính trong nhà vì chúng yếu hơn các giống gần với giống tự nhiên ban đầu. Một số giống khác như cá vàng Shubunkin lại khỏe hơn và có thể sống trong hồ cá ngoài trời.Cá vàng còn có thể thay đổi màu sắc theo phổ ánh sáng trong bể nuôi. Cá sống trong bể tối sẽ có màu nhạt hơn vào các buổi sáng và sẽ dần mất màu theo thời gian. Cá vàng có thể phát triển tới chiều dài khoảng 16 - 20 cm (6,3 - 7,87 inch). Tuy nhiên, hiếm có con cá vàng nào đạt được đến kích thước này. Trong điều kiện tối ưu, cá vàng có thể sống hơn 20 năm, nhưng đa số cá vàng nuôi tại nhà thường chỉ sống dưới 6 tới 8 năm do phải sống trong điều kiện sống không tối ưu (chẳng hạn phải sống trong bể thủy tinh tròn). Con cá vàng già nhất đã ghi chép lại sống tới 49 năm.[cần dẫn nguồn].Con cá vàng dài nhất đo được là 47,4 xentimét (18,7 in) tính từ mũi đến đuôi tại Hapert, Hà Lan. Con cá vàng cảnh dài nhất đã đo được thuộc giống oranda có tên gọi là Bruce. Con cá này đo được 40 xentimét (16 in) ở Hồng Kông năm 2002.Hình ảnh cá vàng "
}