{
    "title": "Cá ngừ vây vàng",
    "description": "Cá ngừ vây vàng (danh pháp hai phần: Thunnus albacares) là một loài cá ngừ được dùng làm thực phẩm cho con người. Nó được tìm thấy ngoài khơi trên các vùng biển nhiệt đới và cận nhiệt đới trên khắp thế giới, mặc dù không thấy có tại khu vực Địa Trung Hải. Theo một số báo cáo, nó có thể dài tới 239 cm (94 inch) và cân nặng tới 200 kg (440 pound). ",
    "classify": [
        "Động vật",
        "Động vật có dây sống",
        "Động vật có hộp sọ",
        "Động vật có xương sống",
        "Động vật có quai hàm",
        "Siêu lớp Cá xương",
        "Lớp Cá vây tia",
        "Neopterygii (trang không tồn tại)",
        "Phân thứ lớp Cá xương thật",
        "Acanthopterygii (trang không tồn tại)",
        "Bộ Cá vược",
        "Scombroidei",
        "Họ Cá thu ngừ",
        "Scombrinae (trang không tồn tại)",
        "Thunnus",
        "Neothunnus (trang không tồn tại)",
        "Loài"
    ],
    "url": "https://vi.wikipedia.org/wiki/C%C3%A1_ng%E1%BB%AB_v%C3%A2y_v%C3%A0ng",
    "first_img": "https://upload.wikimedia.org/wikipedia/commons/c/c6/Yellowfin_tuna_NOAA.jpg",
    "content": "Mô tả Vây lưng thứ hai và vây hậu môn có màu vàng sáng, vì thế mà nó có tên gọi này. Các vây này cũng như các vây ngực đều rất dài. Cơ thể của nó có màu xanh kim loại sẫm, đổi thành màu bạc ở phần bụng. Nó cũng có khoảng 20 vạch theo chiều dọc.Cá ngừ vây vàng có xu hướng bơi thành bầy với những loại cá khác có cùng kích cỡ, bao gồm các loại cá ngừ khác cũng như các loại cá lớn hơn khác như cá heo, cá voi hay cá nhám voi. Cá ngừ vây vàng ăn các loại cá nhỏ khác, động vật giáp xác hay mực.Người ta đánh bắt cá ngừ vây vàng bằng lưới vây, cũng như bằng cần và dây câu. Loại cá này được bán chủ yếu dưới dạng đông lạnh hay đóng hộp, nhưng cũng rất phổ biến dưới dạng sashimi (刺身)- một dạng gỏi cá của người Nhật Bản."
}