{
    "title": "Cá than",
    "description": "Cá than, (danh pháp hai phần: Anoplopoma fimbria), là một trong hai thành viên của họ cá có danh pháp khoa học là Anoplopomatidae (họ Cá than) và là loài duy nhất trong chi Anoplopoma. Nó được tìm thấy tại các đáy nhiều bùn của khu vực bắc Thái Bình Dương ở độ sâu từ 300 tới 2.700 m, có giá trị kinh tế quan trọng tại Nhật Bản. Nó cũng được coi là đặc sản tại nhiều quốc gia vì thịt có vị ngọt và kết cấu như bông.",
    "classify": [
        "Động vật",
        "Động vật có dây sống",
        "Động vật có hộp sọ",
        "Động vật có xương sống",
        "Động vật có quai hàm",
        "Siêu lớp Cá xương",
        "Lớp Cá vây tia",
        "Actinopteri",
        "Neopterygii (trang không tồn tại)",
        "Teleostei",
        "Osteoglossocephalai (trang không tồn tại)",
        "Clupeocephala (trang không tồn tại)",
        "Euteleosteomorpha (trang không tồn tại)",
        "Neoteleostei",
        "Eurypterygia (trang không tồn tại)",
        "Ctenosquamata (trang không tồn tại)",
        "Acanthomorphata",
        "Euacanthomorphacea (trang không tồn tại)",
        "Percomorphaceae",
        "Eupercaria",
        "Perciformes",
        "Cottoidei (trang không tồn tại)",
        "Anoplopomatales",
        "Họ Cá than",
        "William Orville Ayres (trang không tồn tại)",
        "Loài"
    ],
    "url": "https://vi.wikipedia.org/wiki/C%C3%A1_than",
    "first_img": "https://upload.wikimedia.org/wikipedia/commons/2/22/4sablefish_500.jpg",
    "content": "Thịt cá than chứa nhiều axít béo omega 3 chuỗi dài có lợi cho sức khỏe như EPA và DHA. Hàm lượng các axít béo này tương tự như ở cá hồi hoang dã."
}