{
    "title": "Scophthalmus maximus",
    "description": "Scophthalmus maximus là một loài cá thân bẹt trong họ Scophthalmidae. Nó là một loài cá biển tầng đáy có nguồn gốc từ bắc Đại Tây Dương, biển Baltic, Địa Trung Hải. ",
    "classify": [
        "Động vật",
        "Động vật có dây sống",
        "Actinopterygii",
        "Pleuronectiformes",
        "Scophthalmidae",
        "Scophthalmus",
        "Loài"
    ],
    "url": "https://vi.wikipedia.org/wiki/Scophthalmus_maximus",
    "first_img": "https://upload.wikimedia.org/wikipedia/commons/8/84/Psetta_maxima_Luc_Viatour.jpg",
    "content": ""
}