{
    "title": "Cá thu vua",
    "description": "Cá thu vua (danh pháp hai phần: Scomberomorus cavalla) là một loài cá trong họ Cá thu ngừ. Cá thu vua phân bố ở phía tây Đại Tây Dương và Vịnh Mexico. Nó là một loài hải sản quan trọng đối với cả thương mại và giải trí. Cá thu vua là một loài cá có kích thước trung bình, thường nặng 30 pound, nhưng được biết là vượt quá 90 pound. Toàn bộ cơ thể được bao phủ bởi vảy rất nhỏ, hầu như không thể nhìn thấy, dính lỏng lẻo.",
    "classify": [
        "Động vật",
        "Động vật có dây sống",
        "Lớp Cá vây tia",
        "Bộ Cá vược",
        "Họ Cá thu ngừ",
        "Scomberomorus",
        "Loài"
    ],
    "url": "https://vi.wikipedia.org/wiki/C%C3%A1_thu_vua",
    "first_img": "https://upload.wikimedia.org/wikipedia/commons/1/12/Sccav_u0.gif",
    "content": ""
}