{
    "title": "Thunnus alalunga",
    "description": "Thunnus alalunga là một loài cá trong họ Cá thu ngừ. Loài cá này được tìm thấy ở vùng biển mở của tất cả các đại dương nhiệt đới và ôn đới, và Biển Địa Trung Hải. Đây là một loại thủy sản quan trọng.  ",
    "classify": [
        "Animalia",
        "Chordata",
        "Actinopterygii",
        "Perciformes",
        "Scombridae",
        "Thunnus",
        "Loài"
    ],
    "url": "https://vi.wikipedia.org/wiki/Thunnus_alalunga",
    "first_img": "https://upload.wikimedia.org/wikipedia/commons/9/97/Thunnus_alalunga.jpg",
    "content": ""
}