{
    "title": "Esox masquinongy",
    "description": "Esox masquinongy, hay cá musky là một loài cá nước ngọt không phổ biến ở Bắc Mỹ, thành viên lớn nhất của họ Esocidae. Chúng còn có các tên gọi khác như muscallonge, milliganong, maskinonge, muskie hoặc musky. ",
    "classify": [
        "Animalia",
        "Chordata",
        "Vertebrata",
        "Actinopterygii",
        "Protacanthopterygii (trang không tồn tại)",
        "Esociformes",
        "Esocidae",
        "Esox",
        "Loài"
    ],
    "url": "https://vi.wikipedia.org/wiki/Esox_masquinongy",
    "first_img": "https://upload.wikimedia.org/wikipedia/commons/d/d2/Esox_masquinongyeditcrop.jpg",
    "content": ""
}