{
    "title": "Cá khoai",
    "description": "Cá khoai (danh pháp hai phần: Harpadon nehereus) là một loài cá biển thuộc họ Synodontidae. Loài cá này là loài bản địa vùng nước từ Mumbai đến biển Ả Rập và một số lượng nhỏ cũng được tìm thấy ở vịnh Bengal. Số lượng lớn cũng hiện diện ở Biển Đông. Loài này được đánh bắt để tiêu thụ. Năm 1997, EU hạn chế nhập loài cá này do không rõ về tình trạng vệ sinh dịch tễ. Ở Việt Nam, cá này xuất hiện vào tháng 10 đến tháng 2 năm sau, Tập trung chủ yếu dọc ven biển Duyên hải Miền Trung. ",
    "classify": [
        "Động vật",
        "Động vật có dây sống",
        "Lớp Cá vây tia",
        "Aulopiformes",
        "Synodontidae",
        "Harpadon",
        "Loài"
    ],
    "url": "https://vi.wikipedia.org/wiki/C%C3%A1_khoai",
    "first_img": "https://upload.wikimedia.org/wikipedia/commons/2/2f/Harpadon_nehereus_%28by_Hamid_Badar_Osmany%29.jpg",
    "content": ""
}