{
    "title": "Ophiodon elongatus",
    "description": "Ophiodon elongatus là loài cá biển duy nhất trong chi Ophiodon. Một loài đã tuyệt chủng hơn lớn hơn loài này, Ophiodon ozymandias, được biết đến từ các hóa thạch từ Miocene muộn ở Nam California. Ophiodon elongatus là loài bản địa bờ biển phía tây Bắc Mỹ từ quần đảo Shumagin trong Vịnh Alaska đến Baja California, Mexico. Người ta đã quan sát thấy nó có kích thước lên tới 152 cm (60 in) và trọng lượng 59 kg (130 lb). Loài cá này có nhiều màu xám khác nhau. ",
    "classify": [
        "Animalia",
        "Chordata",
        "Osteichthyes",
        "Actinopterygii",
        "Neopterygii (trang không tồn tại)",
        "Hexagrammidae (trang không tồn tại)",
        "Charles Frédéric Girard (trang không tồn tại)",
        "Loài"
    ],
    "url": "https://vi.wikipedia.org/wiki/Ophiodon_elongatus",
    "first_img": "https://upload.wikimedia.org/wikipedia/commons/7/75/Ophiodon_elongatus.png",
    "content": ""
}