{
    "title": "Cá mú nghệ",
    "description": "Cá mú nghệ (danh pháp khoa học: Epinephelus lanceolatus), là loài cá xương lớn nhất được tìm thấy ở các rạn san hô, là biểu tượng thủy sinh của bang Queensland, Úc. Loài cá này sống ở khắp vùng Ấn Độ Dương và Thái Bình Dương, trừ vịnh Ba Tư. Con lớn có thể dài đến 2,7 mét và nặng tới 600 kg, mặc dù có những thông báo chưa được xác nhận cho rằng loài này có thể phát triển tới kích cỡ lớn hơn. Chúng thường sống ở vùng nước nông và ăn nhiều loài thủy sinh ở biển, kể cả cá mập nhỏ và rùa biển nhỏ. ",
    "classify": [
        "Động vật",
        "Động vật có dây sống",
        "Động vật có hộp sọ",
        "Động vật có xương sống",
        "Động vật có quai hàm",
        "Siêu lớp Cá xương",
        "Lớp Cá vây tia",
        "Neopterygii (trang không tồn tại)",
        "Phân thứ lớp Cá xương thật",
        "Acanthopterygii (trang không tồn tại)",
        "Bộ Cá vược",
        "Percoidei",
        "Percoidea",
        "Họ Cá mú",
        "Epinephelinae",
        "Epinephelus",
        "Loài"
    ],
    "url": "https://vi.wikipedia.org/wiki/C%C3%A1_m%C3%BA_ngh%E1%BB%87",
    "first_img": "https://upload.wikimedia.org/wikipedia/commons/9/99/Panther.grouper.arp.jpg",
    "content": ""
}