{
    "title": "Cá ó sao",
    "description": "Cá ó sao, tên khoa học Aetobatus narinari, còn gọi là cá ó đốm, cá đuối, là một loài cá sụn thuộc họ Myliobatidae. Nó có thể được tìm thấy trên toàn cầu ở các vùng nhiệt đới, trong đó có Vịnh Mexico, Hawaii, ngoài khơi bờ biển Tây Phi, Ấn Độ Dương, Châu Đại Dương, và trên cả hai bờ của Mỹ ở độ sâu khoảng 80 mét (262 ft). thường được thấy đi một mình, nhưng đôi khi bơi theo nhóm. ",
    "classify": [
        "Động vật",
        "Động vật có dây sống",
        "Chondrichthyes",
        "Myliobatiformes",
        "Myliobatidae",
        "Aetobatus",
        "Loài"
    ],
    "url": "https://vi.wikipedia.org/wiki/C%C3%A1_%C3%B3_sao",
    "first_img": "https://upload.wikimedia.org/wikipedia/commons/2/2a/Spotted_Eagle_Ray_%28Aetobatus_narinari%292.jpg",
    "content": ""
}