{
    "title": "Pleuronectes ferruginea",
    "description": "Pleuronectes ferruginea là một loài cá thuộc họ Pleuronectidae. Chúng thường được tìm thấy ở Canada và Hoa Kỳ. ",
    "classify": [
        "Động vật",
        "Động vật có dây sống",
        "Lớp Cá vây tia",
        "Bộ Cá thân bẹt",
        "Pleuronectidae",
        "Pleuronectes (trang không tồn tại)",
        "Loài"
    ],
    "url": "https://vi.wikipedia.org/wiki/Pleuronectes_ferruginea",
    "first_img": "https://upload.wikimedia.org/wikipedia/commons/0/0b/Yellowtail_flounder.jpg",
    "content": ""
}