{
    "title": "Ong bắp cày khổng lồ châu Á",
    "description": "Ong bắp cày khổng lồ châu Á (danh pháp hai phần: Vespa mandarinia) là một loài côn trùng bản địa sống ở vùng ôn đới và vùng nhiệt đới ở Đông Á. Loài này có chiều dài lớn nhất là 5 cm, được xem là loài ong lớn nhất và nguy hiểm nhất. Nọc độc của chúng tấn công vào hệ thần kinh và đe dọa tính mạng nếu không điều trị kịp thời sau khi bị chúng đốt.Chúng thích sống ở những ngọn núi và rừng thấp, trong khi gần như ít xuất hiện ở vùng đồng bằng và vùng khí hậu cao độ. Chúng làm tổ bằng cách đào, đồng chọn các đường hầm có sẵn được đào bởi loài gặm nhấm hoặc chiếm không gian gần rễ thông bị thối rữa. Chúng chủ yếu ăn côn trùng lớn hơn, thuộc địa của côn trùng eusocial khác, nhựa cây và mật ong từ các đàn ong mật. Sừng có chiều dài cơ thể 45 mm, sải cánh khoảng 75 mm và dài hơn 6 mm, tiêm một lượng lớn nọc độc cực mạnh.Chúng không chỉ sống ở châu Á mà còn xâm chiếm vùng Bắc Mỹ và làm người dân ám ảnh vì chúng thích ăn ong mật. Đôi khi chúng còn đi ăn cả loài ong bắp cày khác.Giữa tháng 9 đến tháng 10, chúng bắt đầu giao phối, trong thời gian này màu sắc của chúng trở nên đậm hơn. Con đực sẽ truyền tinh trùng vào người ong Chúa nhưng mãi đến tháng 5 năm tiếp theo chúng mới đẻ trứng khi có thể.",
    "classify": [
        "Động vật",
        "Động vật Chân khớp",
        "Côn trùng",
        "Hymenoptera",
        "Vespidae",
        "Vespa",
        "Loài"
    ],
    "url": "https://vi.wikipedia.org/wiki/Ong_b%E1%BA%AFp_c%C3%A0y_kh%E1%BB%95ng_l%E1%BB%93_ch%C3%A2u_%C3%81",
    "first_img": "https://upload.wikimedia.org/wikipedia/commons/3/3e/Vespa_mandarinia_japonica2.jpg",
    "content": ""
}