{
    "title": "Pyrrharctia isabella",
    "description": "Pyrrharctia isabella là một loài bướm đêm thuộc phân họ Arctiinae, họ Erebidae. ",
    "classify": [
        "Động vật",
        "Động vật Chân khớp",
        "Côn trùng",
        "Bộ Cánh vẩy",
        "Erebidae",
        "Pyrrharctia (trang không tồn tại)",
        "Loài"
    ],
    "url": "https://vi.wikipedia.org/wiki/Pyrrharctia_isabella",
    "first_img": "",
    "content": ""
}