{
    "title": "Aedes aegypti",
    "description": "Aedes aegypti, dân gian gọi là muỗi vằn, là một loài muỗi mang virus gây bệnh sốt Dengue, Chikungunya và sốt vàng da (cũng như một số bệnh khác như virus Zika,..). Một nhóm nghiên cứu vừa đề nghị đổi tên A. aegypti thành Stegomyia aegypti , nhưng đề xuất này hiện chưa được giới khoa học công nhận rộng rãi. Loài muỗi này có thể dễ dàng nhận dạng nhờ có vằn trắng (nên được gọi là muỗi vằn), mặc dù một số loài khác cũng có đặc điểm gần giống. Loài này thường thấy tại khu vực nhiệt đới; đôi khi cũng có ở miền Nam Hoa Kỳ (chẳng hạn như vùng hạ Florida). ",
    "classify": [
        "Động vật",
        "Động vật Chân khớp",
        "Côn trùng",
        "Ruồi",
        "Muỗi",
        "Aedes",
        "Stegomyia (trang không tồn tại)",
        "Loài"
    ],
    "url": "https://vi.wikipedia.org/wiki/Aedes_aegypti",
    "first_img": "https://upload.wikimedia.org/wikipedia/commons/d/d0/Aedes_aegypti.jpg",
    "content": "Tại Việt Nam Tên đầy đủ của dự án là Đánh giá khả năng thay thế của quần thể muỗi Aedes aegypti mang tác nhân sinh học Wolbachia tại một phường của tỉnh Khánh Hòa. Dự án này được báo giới gọi là Nuôi muỗi trị bệnh... sốt xuất huyết. Dự án này do Viện Vệ sinh dịch tễ trung ương chủ trì phối hợp với Viện Pasteur Nha Trang và Sở Y tế Khánh Hòa thực hiện.Đảo Trí Nguyên, thuộc phường Vĩnh Nguyên, Thành phố Nha Trang, tỉnh Khánh Hòa được chọn triển khai thí điểm chương trình, do đảo này nằm biệt lập với đất liền.Viện Dịch tễ Trung ương đã cấy vi khuẩn Wolbachia (còn gọi là vi khuẩn Bỏng Ngô) vào trứng loài muỗi Aedes aegypti. Để khi nở ra, bản thân muỗi con đã mang trong mình vi khuẩn Wolbachia, có tác dụng làm ức chế khả năng truyền bệnh sốt xuất huyết.[ghi chú 1]Để thực hiện thành công dự án, các hướng dẫn viên của chương trình và người dân ở đảo Trí Nguyên đã diệt số muỗi hiện có trên đảo. Bằng cách diệt bọ gậy, dùng vợt bắt muỗi... số muỗi sống trong tự nhiên của đảo chỉ còn khoảng dưới 10%. Phải làm như vậy để khi bọ gậy mang mầm vi khuẩn Wolbachia nở ra, chúng sẽ giao phối với số muỗi ít ỏi còn lại trên đảo.Tiếp đó, hơn 800 gia đình ở đảo Trí Nguyên được tiếp nhận 8.000 con bọ gậy (loăng quăng - ấu trùng do muỗi đẻ ra, từ Viện Dịch tễ Trung ương và thả trong môi trường nước đặt quanh nhà họ.Những người thực hiện dự án hy vọng rằng sau 3 tháng số lượng muỗi mới từ lượng loăng quăng có mang vi khuẩn Wolbachia sẽ thay thế dần quần thể muỗi hiện có trên đảo. Từ đó, lớp muỗi mới mang vi khuẩn Wolbachia sẽ góp phần quan trọng trong việc hạn chế và đi đến chấm dứt bệnh sốt xuất huyết đang hoành hành hằng năm ở khu vực miền Trung. Trên thế giới đã có một số nước triển khai mô hình diệt muỗi gây sốt xuất huyết này và cho kết quả khả quan."
}