{
    "title": "Muỗi vằn châu Á",
    "description": "Aedes albopictus, dân gian gọi là muỗi vằn (tiếng Anh: Asian tiger mosquito, tức muỗi hổ châu Á), đây là loài muỗi có nguồn gốc tại Đông Nam Á, và có từ Madagascar về phía đông cho tới New Guinea, và phía bắc tới độ vĩ của Triều Tiên. Loài này cũng được thấy tại miền Nam Hoa Kỳ từ năm 1985, và tại Nigeria từ năm 2002. Năm 2007, loài này cũng có tại New Zealand[cần dẫn nguồn] Đông Canada[cần dẫn nguồn], và 12 nước châu Âu bao gồm Ý và Tây Ban Nha. Muỗi này có đặc điểm chân có khoang trắng đen và mình nhỏ, có màu trắng hoặc đen (xem hình). Muỗi Aedes albopictus thích sống ở các bụi cây, đám cỏ, chủ yếu ở vùng nông thôn. Sau khi hút máu một người bệnh, muỗi cái có thể truyền bệnh ngay nếu hút máu một người lành hoặc virus nhân lên ở tuyến nước bọt của muỗi sau đó 8-10 ngày hút máu người lành có thể truyền bệnh.",
    "classify": [
        "Động vật",
        "Động vật Chân khớp",
        "Phân ngành Sáu chân",
        "Côn trùng",
        "Phân lớp Côn trùng có cánh (trang không tồn tại)",
        "Cận lớp Côn trùng cánh mới (trang không tồn tại)",
        "Siêu bộ Côn trùng cánh trong (trang không tồn tại)",
        "Ruồi",
        "Nematocera (trang không tồn tại)",
        "Cận bộ Muỗi (trang không tồn tại)",
        "Siêu họ Muỗi (trang không tồn tại)",
        "Muỗi",
        "Aedes",
        "Loài"
    ],
    "url": "https://vi.wikipedia.org/wiki/Mu%E1%BB%97i_v%E1%BA%B1n_ch%C3%A2u_%C3%81",
    "first_img": "https://upload.wikimedia.org/wikipedia/commons/e/ea/Aedes_Albopictus.jpg",
    "content": ""
}