{
    "title": "Ascalapha odorata",
    "description": "Ascalapha odorata là một loài bướm đêm trong họ Erebidae. ",
    "classify": [
        "Động vật",
        "Động vật Chân khớp",
        "Côn trùng",
        "Bộ Cánh vẩy",
        "Erebidae",
        "Ascalapha",
        "Loài"
    ],
    "url": "https://vi.wikipedia.org/wiki/Ascalapha_odorata",
    "first_img": "https://upload.wikimedia.org/wikipedia/commons/f/f4/Starr_001215_0060_ascalapha_odorata.jpg",
    "content": ""
}