{
    "title": "Bombus pensylvanicus",
    "description": "Bombus pensylvanicus là một loài Hymenoptera trong họ Apidae. Loài này được De Geer mô tả khoa học năm 1773. ",
    "classify": [
        "Sinh vật nhân thực",
        "Động vật",
        "Arthropoda",
        "Insecta",
        "Hymenoptera",
        "Apidae",
        "Bombus"
    ],
    "url": "https://vi.wikipedia.org/wiki/Bombus_pensylvanicus",
    "first_img": "https://upload.wikimedia.org/wikipedia/commons/c/c6/Bombus_pensylvanicus.jpg",
    "content": ""
}