{
    "title": "Kiến nhảy",
    "description": "Kiến nhảy (danh pháp khoa học: Myrmecia pilosula) là một loài kiến do nhà côn trùng học người Anh Frederick Smith phát hiện, mô tả và đặt tên đầu tiên vào năm 1858. Đây là một loài kiến xuất xứ từ Úc, hiện nay có nhiều nhất ở bang Tasmania và đông nam lục địa Úc. Trong tiếng Anh, loài này được gọi bằng nhiều tên ít nhiều khác nhau: jack jumper, jumping jack, hopper ant, hoặc jumper ant. Loài này thường được nhắc đến vì các đặc điểm khá độc đáo:",
    "classify": [
        "Động vật",
        "Động vật chân khớp",
        "Côn trùng",
        "Bộ Cánh màng",
        "Formicidae",
        "Myrmeciinae",
        "Myrmeciini (trang không tồn tại)",
        "Myrmecia (kiến) (trang không tồn tại)",
        "Nhóm loài (trang không tồn tại)",
        "Loài"
    ],
    "url": "https://vi.wikipedia.org/wiki/Ki%E1%BA%BFn_nh%E1%BA%A3y",
    "first_img": "https://upload.wikimedia.org/wikipedia/commons/d/d8/Shattuck_C25795-1%2C_ANIC32-023626%2C_Myrmecia%2C_near_Bungendore%2C_NSW.png",
    "content": "Hình thái Giống như tất cả các loài trong họ kiến, loài kiến nhảy có cơ thể chia thành ba phần chính: đầu, ngực và bụng cách nhau bởi eo (thắt đáy lưng ong)Kiến nhảy có cơ thể màu đen hoặc nâu xẫm với 3 đôi chân thường màu nhạt hơn (vàng hoặc cam). Phần phụ miệng có hàm lớn (hình 2) dài đến 4,2 mm (0,17 in) với nhiều răng nhọn.Kiến chúa dài tới 20mm. Kiến đực có cánh (hình 3).Phân loại Tên loài Myrmecia pilosula bắt nguồn từ tiếng Latinh pilose, có nghĩa là 'phủ lông mềm'. Frederick Smith đã mô tả nó vào năm 1858 trong cuốn sách của ông tựa đề Catalogue of hymenopterous insects in the collection of the British Museum (part VI), đồng thời đạt tên loài theo danh pháp hai phần là Myrmecia pilosula dựa vào mẫu vật ông thu thập được ở Hobart tại Tasmania. Mẫu vật về kiến thợ, kiến chúa và kiến đực được lưu giữ ở Viện bảo tàng Anh tại Luân Đôn.Đến năm 1922, nhà côn trùng học người Mỹ William Morton Wheeler đã thành lập phân chi Halmamyrmecia gồm các loài kiến đặc trưng bởi tập tính nhảy, trong đó kiến nhảy này là một loài. Tuy nhiên, John Clark sau đó đã đồng nghĩa Halmamyrmecia với Promyrmecia vào năm 1927, nên loài này xép vào chi phụ. Rồi đến năm 1953 William Brown lại phân loại loài này vào chi Myrmecia.Tập tính & sinh thái "
}