{
    "title": "Daphnis nerii",
    "description": "Daphnis nerii (tên cũ Deilephila nerii), được biết đến với tên Oleander Hawk-moth, là một loài bướm đêm thuộc họ Sphingidae. Loài này phân bố ở châu Phi, châu Á. Đây là loài di cư bay đến đông và Nam Âu vào mùa hè.",
    "classify": [
        "Animalia",
        "Arthropoda",
        "Insecta",
        "Lepidoptera",
        "Sphingidae",
        "Daphnis (genus) (trang không tồn tại)",
        "Loài"
    ],
    "url": "https://vi.wikipedia.org/wiki/Daphnis_nerii",
    "first_img": "https://upload.wikimedia.org/wikipedia/commons/8/87/Oleander_Hawk-moth_Daphnis_nerii.jpg",
    "content": ""
}