{
    "title": "Xestobium rufovillosum",
    "description": "Xestobium rufovillosum là một loài bọ cánh cứng trong họ Ptinidae. Con trưởng thành có kích thước xấp xỉ 7 milimét (0,28 in), trong khi đó ấu trùng có kích thước đạt đến 11 mm (0,43 in). ",
    "classify": [
        "Animalia",
        "Động vật Chân khớp",
        "Côn trùng",
        "Bọ cánh cứng",
        "Ptinidae",
        "Xestobium",
        "Loài"
    ],
    "url": "https://vi.wikipedia.org/wiki/Xestobium_rufovillosum",
    "first_img": "https://upload.wikimedia.org/wikipedia/commons/f/f7/Xestobium.rufovillosum.jpg",
    "content": ""
}