{
    "title": "Acherontia atropos",
    "description": "Acherontia atropos là một loài bướm đêm trong chi Acherontia. Loài Acherontia được biết đến chủ yếu do có hình ảnh hộp sọ người mờ ở trên phần giữa mình. Acherontia Atropos là một loài bướm lớn với sải cánh dài 90-130 mm (khoảng 3,5-5 inch), là loài bướm lớn nhất ở một số khu vực phân bố. ",
    "classify": [
        "Động vật",
        "Arthropoda",
        "Côn trùng",
        "Lepidoptera",
        "Sphingidae",
        "Acherontia (trang không tồn tại)",
        "Loài"
    ],
    "url": "https://vi.wikipedia.org/wiki/Acherontia_atropos",
    "first_img": "https://upload.wikimedia.org/wikipedia/commons/8/81/Acherontia_atropos_MHNT_dos.jpg",
    "content": "Acherontia atropos phân bố trên khắp Trung Đông và vùng Địa Trung Hải, phần lớn châu Phi xuống mũi phía Nam, và gia tăng về phía bắc phía nam Đại Anh do các mùa đông Anh gần đây ôn hòa hơn. Loài này hiện diện tại miền đông Ấn Độ và phía tây Saudi Arabia, và xa tận phía tây đến quần đảo Canary và Azores. Chúng xâm lấn tây Lục địa Á-Âu thường xuyên, mặc dù vài cá nhân trú đông thành công."
}