{
    "title": "Euphydryas aurinia",
    "description": "Euphydryas aurinia là một loài bướm thuộc họ Nymphalidae. Loài này phân bố phổ biến ở vùng Cổ Bắc giới, loài này sinh sống ở các khu vực đầm lầy. Giai đoạn ấu trùng kéo dài kéo dài khoảng bảy đến tám tháng và bao gồm một giai đoạn ngủ đông trong suốt mùa đông. Ấu trùng phụ thuộc vào cây thức ăn chủ Succisa pratensis không chỉ để kiếm ăn mà còn để ngủ đông, bởi vì mạng lưới tơ được hình thành trên cây chủ khi ấu trùng xám bước vào chế độ ngủ đông. Con cái đẻ trứng thành từng đợt trên cây chủ và giống như các lớp hàng loạt khác, chọn lọc vị trí đẻ trứng vì mức độ sống sót của đàn con đối với các nhóm đẻ trứng hàng loạt gắn liền với việc lựa chọn vị trí hơn là đối với các loài đẻ trứng đơn lẻ. Tính đến năm 2019, tình trạng bảo tồn toàn cầu của loài bướm này được coi là loài ít quan tâm, nhưng chúng đã phải đối mặt với sự suy giảm nhanh chóng và được coi là dễ bị tổn thương trong khu vực hoặc nguy cấp trên phần lớn phạm vi phân bố của chúng.",
    "classify": [
        "Sinh vật nhân thực",
        "Động vật",
        "Arthropoda",
        "Insecta",
        "Lepidoptera",
        "Nymphalidae",
        "Euphydryas"
    ],
    "url": "https://vi.wikipedia.org/wiki/Euphydryas_aurinia",
    "first_img": "https://upload.wikimedia.org/wikipedia/commons/5/55/Marsh_fritillary_%28Euphydryas_aurinia%29_male.jpg",
    "content": "E. aurinia có nhiều phân loài, các phân loài được chấp nhận rộng rãi nhất là:nhưng tổng số phân loài được mô tả cao hơn nhiều, đặc biệt là ở phía đông Palaearctic. Tốt nhất có thể coi côn trùng là một siêu phân loài."
}