{
    "title": "Apis cerana",
    "description": "Ong mật phương Đông, tên khoa học Apis cerana, là một loài ong mật được tìm thấy ở đông Nam Á như Trung Hoa, Ấn Độ, Nhật Bản, Malaysia, Nepal, Bangladesh và Papua New Guinea. Loài này là loài chị em với Apis koschevnikovi, cả hai trong cùng phân chi cùng với ong mật phương Tây Apis mellifera. ",
    "classify": [
        "Động vật",
        "Động vật Chân khớp",
        "Côn trùng",
        "Bộ Cánh màng",
        "Phân bộ Eo nhỏ",
        "Họ Ong mật",
        "Phân họ Ong mật",
        "Ong mật",
        "Phân chi",
        "Loài"
    ],
    "url": "https://vi.wikipedia.org/wiki/Apis_cerana",
    "first_img": "https://upload.wikimedia.org/wikipedia/commons/e/ec/Cerana.jpg",
    "content": "Phân loài (theo Engel, 1999).Động vật ký sinh Apis cerana là con chủ tự nhiên của các loài bọ chét Varroa jacobsoni và Nosema ceranae, cả hai đều là loài ký sinh trên ong mật phương Tây."
}