{
    "title": "Gonimbrasia belina",
    "description": "Gonimbrasia belina là một loài bướm đêm ở phía nam châu Phi. Sâu bướm là thực phẩm của dân địa phương. Người ta ăn sau sâu bướm khi đun trong nước muối và sấy khô. ",
    "classify": [
        "Động vật",
        "Động vật Chân khớp",
        "Côn trùng",
        "Lepidoptera",
        "Saturniidae",
        "Gonimbrasia (trang không tồn tại)",
        "Loài"
    ],
    "url": "https://vi.wikipedia.org/wiki/Gonimbrasia_belina",
    "first_img": "https://upload.wikimedia.org/wikipedia/commons/c/cc/Mopane_Worm_by_Arne_Larsen.jpg",
    "content": ""
}