{
    "title": "Biston betularia",
    "description": "Biston betularia là danh pháp hai phần của loài bướm bạch dương vùng ôn đới, cũng còn gọi là bướm sâu đo bạch dương, thuộc nhóm bướm đêm trong họ Geometridae thuộc Bộ Cánh vẩy. Đôi khi còn được dịch là bướm tiêu. Loài bướm này đã được Carl Linnaeus mô tả và đặt tên từ năm 1758, nhưng gần đây được nhắc tới nhiều trong sinh học tiến hoá cũng như di truyền học quần thể để minh hoạ cho quá trình tiến hoá loài cũng như tác động của chọn lọc tự nhiên, nhất là do công trình nghiên cứu nhiều năm của Bernard Kettlewell và cộng sự.",
    "classify": [
        "Động vật",
        "Động vật Chân khớp",
        "Côn trùng",
        "Bộ Cánh vẩy",
        "Geometridae",
        "Biston (bướm đêm)",
        "Loài"
    ],
    "url": "https://vi.wikipedia.org/wiki/Biston_betularia",
    "first_img": "https://upload.wikimedia.org/wikipedia/commons/1/11/Biston_betularia_male.jpg",
    "content": "Hình thái Mỗi cá thể bướm bạch dương trưởng thành có sải cánh trung bình là 55mm, dao động trong khoảng 45 - 62 mm. Thân tương đối mập mạp, với hình thái phổ biến là có đôi cánh trắng, điểm đen và xám như rắc tiêu (hình 1). Số lượng và kích thước các đốm đen không cố định, nhưng đặc điểm cơ bản là có hình thái rất giống với nền (giá thể) mà nó thường đậu là vỏ ngoài của cây bạch dương cũng có nền trắng đốm đen.Phân bố Bướm bạch dương (Biston betularia) là loài rất phổ biến ở vùng ôn đới, phân bố khá rộng trên thế giới, đã được tìm thấy ở Trung Quốc, Nga, Mông cổ, Nhật Bản, Hàn quốc, Triều Tiên, Nepal, Kazakhstan, Turkmenistan, Azerbaijan, Armenia, Châu Âu và cả Bắc Mỹ.Sinh thái và chu kỳ Ở dạng sâu đo, hình dạng và màu sắc của nó trông giống như cành cây hoặc màu lá cây (hình 2), và đã từ lâu được mô tả và lấy làm ví dụ cho tính thích nghi kiểu nguỵ trang trong một bài báo của Edward Bagnall Poulton (năm 1887).Tiến hóa "
}