{
    "title": "Coscinocera hercules",
    "description": "Bướm đêm Hercules (Coscinocera hercules) là một loài bướm đêm thuộc họ Saturniidae, đặc hữu của New Guinea và miền bắc Úc. It has a wingspan of ca. 27 cm nó là loài bướm đêm lớn nhất Úc, và là một trong các loài bướm đêm lớn nhất thế giới.Ấu trùng ăn Polyscias elegans, Glochidion ferdinandi, Dysoxylum muelleri, Black Cherry, Timonius rumphii, nhưng cũng ăn các loài cây khác trong điều kiện nuôi nhốt.",
    "classify": [
        "Động vật",
        "Động vật Chân khớp",
        "Côn trùng",
        "Bộ Cánh vẩy",
        "Bombycoidea",
        "Macrolepidoptera",
        "Họ Ngài hoàng đế",
        "Saturniinae (trang không tồn tại)",
        "Coscinocera",
        "Loài"
    ],
    "url": "https://vi.wikipedia.org/wiki/Coscinocera_hercules",
    "first_img": "https://upload.wikimedia.org/wikipedia/commons/d/dc/Coscinocera_hercules_male_from_Arfak.jpg",
    "content": ""
}