{
    "title": "Chelonoidis carbonaria",
    "description": "Chelonoidis carbonaria là một loài rùa trong họ Testudinidae. Loài này được Spix mô tả khoa học đầu tiên năm 1824. ",
    "classify": [
        "Động vật",
        "Động vật có dây sống",
        "Động vật bò sát",
        "Bộ Rùa",
        "Phân bộ Rùa cổ ẩn",
        "Họ Rùa cạn",
        "Chelonoidis",
        "Loài"
    ],
    "url": "https://vi.wikipedia.org/wiki/Chelonoidis_carbonaria",
    "first_img": "https://upload.wikimedia.org/wikipedia/commons/2/27/Geochelone_carbonaria_in_Barbados_Wildlife_Reserve_02.jpg",
    "content": "",
    "categories": [
        "Loài sắp nguy cấp theo Sách đỏ IUCN",
        "Chelonoidis",
        "Động vật được mô tả năm 1824",
        "Động vật bò sát Guyana",
        "Động vật bò sát Nam Mỹ",
        "Động vật bò sát Caribe",
        "Sơ khai Bộ Rùa"
    ]
}