{
    "title": "Chi Dơi lá mũi",
    "url": "https://vi.wikipedia.org/wiki/Chi_D%C6%A1i_l%C3%A1_m%C5%A9i",
    "classify": [
        "Động vật",
        "Động vật có dây sống",
        "Lớp Thú",
        "Bộ Dơi"
    ],
    "description": "Dơi lá mũi hay dơi móng ngựa (danh pháp: Rhinolophus) là một chi động vật có vú duy nhất trong họ Dơi lá mũi, bộ Dơi. Chi này được Lacépède miêu tả năm 1799. Loài điển hình của chi này là Vespertilio ferrum-equinum Schreber, 1774. Conserved in ICZN Opinion 91 (1926) and Direction 24 (1955). Dơi lá mũi được chia thành sáu phân chi và nhiều nhóm loài. Tổ tiên chung gần đây nhất của tất cả các loài dơilá mũi sống cách đây 34-40 triệu năm, mặc dù không rõ nguồn gốc địa lý của chúng là ở đâu và những nỗ lực xác định địa sinh học của chúng vẫn chưa được xác định. Sự phân loại dơi lá mũi rất phức tạp, vì bằng chứng di truyền cho thấy có khả năng tồn tại nhiều loài bí hiểm, cũng như các loài được công nhận là khác biệt có thể có ít sự khác biệt về gen với các đơn vị đã được công nhận trước đây. Chúng được tìm thấy ở Cựu thế giới, chủ yếu ở các khu vực nhiệt đới hoặc cận nhiệt đới, bao gồm Châu Phi, Châu Á, Châu Âu và Châu Đại Dương.Dơi lá mũi được coi là loài dơi cỡ nhỏ hoặc vừa, nặng 4-28 g, với chiều dài cẳng tay 30-75 mm và chiều dài toàn bộ đầu và thân là 35-110 mm. Bộ lông dài và mịn ở hầu hết các loài, có thể có màu nâu đỏ, hơi đen hoặc đỏ cam tươi. Chúng có lá mũi lớn, có hình giống như móng ngựa. Các lá mũi hỗ trợ định vị bằng tiếng vang; dơi móng ngựa có khả năng định vị bằng tiếng vọng rất tinh vi, sử dụng các tiếng kêu tần số liên tục ở chu kỳ hiệu suất cao để phát hiện con mồi ở những khu vực có môi trường lộn xộn cao. Chúng săn côn trùng và nhện, sà xuống con mồi từ một nơi đậu trên cao, hoặc mò mẫm từ tán lá. Người ta biết rất ít về các chế độ giao phối của chúng, nhưng ít nhất một loài có chế độ một vợ một chồng, trong khi một loài khác là đa thê. Thời gian mang thai khoảng bảy tuần và mỗi lần một con non. Tuổi thọ thông thường là sáu hoặc bảy năm, nhưng một con dơi lá mũi lớn hơn đã sống hơn ba mươi năm.Dơi là mũi có liên quan đến con người ở một số vùng như một nguồn bệnh, làm thực phẩm và y học cổ truyền. Một số loài là ổ chứa tự nhiên của SARS-CoV, mặc dù cầy vòi mốc là vật chủ trung gian khiến con người bị nhiễm bệnh. Một số bằng chứng cho thấy một số loài có thể là ổ chứa tự nhiên của SARS-CoV-2, nguyên nhân gây ra đại dịch coronavirus 2019. Chúng bị săn bắt để làm thực phẩm ở một số khu vực, đặc biệt là châu Phi cận Sahara, nhưng cả Đông Nam Á. Một số loài hoặc phân chim của chúng được sử dụng trong y học cổ truyền ở Nepal, Ấn Độ, Việt Nam và Senegal.",
    "first_img": "https://upload.wikimedia.org/wikipedia/commons/a/a0/Grosse_Hufeisennase-drawing.jpg",
    "content": "Các loài Chi này gồm các loài:",
    "categories": [
        "Họ Dơi lá mũi",
        "Chi động vật có vú",
        "Sơ khai Bộ Dơi"
    ]
}