{
    "title": "Chuột túi cây",
    "url": "https://vi.wikipedia.org/wiki/Chu%E1%BB%99t_t%C3%BAi_c%C3%A2y",
    "classify": [
        "Động vật",
        "Động vật có dây sống",
        "Lớp Thú",
        "Thú có túi",
        "Bộ Hai răng cửa",
        "Macropodidae",
        "Salomon Müller (trang không tồn tại)"
    ],
    "description": "Chuột túi cây, tên khoa học Dendrolagus, là một chi động vật có vú trong họ Macropodidae, bộ Hai răng cửa. Chi này được Müller miêu tả năm 1840. Loài điển hình của chi này là Dendrolagus ursinus Müller, 1840 (recte Hypsiprymnus ursinus Temminck, 1836; designated by Thomas, 1888). Chuột túi cây là loài thú có túi thích nghi với cuộc sống ở trên cây. Chúng sinh sống ở các khu rừng nhiệt đới của New Guinea, Australia, đông bắc Queensland và các đảo gần đó. Tuy nhiên, một số loài chuột túi cây cũng được tìm thấy ở những vùng đất thấp như là loài chuột túi cây Dendrolagus spadix. Hầu hết các loài chuột túi cây nằm trong danh sách các loài đang bị đe dọa bởi mất môi trường sống cùng tình trạng săn bắn.Hiện nay còn khoảng 14 loài chuột túi cây, mặc dù một số loài việc phân loại cũng không chắc chắn. Các loài chuột túi cây khác nhau về kích thước cũng như màu sắc của bộ lông, chiều dài cơ thể khoảng từ 41 đến 77 cm (16 đến 30 in), chiều dài đuôi khoảng 40 đến 87 cm (16 đến 34 in), và trọng lượng lên đến 14,5 kg (32 lb). Con cái có khối lượng thường nhỏ hơn so với con đực.",
    "first_img": "https://upload.wikimedia.org/wikipedia/commons/7/7a/Buergers%27_Tree-kangaroo%2C_Dendrolagus_goodfellowi.JPG",
    "content": "Lịch sử tiến hóa Lịch sử tiến hóa của chuột túi cây bắt đầu tại khu rừng nhiệt đới, Pademelon được coi như là tổ tiên tiến hóa của chuột túi cây (Thylogale spp.). Chúng tiến hóa từ một loài thú có túi được coi là tổ tiên của loài chuột túi tại Úc và New Guinea. Trong thời kỳ Eocene muộn tại lục địa Úc - New Guinea, nước rút dần khỏi các khu rừng nhiệt đới  khiến tổ tiên của chúng sống trong những khu vực khô cằn. Sau khi một số thế hệ đã thích nghi với môi trường mới, các Pademelons (Thylogale spp.) phát triển thành chuột túi chân to thích ứng với nguồn thức ăn là thảm thực vật và việc di chuyển tại vùng khô cằn (Petrogale spp.)... Sau đó, các con chuột túi di chuyển đến những vùng phong phú hơn bao gồm cả các vùng rừng nhiệt đới, và tại đây chúng dành nhiều thời gian để leo cây kiếm ăn. Một loài đặc biệt sống ở các mỏm đá là loài chuột túi đá Proserpine (Petrogale Persephone). Trong thời gian cuối Miocen, loài chuột túi cây chân to tiến hóa từ chuột túi chân to hiện nay đã tuyệt chủng, đó là loài chuột túi chi Bohra. Thời kỳ băng hà, các khu rừng nhiệt ở Australia và New Guinea bị thu hẹp khiến các khu rừng bị cô lập, quần thể chuột túi thích ứng với khu vực còn lại và trở lên chậm chạp như loài chuột túi cây hiện nay (Dendrolagus spp.).Mô tả Chúng là loài chậm chạp và vụng về trên mặt đất nhưng thích nghi với việc leo trèo, ăn lá trên cây. Chuột túi cây có chân nhỏ nhưng bộ móng vuốt sắc và khỏe giúp cho việc bám vào cây. Chúng ăn được nhiều loại lá cây, trong đó có những loại lá có độc tố, có thể là một phần nguyên nhân dẫn tới việc khiến chúng trở lên chậm chạp (do hệ tiêu hóa đào thải của chuột túi cây khá chậm). Chúng di chuyển bằng cách nghiêng cơ thể về phía trước để cân bằng với cái đuôi nặng. Hai chi trước dùng để trượt và bám vào cây, còn hai chi sau nhảy để tiến về phía trước. Chuột túi cây có khả năng nhảy xuống đất từ độ cao ​​18 mét (59 ft) mà không hề bị tổn thương.Phân loài Các loài chuột túi cây được phân loại vào chi Dendrolagus bao gồm:",
    "categories": [
        "Họ Chân to",
        "Động vật có vú New Guinea",
        "Động vật có vú Papua New Guinea",
        "Động vật có vú Queensland",
        "Động vật có vú Tây New Guinea"
    ]
}