{
    "title": "Anarhichas lupus",
    "description": "Cá sói Đại Tây Dương (Anarhichas lupus) là một loài cá sói trong họ Anarhichadidae. Cá sói Đại Tây Dương sử dụng hàm mạnh mẽ của chúng để ăn động vật thân mềm có vỏ, động vật giáp xác, động vật da gai. Chúng không ăn các loài cá khác. ",
    "classify": [
        "Động vật",
        "Động vật có dây sống",
        "Actinopterygii",
        "Perciformes",
        "Anarhichadidae",
        "Anarhichas (trang không tồn tại)",
        "Loài"
    ],
    "url": "https://vi.wikipedia.org/wiki/Anarhichas_lupus",
    "first_img": "https://upload.wikimedia.org/wikipedia/commons/a/a0/Anarhichas_lupus_Brest.jpg",
    "content": "",
    "categories": [
        "Anarhichas",
        "Động vật Greenland",
        "Động vật được mô tả năm 1758",
        "Loài thiếu dữ liệu theo Sách đỏ IUCN",
        "Nhóm loài do Carl Linnaeus đặt tên",
        "Sơ khai Bộ Cá vược"
    ]
}