{
    "title": "Citheronia regalis",
    "description": "Citheronia regalis cũng được gọi là sâu bướm óc chó hoàng gia, là một con sâu bướm Bắc Mỹ trong Họ Saturniidae. Loài sâu bướm này được gọi là quỷ sừng mại châu. Con lớn (Imago) có sải cánh 9,5-15,5 cm. ",
    "classify": [
        "Động vật",
        "Động vật Chân khớp",
        "Côn trùng",
        "Bộ Cánh vẩy",
        "Họ Ngài hoàng đế",
        "Citheronia (trang không tồn tại)",
        "Loài"
    ],
    "url": "https://vi.wikipedia.org/wiki/Citheronia_regalis",
    "first_img": "https://upload.wikimedia.org/wikipedia/commons/9/93/Citheronia_regalisPCCA20040718-3494AB.jpg",
    "content": "Vòng đời Citheronia regalis là một sinh vật ấn tượng trong tất cả các giai đoạn phát triển. Các loài sâu bướm trưởng thành lớn nhất phía Bắc (kích thước chung, không phải diện tích cánh) của Mexico, cũng như các ấu trùng và nhộng lớn đáng kể.Vòng đời của sâu bướm là giống như bất kỳ loài Saturniidae khác, và điển hình của Ceratocampidae, nó đào hang vào mặt đất để thành nhộng trong một lỗ chứ không quay một cái kén.Các cây chủ nó sinh sống gồm các loại cây mại châu (Carya glabra, Carya illinoensis, Carya ovata), Buttonbush, Filbert, Bush honeysuckle, Persimmon, Ash, Cotton, Butternut, Black walnut, English walnut và Privet và loài khác.",
    "categories": [
        "Citheronia"
    ]
}