{
    "title": "Cotinis nitida",
    "description": "Cotinis nitida, hay còn gọi là bọ lục là một loài bọ cánh cứng trong họ Scarabaeidae. Nó có mặt ở phần phía đông nam Hoa Kỳ. Nó không dễ được phân biệt với các loài có quan hệ ở tây nam, Cotinis mutabilis. ",
    "classify": [
        "Động vật",
        "Động vật Chân khớp",
        "Côn trùng",
        "Bọ cánh cứng",
        "Họ Bọ hung",
        "Gymnetini (trang không tồn tại)",
        "Cotinis (trang không tồn tại)",
        "Loài"
    ],
    "url": "https://vi.wikipedia.org/wiki/Cotinis_nitida",
    "first_img": "https://upload.wikimedia.org/wikipedia/commons/9/91/Green_june_beetle2.jpg",
    "content": "",
    "categories": [
        "Động vật được mô tả năm 1758",
        "Cotinis",
        "Cetoniinae",
        "Nhóm loài do Carl Linnaeus đặt tên",
        "Sơ khai Họ Bọ hung"
    ]
}