{
    "title": "Crotalus molossus",
    "description": "Crotalus molossus là một loài rắn trong họ Rắn lục. Loài này được Baird & Girard mô tả khoa học đầu tiên năm 1853. ",
    "classify": [
        "Động vật",
        "Động vật có dây sống",
        "Động vật bò sát",
        "Bò sát có vảy",
        "Rắn",
        "Alethinophidia",
        "Họ Rắn lục",
        "Crotalus",
        "Loài"
    ],
    "url": "https://vi.wikipedia.org/wiki/Crotalus_molossus",
    "first_img": "https://upload.wikimedia.org/wikipedia/commons/b/b6/Northern_black-tailed_rattlesnake.jpg",
    "content": "",
    "categories": [
        "Loài ít quan tâm theo Sách đỏ IUCN",
        "Crotalus",
        "Động vật được mô tả năm 1853",
        "Sơ khai Họ Rắn lục"
    ]
}