{
    "title": "Attagis malouinus",
    "url": "https://vi.wikipedia.org/wiki/Attagis_malouinus",
    "classify": [
        "Động vật",
        "Động vật có dây sống",
        "Chim",
        "Bộ Choi choi",
        "Thinocoridae",
        "Attagis",
        "Loài"
    ],
    "description": "Attagis malouinus là một loài chim trong họ Thinocoridae. ",
    "first_img": "https://upload.wikimedia.org/wikipedia/commons/e/eb/Status_iucn3.1_LC_vi.svg/220px-Status_iucn3.1_LC_vi.svg.png",
    "content": ""
}