{
    "title": "Cá bảy màu",
    "description": "Cá bảy màu (danh pháp hai phần: Poecilia reticulata) là một trong những loại cá cảnh nước ngọt phổ biến nhất thế giới. Nó là một thành viên nhỏ của họ Cá khổng tước (Poeciliidae) (con cái dài 2,5-4 cm, con đực dài 2-3 cm) và giống như các thành viên khác của họ cá này, chúng là dạng cá đẻ trứng thai. ",
    "classify": [
        "Động vật",
        "Động vật có dây sống",
        "Lớp Cá vây tia",
        "Bộ Cá sóc",
        "Họ Cá khổng tước",
        "Poecilia",
        "Loài"
    ],
    "url": "https://vi.wikipedia.org/wiki/C%C3%A1_b%E1%BA%A3y_m%C3%A0u",
    "first_img": "https://upload.wikimedia.org/wikipedia/commons/5/59/Guppy_coppia_gialla.jpg",
    "content": "Tên gọi Có 2 loài được gọi là cá bảy màu:Tuy có cùng dòng giống nhưng thật ra mỗi loài có mỗi yếu tố về hình dáng khác nhau:Nguồn gốc Cá có nguồn gốc từ Jamaica, sống trong những vũng vịnh cạn, eo biển, mương rãnh và dọc theo bờ biển. Năm 1866, Robert John Lechmere Guppy sống ở đảo Trinidad thuộc British West Indies gửi một vài con cá này đến bảo tàng Anh để nhận dạng. Albert C. L. G. Gunther của bảo tàng này đặt tên khoa học cho nó là Girardinus guppii để ghi công Guppy vào cuối năm đó. Đến năm 1913, đặt tên lại là Lebistes reticulatus, tên khoa học chính thức lúc bấy giờ. Tuy nhiên, loài cá này đã được Wilhelm Peters mô tả trước đó vào năm 1859 trong số sinh vật ông thu thập được từ Nam Mỹ. Mặc dù Girardinus guppii hiện nay được coi là từ đồng nghĩa của Poecilia reticulata, nhưng tên gọi guppy vẫn được sử dụng.Theo thời gian cá bảy màu đã được đặt nhiều tên gọi khoa học khác, nhưng hiện tại Poecilia reticulata là danh pháp được coi là hợp lệ.Phân bố Cá bảy màu là cá bản địa của Trinidad và một số khu vực thuộc Nam Mỹ, đặc biệt là Antigua và Barbuda, Barbados, Brasil, Guyana, Netherlands Antilles, Trinidad và Tobago, quần đảo Virgin và Venezuela.Tuy nhiên, cá bảy màu đã được đưa vào nhiều quốc gia khác nhau tại mọi châu lục, ngoại trừ châu Nam Cực. Đôi khi điều này diễn ra một cách ngẫu nhiên, nhưng chủ yếu thường là trong vai trò của sinh vật kiểm soát muỗi, với hy vọng rằng cá bảy màu sẽ ăn các loại ấu trùng muỗi và làm giảm sự lan truyền của bệnh sốt rét. Trong nhiều trường hợp, những con cá bảy màu này lại trở thành loài xâm hại có ảnh hưởng tiêu cực tới quần xã cá bản địa.Sinh thái và hành vi Đây là giống cá dễ nuôi, sinh sản nhanh, đa dạng và phong phú nhất trong số các loài cá cảnh (về màu sắc). Cá bảy màu nhập ngoại vào Việt Nam có hai loại chính: bảy màu đuôi rắn và bảy màu thân xanh đen, đuôi màu xanh biếc, đỏ điểm vạch trắng. Ở các nước khác có cá bảy màu toàn thân đen tuyền đã có tại Việt Nam (full black).Có một sự đa dạng lớn về màu sắc giữa các quần thể, nhiều quần thể với màu sắc rất khác biệt nhau. Một biện pháp tự bảo vệ trong khi các quần thể với môi trường sống ít kẻ thù thì lại sặc sỡ hơn. Các nghiên cứu gần đây cho thấy những con đực màu sặc sỡ được ưa thích hơn trong quá trình chọn lọc giới tính (nguyên lý handicap) trong khi chọn lọc tự nhiên thông qua lối sống ăn thịt lại ưa chuộng các sắc thái dịu. Kết quả là, các kiểu hình thống lĩnh được ghi nhận trong phạm vi các cộng đồng cô lập về mặt sinh sản là chức năng của tầm quan trọng tương đối mà mỗi yếu tố có trong môi trường cụ thể.Đôi khi những con đực có thể đối xử với nhau một cách hung hãn, tham gia vào những cuộc chọi đứt vây hay các hành vi ức hiếp khác. Cá bảy màu sống trong một mạng lưới xã hội phức tạp, chúng lựa chọn đối tác và ghi nhớ các đối tác này.Cá bảy màu là loài cá được các nhà sinh học tiến hóa chọn lựa do lối sống ăn thịt của chúng thông thường hay biến đổi ngay cả khi chỉ trong một khu vực nhỏ. Cả các công trình nghiên cứu trong quá khứ lẫn các nghiên cứu gần đây về cá bảy màu được khái quát hóa trong Evolutionary Ecology: the Trinidadian Guppy Lưu trữ 2007-09-29 tại Wayback Machine của Anne Magurran.Sinh sản Cá bảy màu đẻ nhiều. Thời kỳ mang thai của chúng là 22-30 ngày, trung bình khoảng 28 ngày. Sau khi cá cái được thụ tinh thì một vùng sẫm màu gần hậu môn, gọi là đốm thai, sẽ lớn dần lên và sẫm màu đi.Cá bảy màu ưa thích nước có nhiệt độ khoảng 28 °C (82 °F) để sinh sản. Cá bảy màu cái sẽ sinh ra từ 2 đến 200 cá con, thông thường trong khoảng 5-30 con. Cá con vừa sinh đã có đầy đủ khả năng bơi, ăn, và tránh nguy hiểm. Chỉ vài giờ sau khi sinh đẻ xong, cá cái lại sẵn sàng cho việc thụ thai. Cá bảy màu có khả năng lưu trữ tinh trùng, nên sau chỉ một lần cặp đôi với cá đực, cá cái có thể sinh nhiều lần. Nếu không nuôi riêng hoặc không có lưới ngăn, cá trưởng thành sẽ ăn cá con.Cá con cần khoảng một hoặc hai tháng để trưởng thành. Trong bể cá, thức ăn cho cá bảy màu con thường là thức ăn nghiền và ép thành dạng vảy (flake), ấu trùng artemia, hoặc thức ăn của cá trưởng thành. Ngoài ra, cá con còn ăn tảo bám trong bể.Người ta đã lai thành công cá bảy màu với một số loài khác thuộc chi Poecilia (poecilia latipinna/velifera), ví dụ cá bảy màu đực và Poecilia cái. Tuy nhiên, con lai luôn là cá đực và có vẻ vô sinh.Trong bể cảnh Cá bảy màu ưa thích bể cảnh nước cứng và có thể trụ vững trong môi trường với độ mặn cao gấp 1,5 lần độ mặn thông thường của nước biển. Cá bảy màu nói chung là ưa chuộng hòa bình, mặc dù hành vi rỉa vây đôi khi thể hiện ở những con đực hoặc nhằm vào những loài cá bơi nhanh khác như các loài cá đuôi kiếm (Xiphophorus hellerii.) và đôi khi nhằm vào những loài cá khác với các vây dễ thấy như cá thần tiên (Pterophyllum spp.). Đặc trưng đáng chú ý nhất của cá bảy màu là xu hướng sinh sản, và chúng có thể cho sinh đẻ trong cả bể cảnh nước ngọt lẫn bể cảnh nước mặn.Cá bảy màu do những người nuôi cá cảnh tạo ra có sự biến đổi lớn về bề ngoài, như màu sắc hay hình dáng đuôi (đuôi quạt hay đuôi kiếm nhọn đầu). Sự sinh sản chọn lọc đã tạo ra nhóm các nhà thu thập cá bảy màu lạ lùng, trong khi cá bảy màu hoang dã vẫn duy trì được độ phổ biến của chúng như là một trong những loại cá cảnh dễ nuôi.Những người nuôi cá cảnh có kinh nghiệm gây giống cá bảy màu cho chính mình đều biết rằng cá trưởng thành sẽ có thể ăn thịt các con non và vì thế nên tạo ra khu vực an toàn cho cá bột. Các bể cho sinh đẻ được thiết kế đặc biệt, có thể treo lơ lửng bên trong bể cảnh. Chúng phục vụ cho hai mục đích, thứ nhất là che chở cho cá cái đang mang thai không bị các con đực để ý tới và tấn công, và thứ hai là cung cấp một khu vực riêng biệt cho cá con mới sinh không để chúng bị mẹ ăn thịt. Cần lưu ý không thả cá mẹ vào nơi đẻ quá sớm vì nó có thể bị sẩy thai.",
    "categories": [
        "Loài ít quan tâm theo Sách đỏ IUCN",
        "Poecilia",
        "Cá đẻ thai trứng",
        "Cá cảnh",
        "Acanthocephalus (chi cá)",
        "Girardinus",
        "Haridichthys",
        "Heterandria",
        "Poecilioides",
        "Cá Venezuela",
        "Động vật Antigua và Barbuda",
        "Động vật Barbados",
        "Cá Guyana",
        "Cá Trinidad và Tobago",
        "Cá Caribe"
    ]
}