{
    "title": "Cá cháy Hilsa",
    "description": "Cá cháy Hilsa (tiếng Bengal: ইিলশ Ilish), danh pháp hai phần: Tenualosa ilisha, là một loài cá cháy, biểu tượng của Bangladesh, và cũng phổ biến ở những vùng nói tiếng tiếng Assam, tiếng Bengal, tiếng Oriya của Ấn Độ và các vùng nói tiếng Telugu-(tiếng Telugu: పులస Pulasa hay Polasa) và ở Pakistan Sindh (Sindhī: پلو مڇي Pallu Machhi). Ở Gujarat nó có tên gọi là Modenn hoặc Palva. Đây là loài cá nhiệt đới có giá trị kinh tế quan trọng. Loài cá này được đánh bắt ở châu thổ sông Narmada và Padma. Cá ở khu vực ven biển của Gujarat được gọi là Modenn nếu nó là cá cái và Palva nếu là cá đực. Cũng giống như Bengal và Sindh đây là loài cá không nổi tiếng ở Gujarat do những người ăn cá ở Gujarat chủ yếu theo đạo Hồi và Hindu. ",
    "classify": [
        "Động vật",
        "Động vật có dây sống",
        "Lớp Cá vây tia",
        "Bộ Cá trích",
        "Họ Cá trích",
        "Alosinae",
        "Tenualosa",
        "Loài"
    ],
    "url": "https://vi.wikipedia.org/wiki/C%C3%A1_ch%C3%A1y_Hilsa",
    "first_img": "https://upload.wikimedia.org/wikipedia/commons/d/d8/Tenualosa_ilisha_Day.png",
    "content": "",
    "categories": [
        "Chi Cá cháy",
        "Ẩm thực Andhra",
        "Ẩm thực Oriya",
        "Ẩm thực Bengali",
        "Biểu tượng quốc gia của Bangladesh",
        "Cá ăn được",
        "Cá thương mại",
        "Động vật được mô tả năm 1822",
        "Cá Bangladesh",
        "Sơ khai Lớp Cá vây tia"
    ]
}