{
    "title": "Cá chình bồ nông",
    "description": "Cá chình bồ nông (tên hai phần: Eurypharynx pelecanoides) là một loài cá biển sâu hiếm thấy, mặc dù đôi khi bị bắt trong lưới đánh cá. Nó là thành viên duy nhất được biết đến thuộc chi Eurypharynx và họ Eurypharyngidae. Nó thuộc về bộ Saccopharyngiformes, một bộ có quan hệ họ hàng gần với cá chình thật sự trong bộ Anguilliformes. Nó cũng được gọi là cá chình nuốt chửng và cá chình nuốt chửng miệng dù hay cá chình miệng to. Tên gọi của loài, pelecanoides, đề cập đến bồ nông, do cái miệng lớn của cá gợi nhớ tới mỏ của bồ nông. ",
    "classify": [
        "Động vật",
        "Động vật có dây sống",
        "Actinopterygii",
        "Anguilliformes",
        "Saccopharyngoidei",
        "Léon Vaillant (trang không tồn tại)",
        "Loài"
    ],
    "url": "https://vi.wikipedia.org/wiki/C%C3%A1_ch%C3%ACnh_b%E1%BB%93_n%C3%B4ng",
    "first_img": "https://upload.wikimedia.org/wikipedia/commons/d/db/Eurypharynx_pelecanoides.jpg",
    "content": "",
    "categories": [
        "Eurypharynx",
        "Động vật được mô tả năm 1882",
        "Cá biển sâu",
        "Sơ khai Lớp Cá vây tia"
    ]
}