{
    "title": "Cá chó phương bắc",
    "description": "Cá chó phương bắc (tên khoa học Esox lucius), gọi đơn giản là cá chó ở Anh, Ireland, hầu hết các vùng của Hoa Kỳ, hoặc jackfish tại Canada hoặc chỉ đơn giản là Northern tại vùng Trung Tây Thượng của Hoa Kỳ), là một loài cá ăn thịt của chi Esox. Chúng là loài điển hình của vùng nước lợ và nước ngọt ở Bắc bán cầu. ",
    "classify": [
        "Động vật",
        "Động vật có dây sống",
        "Actinopterygii",
        "Protacanthopterygii (trang không tồn tại)",
        "Esociformes",
        "Esocidae",
        "Esox",
        "Loài"
    ],
    "url": "https://vi.wikipedia.org/wiki/C%C3%A1_ch%C3%B3_ph%C6%B0%C6%A1ng_b%E1%BA%AFc",
    "first_img": "https://upload.wikimedia.org/wikipedia/commons/f/f0/%D0%A9%D1%83%D0%BA%D0%B0.jpg",
    "content": "",
    "categories": [
        "Loài ít quan tâm theo Sách đỏ IUCN",
        "Chi Cá chó",
        "Động vật được mô tả năm 1758",
        "Cá Canada",
        "Cá Mỹ",
        "Cá Nga",
        "Cá Trung Quốc",
        "Cá Ngũ Đại Hồ",
        "Cá Bắc Mỹ",
        "Cá biển Caspi",
        "Cá châu Á",
        "Cá châu Âu",
        "Cá nước lạnh",
        "Cá nước ngọt Bắc Cực",
        "Cá nước ngọt châu Âu",
        "Cá Thái Bình Dương",
        "Sơ khai Lớp Cá vây tia"
    ]
}