{
    "title": "Cá dây Nhật Bản",
    "description": "Cá dây Nhật Bản hay cá Pierre, cá John Dory (danh pháp hai phần: Zeus faber) là một loài cá thuộc chi Zeus. Nó là loài cá biển ăn được, sinh sống ở tầng đáy ven biển và có một cơ thể màu vàng ô liu với một điểm đen lớn, và gai dài trên vây lưng. Các điểm đen được sử dụng để thoáng hiện như mắt quỷ đe dọa, nếu nó gặp nguy hiểm. Mắt trước của nó lớn với tầm nhìn hai tiêu điểm và khả năng nhìn sâu Chúng ăn nhiều loài cá như cá mòi. Thỉnh thoảng chúng ăn mực. Kẻ thù của chúng là cá mập.Loài cá này sinh sống ven biển, được tìm thấy trên bờ biển của châu Phi, Đông Nam Á, New Zealand, Úc, bờ biển của Nhật Bản, và trên bờ biển của Châu Âu. Chúng sống gần đáy biển, sống ở độ sâu từ 5 mét (15 ft) đến 360 mét (1200 ft). Chúng thường đơn độc.Sau khi 3 hoặc 4 năm tuổi, chúng thường sẵn sàng sinh sản. Mùa sinh sản diễn ra vào khoảng cuối của mùa đông, chúng phóng tinh trùng và trứng vào nước để thụ tinh. Tuổi thọ của chúng khoảng 12 năm trong tự nhiên.",
    "classify": [
        "Động vật",
        "Động vật có dây sống",
        "Lớp Cá vây tia",
        "Zeiformes",
        "Zeidae (trang không tồn tại)",
        "Zeus (fish) (trang không tồn tại)",
        "Loài"
    ],
    "url": "https://vi.wikipedia.org/wiki/C%C3%A1_d%C3%A2y_Nh%E1%BA%ADt_B%E1%BA%A3n",
    "first_img": "https://upload.wikimedia.org/wikipedia/commons/a/a6/Zeus.faber.jpg",
    "content": "",
    "categories": [
        "Động vật được mô tả năm 1758",
        "Cá ăn được",
        "Cá Biển Đen",
        "Cá Địa Trung Hải",
        "Cá thương mại"
    ]
}