{
    "title": "Cá hồi chó",
    "description": "Cá hồi chó (danh pháp hai phần: Oncorhynchus keta) được biết đến như một loại cá hồi chum, keta, hay calico ở nhiều vùng tại Mỹ, là một loài cá thuộc họ Cá hồi. Loài này có phạm vi phân bố rộng nhất trong các loài cá hồi Thái Bình Dương: phía nam tới tận Sông Sacramento ở California và đông Thái Bình Dương và đảo Kyūshū tại Biển Nhật Bản ở phía tây Thái Bình Dương; phía bắc tới Sông Mackenzie ở Canada, phía đông tới Sông Lena, phía tây tới Siberia. ",
    "classify": [
        "Động vật",
        "Động vật có dây sống",
        "Lớp Cá vây tia",
        "Họ Cá hồi",
        "Họ Cá hồi",
        "Oncorhynchus",
        "Loài"
    ],
    "url": "https://vi.wikipedia.org/wiki/C%C3%A1_h%E1%BB%93i_ch%C3%B3",
    "first_img": "https://upload.wikimedia.org/wikipedia/commons/7/71/Dog_Salmon_Breeding_Male.jpg",
    "content": "",
    "categories": [
        "Cá hồi",
        "Cá Nhật Bản",
        "Cá Thái Bình Dương",
        "Chi Cá hồi Thái Bình Dương",
        "Cá nước lạnh",
        "Cá nước ngọt Bắc Cực",
        "Động vật được mô tả năm 1792",
        "Sơ khai Lớp Cá vây tia"
    ]
}