{
    "title": "Cá ngừ vây xanh Đại Tây Dương",
    "description": "Cá ngừ vây xanh Đại Tây Dương (danh pháp khoa học: Thunnus thynnus) là một loài cá ngừ trong họ Scombridae. Loài này là loài bản địa cả phía tây và đông Đại Tây Dương cũng như Địa Trung Hải. Nó đã tuyệt chủng ở Biển Đen. Cá ngừ vây xanh Đại Tây Dương có mối quan hệ gần với hai loài cá ngừ vây xanh khác cá ngừ vây xanh Thái Bình Dương và cá ngừ vây xanh phương Nam. Loài cá này có thể đạt trọng lượng hơn 450 kilôgam (990 lb). Đây là một loài cá thương mại quan trọng.",
    "classify": [
        "Sinh vật nhân thực",
        "Động vật",
        "Động vật có dây sống",
        "Actinopterygii",
        "Scombriformes",
        "Scombridae",
        "Thunnus"
    ],
    "url": "https://vi.wikipedia.org/wiki/C%C3%A1_ng%E1%BB%AB_v%C3%A2y_xanh_%C4%90%E1%BA%A1i_T%C3%A2y_D%C6%B0%C6%A1ng",
    "first_img": "https://upload.wikimedia.org/wikipedia/commons/1/18/Bluefin-big.jpg",
    "content": "",
    "categories": [
        "Loài ít quan tâm theo Sách đỏ IUCN",
        "Thunnus",
        "Động vật được mô tả năm 1758",
        "Cá thương mại",
        "Cá Caribe",
        "Nhóm loài do Carl Linnaeus đặt tên",
        "Sơ khai Bộ Cá vược"
    ]
}