{
    "title": "Cá nhám phơi nắng",
    "description": "Cetorhinus blainvillei Capello, 1869 Cetorhinus maximus infanuncula Deinse & Adriani, 1953 Cetorhinus normani Siccardi, 1961 Hanovera aurata van Beneden, 1871 Halsydrus pontoppidiani* Neill, 1809 Polyprosopus macer Couch, 1862 Scoliophis atlanticus* Anonymous, 1817 Selachus pennantii Cornish, 1885 Squalis gunneri* Blainville, 1816 Squalis shavianus* Blainville, 1816 Squalus cetaceus Gronow, 1854 Squalus elephas Lesueur, 1822 Squalus gunnerianus Blainville, 1810 Squalus homianus Blainville, 1810 Squalus isodus Macri, 1819 Squalus maximus Gunnerus, 1765 Squalus pelegrinus Blainville, 1810 Squalus rashleighanus Couch, 1838 Squalus rhinoceros* DeKay, 1842 Squalus rostratus Macri, 1819 Tetraoras angiova* Rafinesque, 1810 Tetroras angiova* Rafinesque, 1810 Tetroras maccoyi Barrett, 1933 ",
    "classify": [
        "Động vật",
        "Động vật có dây sống",
        "Chondrichthyes",
        "Elasmobranchii",
        "Lamniformes",
        "Theodore Nicholas Gill",
        "Henri Marie Ducrotay de Blainville",
        "Loài"
    ],
    "url": "https://vi.wikipedia.org/wiki/C%C3%A1_nh%C3%A1m_ph%C6%A1i_n%E1%BA%AFng",
    "first_img": "https://upload.wikimedia.org/wikipedia/commons/0/0b/Cetorhinus_maximus_by_greg_skomal.JPG",
    "content": "Cá nhám phơi nắng (tên khoa học Cetorhinus maximus) là loài cá lớn thứ hai còn tồn tại, sau cá mập voi, và thứ hai trong ba loài cá mập ăn sinh vật phù du, cùng cá nhám voi và cá mập miệng to. Nó là một loài di cư quốc tế được tìm thấy ở tất cả các đại dương ôn đới trên thế giới. Nó là một loài ăn loại chuyển động chậm và có sự thích nghi giải phẫu để lọc thức ăn, chẳng hạn như một cái miệng rất mở rộng và mang lược phát triển cao. Cá nhám phơi nắng thường có màu xám-nâu với đốm da. Răng của cá nhám phơi nắng rất nhỏ và rất nhiều và thường trên một trăm hàng. Răng có một đỉnh hình nón duy nhất, được uốn cong về phía sau và đều giống nhau ở cả hàm trên và hàm dưới.Nó từ lâu đã là loài cá thương mại quan trọng, như một nguồn thực phẩm, vây cá mập, thức ăn gia súc, và dầu gan cá mập. Khai thác quá mức đã làm giảm số lượng quần thể của nó đến điểm mà một số nơi nó đã biến mất và những nơi khác cần được bảo vệ.",
    "categories": [
        "Loài nguy cấp theo Sách đỏ IUCN",
        "Cetorhinus",
        "Cá đẻ thai trứng",
        "Động vật được mô tả năm 1765",
        "Cá Đại Tây Dương"
    ]
}