{
    "title": "Cá nạng hải",
    "description": "Cá nạng hải, tên khoa học Manta birostris, là một loài cá thuộc họ Mobulidae. Loài này thuộc chi Manta có hai loài, Chúng là loài cá đuối lớn nhất trong họ Mobulidae, và là loại cá đuối lớn nhất thế giới. và thường được tìm thấy ở vùng biển nhiệt đới và cận nhiệt đới, nhưng cũng có thể được tìm thấy ở vùng biển ôn đới. ",
    "classify": [
        "Động vật",
        "Động vật có dây sống",
        "Phân lớp Cá mang tấm",
        "Rajiformes",
        "Mobulidae (trang không tồn tại)",
        "Manta (chi cá đuối)",
        "Loài"
    ],
    "url": "https://vi.wikipedia.org/wiki/C%C3%A1_n%E1%BA%A1ng_h%E1%BA%A3i",
    "first_img": "https://upload.wikimedia.org/wikipedia/commons/4/4b/Manta_birostris-Thailand3.jpg",
    "content": "Cá nạng hải là cá lớn, dẹp theo chiều ngang có thể phát triển đến một chiều rộng hình đĩa 9 mét (30 ft). Chúng ăn sinh vật phù du mà chúng xúc với miệng lớn của chúng. Thói quen sinh sản của chúng ít được biết đến, nhưng có một (hoặc đôi khi hai) con non được sinh ra sau một thời gian mang thai khoảng một năm.",
    "categories": [
        "Loài nguy cấp theo Sách đỏ IUCN",
        "Manta",
        "Raja",
        "Cá Ấn Độ Dương",
        "Cá Đại Tây Dương",
        "Cá Thái Bình Dương",
        "Động vật được mô tả năm 1792",
        "Cá Úc",
        "Cá Đông Nam Á",
        "Cá Địa Trung Hải"
    ]
}