{
    "title": "Cá thu Đại Tây Dương",
    "description": "Cá thu Đại Tây Dương (danh pháp hai phần: Scomber scombrus) là một loài cá trong họ Cá thu ngừ. Cá thu Đại Tây Dương được tìm thấy trên cả hai mặt của Bắc Đại Tây Dương Dương. Cá thu Đại Tây Dương đến nay là loài phổ biến nhất trong 10 loài của họ Cá thu ngừ được đánh bắt ở vùng biển Anh. Nó là vô cùng phổ biến ở bãi cát ngầm khổng lồ di cư về phía bờ biển để nuôi cá và tôm trong suốt mùa hè. Là loài dồi dào trong khu vực thềm lục địa lạnh và ôn đới, tạo thành trường học lớn gần bề mặt. Chúng qua mùa đông trong vùng nước sâu hơn nhưng di chuyển gần bờ vào mùa xuân khi nhiệt độ nước dao động từ 11 ° và 14 °C.Số lượng ở Biển Bắc giảm đáng kể trong những năm 1960 vì đánh bắt trực tiếp quá mức.Con đực và con cái cá thu Đại Tây Dương tăng trưởng về tốc độ như nhau, đến một độ tuổi tối đa khoảng 20 năm. Hầu hết cá thu Đại Tây Dương trưởng thành về tính dục lúc ba năm tuổi.",
    "classify": [
        "Động vật",
        "Động vật có dây sống",
        "Lớp Cá vây tia",
        "Bộ Cá vược",
        "Họ Cá thu ngừ",
        "Tông (sinh học)",
        "Scomber",
        "Loài"
    ],
    "url": "https://vi.wikipedia.org/wiki/C%C3%A1_thu_%C4%90%E1%BA%A1i_T%C3%A2y_D%C6%B0%C6%A1ng",
    "first_img": "https://upload.wikimedia.org/wikipedia/commons/c/c3/Scomber_scombrus.jpg",
    "content": "",
    "categories": [
        "Chi Cá thu",
        "Cá Biển Đen",
        "Cá châu Âu",
        "Cá Địa Trung Hải",
        "Động vật được mô tả năm 1758",
        "Cá nước lạnh",
        "Cá Bắc Băng Dương",
        "Cá thu",
        "Cá ăn được",
        "Cá Đại Tây Dương",
        "Loài ít quan tâm theo Sách đỏ IUCN",
        "Nhóm loài do Carl Linnaeus đặt tên",
        "Sơ khai Bộ Cá vược"
    ]
}