{
    "title": "Cáo đỏ",
    "url": "https://vi.wikipedia.org/wiki/C%C3%A1o_%C4%91%E1%BB%8F",
    "classify": [
        "Động vật",
        "Động vật có dây sống",
        "Lớp Thú",
        "Bộ Ăn thịt",
        "Caniformia",
        "Họ Chó",
        "Vulpes",
        "Loài"
    ],
    "description": "Cáo đỏ (Vulpes vulpes) là loài lớn nhất trong chi Cáo, và là một trong những thành viên phân bố rộng rãi nhất của Bộ Ăn thịt, có mặt trên toàn bộ Bắc Bán cầu bao gồm hầu hết Bắc Mỹ, Châu Âu và Châu Á cộng với một phần của Bắc Phi. Phạm vi sinh sống của chúng tăng lên song song với sự mở rộng của con người, khi được du nhập vào Úc, nơi chúng bị xem là một loài gây hại cho các động vật có vú và các loài chim bản địa. Chúng được đánh giá là ít quan tâm bởi IUCN. Cáo đỏ có nguồn gốc từ tổ tiên có kích thước nhỏ hơn từ lục địa Á-Âu trong thời kỳ Trung Villafranchia, và sống ở Bắc Mỹ ngay sau tiểu bang Wisconsin. Trong số các loài cáo thực sự, cáo đỏ đại diện cho hình thức tiến bộ hơn theo hướng ăn thịt. Ngoài kích thước lớn của loài này, cáo đỏ còn được phân biệt với các loài cáo khác bởi khả năng thích ứng nhanh chóng với môi trường mới. Mặc dù có tên là cáo đỏ, loài này thường có các cá thể với màu sắc khác, bao gồm bạch tạng và hắc tố. Bốn mươi lăm phân loài hiện đang được công nhận, chia làm hai nhóm chính: cáo lớn phía Bắc, và, cáo miền Nam nhỏ hơn ở châu Á và Trung Đông.Cáo thường sống cùng nhau theo cặp hoặc nhóm nhỏ bao gồm các gia đình, chẳng hạn như một cặp cáo bố mẹ và các con của chúng, hay một cáo đực với một số cáo cái có quan hệ họ hàng. Các cáo con ở lại với bố mẹ của chúng để được huấn luyện kỹ năng săn mồi. Cáo đỏ chủ yếu ăn các loài gặm nhấm nhỏ, mặc dù chúng cũng có thể bắt thỏ, gà, loài bò sát, động vật không xương sống, và động vật móng guốc nhỏ. Đôi khi chúng cũng ăn trái cây và các loại rau. Mặc dù cáo đỏ có xu hướng giết những loài săn mồi nhỏ hơn, bao gồm các loài cáo khác, nó là loài dễ bị tổn thương trước các loài săn mồi khác như sói xám, sói đồng cỏ, chó rừng lông vàng, và các loài họ mèo cỡ vừa và lớn.Loài cáo đỏ loài có một lịch sử lâu dài gắn với con người, bị con người săn bắt nhiều để diệt trừ do gây hại đối với vật nuôi và để lấy lông trong nhiều thế kỷ, cũng như được thể hiện trong văn hóa dân gian của con người và trong thần thoại.",
    "first_img": "https://upload.wikimedia.org/wikipedia/commons/1/16/Fox_-_British_Wildlife_Centre_%2817429406401%29.jpg",
    "content": "Phân loại Cáo đỏ được cho là dạng cáo chuyên biệt hóa hơn cáo Blanford, cáo thảo nguyên và cáo Bengal về kích thước và thích ứng với việc ăn thịt. Tuy nhiên, nó không thích nghi cho chế độ ăn toàn thịt như cáo Tây Tạng.Cáo Bắc CựcCáo KitCáo thảo nguyênCáo RüppellCáo đỏ(Fig. 10)Cáo CapeCáo BlanfordCáo tai to châu PhiLửng chóCáo tai dơiLoài này gốc từ lục địa Á-Âu, và có thể tiến hóa từ Vulpes alopecoides hay họ hàng V. chikushanensis ở Trung Quốc, cả hai đều sống ở thời kỳ Trung Villafranchian. Hóa thạch sớm nhất của V. vulpes được phát hiện ở Barany, Hungary có tuổi khoảng 3.4 tới 1.8 triệu năm trước. Tổ tiên cáo đỏ nhỏ hơn quần thể hiện tại.Hiện có 45 phân loài đã được công nhận, chia thành 2 nhóm:Cáo đỏ ở Trung Á có các đặc điểm trung gian của hai nhóm trên.Mô tả Cáo đỏ có cơ thể thuôn dài với các chi tương đối ngắn. Đuôi dài hơn một nửa chiều dài cơ thể, (70% phần còn lại của cơ thể), đuôi phủ lông và chĩa xuống đất khi ở vị trí đứng. Đồng tử của chúng hình trái xoan. Chúng có màng nháy, nhưng chỉ di chuyển khi chúng nhắm mắt. Chân trước có năm ngón, trong khi chân sau chỉ có bốn ngón và thiếu huyền đề. Chúng rất nhanh nhen, có thể nhảy qua hàng ra cao hơn 2 mét (6 ft 7 in), và bơi tốt. Con cái thông thường có bốn cặp núm vú, mặc dù con cái có bảy, chín hoặc mười núm vú không phải là hiếm. Tinh hoàn của con đực lại nhỏ hơn của cáo Bắc Cực.Hộp sọ của chúng tương đối hẹp và thuôn dài, với khối xương sọ nhỏ. Răng nanh của chúng khá dài. Lưỡng hình giới tính của hộp sọ dễ phân biệt hơn của cáo thảo nguyên, với con cái có hộp sọ nhỏ hơn con đực, khu vực mũi rộng hơn, cũng như có răng nanh dài hơn.Cáo đỏ là loài lớn nhất chi Vulpes (chi Cáo). Tuy nhiên, cáo đỏ nhẹ hơn nhiều so với các loài chó cùng kích thước của chi Canis. Ví dụ, xương chi của chúng nhẹ hơn 30% so với xương của các loài chó cùng kích thước. Chúng có kích thước hay đổi theo cá thể, giới tính, tuồi và biến thể địa lý. Trung bình, cáo đỏ trưởng thành cao 35-50 cm (14-20 in) tới vai và chiều dài cơ thể 45 đến 90 cm (18 đến 35 in) và đuôi dài 32 đến 53 cm (13 đến 21 in). Tai dài 7.7-12.5 cm (3-5 in) và chân sau 12-18.5 cm (5-7 in). Chúng nặng 2,2 đến 14 kg (4,9 đến 30,9 lb), con cái nhẹ hơn con đực từ 15-20%.Hộp sọ cáo đỏ trưởng thành 129-167 mm (5,1-6,6 in), con cái 128-159 mm (5,0-6,3 in). Dấu chân trước dài 60 mm (2,4 in) và rộng 45 mm (1,8 in), dấu chân sau dài 55 mm (2,2 in) và rộng 38 mm (1,5 in). Chúng phi nước kiệu ở vận tốc 6-13 km/h, và tốc độ tối đa 50 km/h. Chúng có sải chân 25-35 cm (9,8-13,8 in) khi đi với tốc độ bình thường. Cáo đỏ Bắc Mỹ nói chung nhẹ hơn, cơ thể tương đối dài và có lưỡng hình giới tính mạnh. Cáo đỏ Anh nặng hơn, nhưng cơ thể ngắn. Con cáo đỏ lớn nhất được ghi nhận ở đảo Anh là con đực, nặng 17.2 kg (38.1 lbs), dài 1,4 mét (4 ft 7 in), bị giết ở Aberdeenshire, Scotland đầu năm 2012.Dù cáo đỏ có tầm nhìn hai mắt, nhưng chủ yếu chúng chỉ có thể nhìn thấy vật khi vật chuyển động. Thính giác của chúng rất tốt, có thể nghe một con gà tuyết đen đổi chỗ ngủ ở cách xa 600 bước, một con quạ bay cách xa 0,25-0,5 kilômét (0,16-0,31 mi) và tiếng chuột kêu cách 100 mét (330 ft). Chúng có thể xác định âm thanh trong một độ ở tần số 700-3,000 Hz, ít chính xác ở các tần số cao hơn. Khứu giác của chúng cũng tốt, nhưng yếu hơn những giống chó chuyên đánh hơi.Văn hóa Cáo tượng trưng cho ranh ma, gian xảo, xảo quyệt, lọc lừaBài hát What does the fox say? (The Fox) (Con cáo kêu như thế nào?) của bộ đôi nghệ sĩ hài Ylvis (Na Uy)Gideon Grey & Nick Wilde trong phim Zootopia (Phi vụ động trời) của Walt Disney (Mỹ)- Truyện ngụ ngôn dân gian Nga The Fox, the Rabbit and the Rooster (Cáo, Thỏ & Gà Trống)- Truyện ngụ ngôn Aesop:",
    "categories": [
        "Loài ít quan tâm theo Sách đỏ IUCN",
        "Sách đỏ Việt Nam",
        "Cáo",
        "Chi Cáo",
        "Động vật đô thị",
        "Động vật có vú Azerbaijan",
        "Động vật Bắc Cực",
        "Động vật có vú Úc",
        "Động vật được mô tả năm 1758",
        "Động vật có vú châu Á",
        "Loài động vật có vú xâm hại",
        "Động vật có vú Canada",
        "Động vật có vú châu Âu",
        "Động vật có vú Bắc Mỹ",
        "Động vật có vú Bắc Cực",
        "Động vật có vú Mỹ"
    ]
}