{
    "title": "Cầy vòi hương",
    "url": "https://vi.wikipedia.org/wiki/C%E1%BA%A7y_v%C3%B2i_h%C6%B0%C6%A1ng",
    "classify": [
        "Sinh vật nhân thực",
        "Động vật",
        "Động vật có dây sống",
        "Mammaliaformes",
        "Lớp Thú",
        "Bộ Ăn thịt",
        "Phân bộ Dạng mèo",
        "Viverridae",
        "Paradoxurus"
    ],
    "description": "Cầy vòi hương, vòi đốm hay vòi mướp (danh pháp hai phần: Paradoxurus hermaphroditus) là một loài động vật có vú thuộc họ Cầy, là loài bản địa của khu vực Nam Á, Đông Nam Á và miền nam Trung Quốc. Đây là loại cầy phổ biến nhất tại Việt Nam. Loài thú này gắn liền với thương hiệu Cà phê chồn nổi tiếng trên toàn thế giới với tên gọi là chồn hương. Năm 2008, loài này được xếp vào nhóm loài ít quan tâm.",
    "first_img": "https://upload.wikimedia.org/wikipedia/commons/c/ce/Asian_Palm_Civet_Over_A_Tree.jpg",
    "content": "Mô tả Cầy vòi hương nặng từ 3 đến 5 kg. Chiều dài thân khoảng từ 480 đến 700 mm, đuôi dài từ 400 đến 660 mm. Bộ lông nền màu xám. Hình dáng loại cầy này có đặc điểm là ba vệt đen chạy dọc trên lưng. Về phía đuôi thì ba vệt này đứt quãng, tạo nên những đốm đen. Lác đác hai bên thân là những đốm đen khác. Mặt có vệt đen quanh mắt và mõm trông như mặt nạ, có các đốm trắng bên má và bên mắt. Cầy vòi hương có bốn bàn chân đen, đuôi dài gần bằng thân, mặt trên ở phần gốc đuôi có màu đen điểm vàng nhạt, mặt dưới màu vàng đất, phần ngoài đuôi màu đen. Tên gọi khoa học của chúng (P. hermaphroditus) là do một thực tế là cả hai giới đều có các tuyến xạ phía dưới đuôi trông tương tự như tinh hoàn. Chúng có thể phun ra các chất bài tiết độc hại từ các tuyến này. Vuốt sắc của chúng cho phép chúng leo trèo cây dễ dàng.Phân bố và môi trường sống Cầy vòi hương là loài bản địa của Ấn Độ, Nepal, Bangladesh, Bhutan, Myanmar, Sri Lanka, Thái Lan, Singapore, Malaysia bán đảo, Sabah, Sarawak, Brunei Darussalam, Lào, Campuchia, Việt Nam, Trung Quốc, Philippines và các quần đảo Sumatra, Java, Kalimantan, Bawean và Siberut của Indonesia. Chúng được du nhập đến Irian Jaya, quần đảo Sunda nhỏ, Maluku, Sulawesi và Nhật Bản. Không rõ loài cầy này có mặt ở Papua New Guinea hay không. Riêng ở Việt Nam, loài này phân bố khá nhiều ở các tỉnh phía nam từ Ninh Thuận trở vào đến Long An.Chúng thường sinh sống ở các khu rừng nguyên sinh, kể cả rừng thứ sinh cũng có sự xuất hiện của loài này nhưng với mật độ thấp. Loài thú này cũng được tìm thấy tại các khu vườn ở ngoại ô, nơi có nhiều trái cây chín. Móng vuốt sắc nhọn cho phép chúng dễ dàng leo lên cây và các mái nhà của người dân gần đó. Ở phần lớn khu vực của Sri Lanka, cầy vòi hương đã trở loài phá hoại do chúng sinh đẻ và bài tiết trên các nóc nhà cũng như kêu gào ầm ĩ trong đêm làm mất giấc ngủ của nhiều người.Sinh thái và tập tính Cầy vòi hương là loại động vật ăn tạp kiếm ăn về đêm. Nguồn thức ăn chủ yếu của nó là các loại quả như các loại hồng xiêm, xoài, chôm chôm và các động vật nhỏ như chim, chuột, rắn,... Đặc biệt chúng rất ưa thích nhựa của hoa cọ, là loại chất lỏng khi lên men thì trở thành một loại rượu mùi có vị ngọt.Cầy vòi hương sinh sản quanh năm nhưng tập trung chủ yếu vào các tháng 10, 11 và 12. Chúng đẻ mỗi lứa từ 2 đến bốn con. Cầy con có khả năng sinh trưởng rất nhanh.Cà phê chồn Mặc dù trong tiếng Việt tên loại cà phê này có nhắc đến chồn nhưng thật ra Cà phê chồn là một loại cà phê được sản xuất từ hạt cà phê mà loài cầy vòi hương ăn và đã tiêu hóa một phần thải ra chứ không phải là loài chồn.Loài thú này trèo lên những cây cà phê và chọn ăn những trái đỏ nhất, chín nhất. Người ta cho rằng khi những trái cà phê này ở trong dạ dày của cầy vòi hương dưới tác dụng của enzym chúng sẽ biến đổi và có hương vị đậm đà hơn. Những hạt cà phê này sẽ trở nên cứng và giòn hơn, đồng thời lượng protein cũng giảm đi, làm giảm độ đắng của hạt cà phê. Sau quá trình làm sạch và xử lý, khi sử dụng loại hạt cà phê này có mùi đặc trưng và vị rất lạ so với các loại cà phê thông thường, tạo cho loại cà phê này trở thành một thứ đặc sản và có giá bán rất đắt.Phân loài Kể từ mô tả đầu tiên của Peter Simon Pallas được xuất bản vào năm 1777, một lượng lớn các phân loài đã được mô tả từ năm 1820 đến năm 1992. Chúng được liệt kê theo thứ tự thời gian được mô tả lần đầu:Tên địa phương ",
    "categories": [
        "Loài ít quan tâm theo Sách đỏ IUCN",
        "Paradoxurus",
        "Động vật có vú Ấn Độ",
        "Động vật có vú Bangladesh",
        "Động vật có vú Bhutan",
        "Động vật có vú Đông Nam Á",
        "Động vật có vú Nepal",
        "Động vật có vú Philippines",
        "Động vật có vú Sri Lanka",
        "Động vật được mô tả năm 1777"
    ]
}