{
    "title": "Cắt hỏa mai",
    "url": "https://vi.wikipedia.org/wiki/C%E1%BA%AFt_h%E1%BB%8Fa_mai",
    "classify": [
        "Động vật",
        "Động vật có dây sống",
        "Chim",
        "Bộ Ưng",
        "Họ Ưng",
        "Accipiter",
        "Loài"
    ],
    "description": "Cắt hỏa mai hay bồ cắt (danh pháp hai phần: Accipiter nisus) là một loài chim trong họ Ưng. Loài này tìm thấy trên khắp các khu vực ôn đới và cận nhiệt đới của Cựu Thế giới, trong khi các thành viên ở khu vực phía bắc của phạm vi phân bố di cư xuống phía nam trong mùa đông, nhóm ở phía Nam là nhóm định cư hoặc sống phân tán. ",
    "first_img": "https://upload.wikimedia.org/wikipedia/commons/4/4d/%D0%AF%D1%81%D1%82%D1%80%D0%B5%D0%B1-%D0%BF%D0%B5%D1%80%D0%B5%D0%BF%D0%B5%D0%BB%D1%8F%D1%82%D0%BD%D0%B8%D0%BA_%28Accipiter_nisus%2C_m%29%2C_%D0%98%D0%B7%D0%BC%D0%B0%D0%B9%D0%BB%D0%BE%D0%B2%D1%81%D0%BA%D0%B8%D0%B9_%D0%BF%D0%B0%D1%80%D0%BA.jpg",
    "content": "Mô Tả Cắt hỏa mai là một loài chim săn mồi nhỏ, với cánh rộng và đuôi dài. Chim mái có thể lớn hơn đến 25% so với chim trống và cân nặng tới hai lần.Chim trống trưởng thành có chiều dài 29-34 cm, với sải cánh 59-64 cm và trọng lượng 110-196 g; chim mái lớn hơn nhiều với chiều dài khoảng 35-41 cm, sải cánh 67-80 cm, và trọng lượng 185-342 g. Chim trống có lông màu xám xanh, còn chim mái có lông màu nâu sẫm hoặc nâu xám. Phần dưới của cả chim trống lẫn chim mái có lông vằn màu cam xen lẫn màu sáng. Chim chưa trưởng thành có lông màu nâu nhạt.Cắt hỏa mai đôi mắt màu vàng nhạt, với cái mỏ nhỏ và sắc bén. Đôi chân dài và đặc trưng ngón chân của chúng thích nghi cho việc săn bắt chim. Đôi cánh tròn, rộng, ngắn và đuôi dài giúp chúng dễ dàng bay liệng trong môi trường cây cối rậm rạp.Phân bố và môi trường sống Cắt hỏa mai phân bố phổ biến rộng khắp các vùng ôn đới và cận nhiệt đới của Cựu thế giới, trong một phạm vi toàn cầu ước tính khoảng 23.600.000 km2 và có số lượng ước tính là 1,5 triệu con trong năm 2009. Các thành viên sống ở các vùng lạnh phía Bắc Âu và châu Á di cư về phía nam vào mùa đông, còn các thành viên sống ở phía Nam là chim cư trú. Nó là một trong những loài chim săn mồi phổ biến nhất ở châu Âu.Cắt hỏa mai rất phổ biến ở hầu hết các loại rừng trong phạm vi phân bố của nó và cũng ở trong các khu vực cây cối thưa. Chúng thích sống và săn bắt mồi ở bìa rừng, nhưng chim di cư có thể được nhìn thấy trong bất kỳ môi trường sống nào. Chúng cũng được thấy trong vườn, trong khu vực đô thị và thậm chí là sống ở các công viên trong thành phố.Lối sống Cắt hỏa mai sinh sản ở vùng rừng gỗ bất kỳ. Chúng làm tổ trên cây với chiều ngang đến 60 cm, từ các cành cây. Chúng đẻ 4-5 quả trứng màu xanh nhạt, nâu đốm, sự thành công của nỗ lực sinh sản phụ thuộc vào con mái duy trì trọng lượng cao, trong khi con trống mang mồi cho con mái. Trứng nở sau 33 ngày ấp chim non được nuôi đủ lông đủ cánh trong thời gian sau khi nở 24 đến 28 ngày.Chim trống có xu hướng săn bắt những con chim nhỏ hơn, bao gồm cả bạc má, chim sẻ, sẻ thông và sẻ đồng, còn chim mái bắt chủ yếu săn chim hoét và sáo đá, nhưng có khả năng giết chết con mồi có trọng lượng 500 gram hoặc lớn hơn, như bồ câu hay ác là. Đôi khi chúng săn cả các loài động vật có vú nhỏ, dơi và sâu bọ.Phân loài Có sáu phân loài Cắt hỏa mai được công nhận: ",
    "categories": [
        "Loài ít quan tâm theo Sách đỏ IUCN",
        "Accipiter",
        "Chim Đại lục Á Âu",
        "Chim Quần đảo Canaria",
        "Động vật được mô tả năm 1758",
        "Nuôi chim săn",
        "Nhóm loài do Carl Linnaeus đặt tên"
    ]
}