{
    "title": "Cắt lớn",
    "url": "https://vi.wikipedia.org/wiki/C%E1%BA%AFt_l%E1%BB%9Bn",
    "classify": [
        "Động vật",
        "Động vật có dây sống",
        "Chim",
        "Bộ Cắt",
        "Họ Cắt",
        "Chi Cắt",
        "Loài"
    ],
    "description": "Cắt lớn (danh pháp hai phần: Falco peregrinus; tiếng Anh: peregrine falcon) là một loài chim trong chi Cắt ở Bắc Mỹ. Loài chim này có sải cánh rộng và là loài nhanh nhất trong giới động vật, với những cú liệng xuống dưới đạt tốc độ hơn 322 km/h (200 mph). Phạm vi sinh sản của loài chim cắt này bao gồm các vùng đất từ lãnh nguyên Bắc Cực tới nhiệt đới. Nó có thể được tìm thấy gần như ở khắp mọi nơi trên Trái Đất , ngoại trừ những khu vực cực kỳ gần các địa cực, những ngọn núi rất cao, và hầu hết các khu rừng mưa nhiệt đới; khối lục địa lớn không băng giá duy nhất mà nó hoàn toàn không có mặt là New Zealand. Điều này làm cho nó trở thành loài chim ăn thịt phổ biến rộng khắp nhất trên thế giới và là một trong những loài chim được tìm thấy rộng khắp nhất. Danh pháp khoa học của loài này có nghĩa là chim cắt lang thang, đề cập đến tập tính di trú của các quần thể chim phương Bắc.Trong khi chế độ ăn uống của loài này bao gồm gần như chủ yếu là các loài chim có kích thước trung bình thì nó đôi khi cũng săn bắt cả các loài động vật có vú hay bò sát nhỏ, hoặc thậm chí cả côn trùng. Loài này thành thục sinh dục trong một năm, cặp chim trống mái sống với nhau trọn đời và làm tổ trong hốc, bình thường trên mép vách đá hoặc, trong thời gian gần đây, trên các cấu trúc nhân tạo cao. Loài cắt này trở thành loài nguy cấp tại nhiều nơi do thuốc trừ sâu, đặc biệt là DDT. Kể từ khi có sự cấm sử dụng DDT từ đầu những năm 1970, các quần thể loài này đã phục hồi, được hỗ trợ bởi sự bảo vệ những nơi làm tổ ở quy mô lớn và sự thả ra tự nhiên.",
    "first_img": "https://upload.wikimedia.org/wikipedia/commons/8/8b/PeregrineFalcon.jpg",
    "content": "Mô tả Cắt lớn có chiều dài cơ thể khoảng 34 đến 58 xentimét (13-23 in) và sải cánh từ 74 đến 120 xentimét (29-47 in). Chim đực và chim cái giống nhau về các dấu hiệu và bộ lông, nhưng trong các con chim săn mồi thì cắt Peregrine hiển thị dấu hiệu ngược lại trong tình dục lưỡng hình về kích thước, do đó con cái lớn hơn con đực 30% về kích thước. Con đực cân nặng 424 đến 750 gam (0,935-1,653 lb) và đáng chú ý là con cái nặng hơn với 910 đến 1.500 gam (2,01-3,31 lb); để xem sự khác nhau về trọng lượng giữa các loài, xem ở dưới. Các thông số đo lường chuẩn của cắt lớn là: sải cánh từ 26,5-39 cm (10,4-15,4 in), chiều dài đuôi từ 13-19 cm (5,1-7,5 in) và chiều dài xương cổ chân từ 4,5 đến 5,6 cm (1,8 đến 2,2 in).Phân loại và hệ thống học Số lượng phân loài của cắt lớn được mô tả và chấp nhận bởi các nhà khoa học với 19 loài phụ năm 1994  trong Sổ tay chim thế giới,, theo đó xem Cắt Barbary thuộc quần đảo Canaria và bờ biển bắc Châu Phi là 2 loài phụ (pelegrinoides và babylonicus) của cắt lớn, chứ không phải một loài riêng biệt, F. pelegrinoides. Bản đồ phân bố của 19 loài phụ:Hệ sinh thái và hành vi Các mối liên hệ với con người ",
    "categories": [
        "Loài ít quan tâm theo Sách đỏ IUCN",
        "Chi Cắt",
        "Chim Bắc Mỹ",
        "Chim Azerbaijan",
        "Chim Bắc Phi",
        "Động vật được mô tả năm 1771",
        "Rhynchodon",
        "Chim ăn thịt châu Phi",
        "Chim châu Phi Hạ Sahara",
        "Chim châu Âu"
    ]
}