{
    "title": "Danh sách di sản thế giới tại Vương quốc Liên hiệp Anh và Bắc Ireland",
    "url": "https://vi.wikipedia.org/wiki/Danh_s%C3%A1ch_di_s%E1%BA%A3n_th%E1%BA%BF_gi%E1%BB%9Bi_t%E1%BA%A1i_V%C6%B0%C6%A1ng_qu%E1%BB%91c_Li%C3%AAn_hi%E1%BB%87p_Anh_v%C3%A0_B%E1%BA%AFc_Ireland",
    "classify": [],
    "description": "Sắc tộc ngày nay ",
    "first_img": "",
    "content": "Tính đến hiện tại đã có 31 địa danh được UNESCO công nhận là Di sản thế giới tại Vương quốc Liên hiệp Anh và Bắc Ireland và lãnh thổ hải ngoại. Danh sách này bao gồm: 17 di sản tại Anh, 5 di sản tại Scotland, 1 di sản đều thuôc Anh và Scotland, 3 tại Wales và 1 tại Bắc Ireland, lãnh thổ hải ngoại Bermuda, Gibraltar, Quần đảo Pitcairn, Saint Helena. Có 6 địa danh đầu tiên được công nhận là Di sản thế giới bao gồm Giant's Causeway, Lâu đài và Nhà thờ Durham, Hẻm núi Ironbridge, Công viên Hoàng gia Studley bao gồm cả phế tích Tu viện Fountains, Stonehenge, Avebury và các di chỉ liên quan và Các lâu đài và tường thành thời vua Edward I tại Gwynedd đều được công nhận vào năm 1986. Di sản mới nhất được công nhận là Lake District của Anh được công nhận vào tháng 7 năm 2017.Công ước UNESCO được phê duyệt vào năm 1946 bởi 26 quốc gia bao gồm cả Vương quốc Anh. Mục đích của nó là để bảo tồn và bảo vệ các di sản thế giới, tác phẩm nghệ thuật, di tích lịch sử và khoa học. Vương quốc Anh đã đóng góp 130.000 bảng Anh mỗi năm cho Quỹ Di sản thế giới để bảo tồn các địa danh như vậy ở các nước đang phát triển.Các tiêu chí của di sản bao gồm tiêu chí của di sản văn hóa (bao gồm i, ii, iii, iv, v, vi) và di sản thiên nhiên (vii, viii, ix, x). Vương quốc Liên hiệp Anh và Bắc Ireland có tổng cộng 26 di sản văn hóa, 4 di sản tự nhiên và 1 di sản hỗn hợp (cả giá trị văn hóa và tự nhiên). St Kilda là Di sản hỗn hợp duy nhất tại Vương quốc Liên hiệp Anh và Bắc Ireland, và là một trong số ít 35 di sản hỗn hợp được UNESCO công nhận. Nó mang giá trị khi là môi trường sống cho các loài chim biển và năm 2005 đã được mở rộng thêm tiêu chí về văn hóa khi nó là minh chứng cho truyền thống tự cung cấp trong môi trường điều kiện tự nhiên khắc nghiệt. Trong năm 2012, UNESCO cũng đã đưa Liverpool - Thành phố thương mại Hàng hải vào Danh sách di sản thế giới bị đe dọa do sự ảnh hưởng của các dự án quy hoạch đô thị gây ảnh hưởng tới tính toàn vẹn của di sản này.Vị trí Dưới đây là vị trí của các di sản tại Vương quốc Liên hiệp Anh và Bấc Ireland và các lãnh thổ hải ngoại thể hiện qua bản đồ khu vực Luân Đôn, bản đồ của Vương quốc Liên hiệp Anh và Bắc Ireland và bản đồ vị trí của các di sản tại các vùng hải ngoại.Danh sách Dưới đây là danh sách 31 Di sản thế giới được UNESCO công nhận tại Vương quốc Liên hiệp Anh và Bắc Ireland tính đến hết năm 2017.Danh sách di sản dự kiến Danh sách dự kiến ​​là bản kê các di sản quan trọng và các di tích tự nhiên mà một quốc gia đệ trình để xem xét ghi vào Danh sách Di sản thế giới. Danh sách Dự kiến ​​có thể được cập nhật bất cứ lúc nào, nhưng việc đưa vào danh sách dự kiến là một điều kiện tiên quyết để được xem xét công nhận là Di sản thế giới trong khoảng 5-10 năm kế tiếp.Danh sách Dự kiến ​​của Vương quốc Anh được cập nhật lần cuối vào ngày 16 tháng 7 năm 2017, bao gồm 11 địa điểm:",
    "categories": [
        "Bản mẫu Portal-inline có liên kết đỏ đến cổng thông tin",
        "Di sản thế giới tại Vương quốc Liên hiệp Anh và Bắc Ireland",
        "Danh sách di sản thế giới"
    ]
}