{
    "title": "Danh sách loài chuột chù voi",
    "url": "https://vi.wikipedia.org/wiki/Danh_s%C3%A1ch_lo%C3%A0i_chu%E1%BB%99t_ch%C3%B9_voi",
    "classify": [],
    "description": "Chuột chù voi là tên gọi chung của một nhóm gồm các loài thú nhỏ thuộc họ Macroscelididae trong bộ Macroscelidea. Trong tiếng Anh, mỗi loài trong họ này được gọi là macroscelid, elephant shrew hoặc sengi. Chúng chỉ được tìm thấy ở châu Phi, trong nhiều khu sinh học trải rộng từ rừng đến sa mạc. Các loài chuột chù voi có kích thước kháu nhau, từ chuột chù voi tai tròn Etendeka, dài 8 cm (3 in) cộng đuôi 8 cm (3 in), đến chuột chù voi mặt xám, dài 32 cm (13 in) cộng đuôi 26 cm (10 in). Chúng thường ăn côn trùng, động vật không xương sống và thực vật. Loài chuột chù voi duy nhất được Liên minh Bảo tồn Thiên nhiên Quốc tế (IUCN) ước tính số lượng là chuột chù voi mông vàng, với khoảng 13.000 cá thể và được phân loại là loài nguy cấp. Có 16 loài chuột chù voi còn tồn tại chia thành 6 chi, và đều cùng thuộc họ đơn nhất Macroscelididae. Hàng chục loài chuột chù voi tuyệt chủng đã được phát hiện, mặc dù do các nghiên cứu và khám phá vẫn đang tiếp diễn, số lượng và phân loại chưa chắc chính xác.",
    "first_img": "",
    "content": "Quy ước Mã tình trạng bảo tồn được liệt kê tuân theo Sách đỏ các loài bị đe dọa của Liên minh Bảo tồn Thiên nhiên Quốc tế (IUCN). Bản đồ phân bố được đính kèm nếu có thông tin. Khi không có thông tin về bản đồ phân bố, sẽ được thay thế bằng mô tả về phạm vi môi trường hoạt động của loài. Vùng phân bố dựa trên danh sách đỏ IUCN cho loài đó trừ khi có ghi chú khác. Tất cả các loài hoặc phân loài đã tuyệt chủng được liệt kê cùng với các loài còn tồn tại đã tuyệt chủng sau năm 1500 và được biểu thị bằng biểu tượng thập tự .Phân loại học và phát sinh Bộ Macroscelidea bao gồm 20 loài thuộc họ đơn nhất Macroscelididae, và được chia thành 6 chi. Nhiều loài trong số này được chia tiếp thành các phân loài. Phân loại này không bao gồm các loài lai hoặc các loài tuyệt chủng thời tiền sử.Họ MacroscelididaeRhynchocyonGalegeeskaPetrosaltatorPetrodromusMacroscelidesElephantulusDanh sách loài chuột chù voi Phân loại sau đây dựa trên phân loại của Mammal Species of the World (2005), cùng với các đề xuất bổ sung được chấp nhận rộng rãi kể từ khi sử dụng phân tích phát sinh chủng loại phân tử. Loài có tên thông thường được in nghiêng kèm tên tiếng Anh ý chỉ loài này không có tên thông thường chính thức trong tiếng Việt.Không rõ Không rõ Không rõ Không rõ Không rõ Không rõ Không rõ Không rõ Không rõ Không rõ Không rõ Không rõ Không rõ Không rõ Không rõ Không rõ Không rõ 13.000 Không rõ ",
    "categories": [
        "Macroscelidea",
        "Danh sách động vật có vú"
    ]
}