{
    "title": "Dê",
    "url": "https://vi.wikipedia.org/wiki/D%C3%AA",
    "classify": [
        "Sinh vật nhân thực",
        "Động vật",
        "Động vật có dây sống",
        "Mammaliaformes",
        "Lớp Thú",
        "Bộ Guốc chẵn",
        "Bovidae",
        "Caprinae",
        "Capra"
    ],
    "description": "Dê (danh pháp hai phần: Capra hircus) là loài động vật nhai lại, chân có móng thuộc họ Bovidae. Chúng là loài gia súc, có lẽ sau chó và có lẽ cùng thời với cừu, được nuôi để lấy thịt dê, sữa dê và da dê. Đây là giống gia súc có khả năng sinh sản cao, cho nhiều thịt, mắn đẻ, và là một đối tượng của việc chăn nuôi gia súc lấy sữa. Dê sinh sống ở khắp nơi, từ những vùng nóng như châu Phi đến những vùng lạnh như châu Âu, từ vùng đồng bằng cho đến vùng đồi núi. Ngoài ra dê còn được phân làm hai nhóm là dê hoang và dê nhà:",
    "first_img": "https://upload.wikimedia.org/wikipedia/commons/8/88/Billy_goat.jpg",
    "content": "Đặc điểm Dê có một bộ lông tơ mịn bao phủ khắp người. Bộ lông có thể chỉ có một màu hoặc nhiều màu, thường là màu đen, xám, trắng, nâu... Lông dê dài ngắn tùy theo loài và tùy theo các địa điểm địa lý khác nhau mà chúng sống, ví dụ như những loài dê sống ở vùng nóng thì lông ngắn và thưa, còn những loài dê sống ở vùng lạnh thì lông dài và rậm hơn (như ở các vùng đồi núi hoặc những nơi cao hơn mực nước biển). Ở dê cả con đực và con cái có thể có sừng hoặc không có sừng. Sừng dê có nhiều hình dáng (cong ngược về phía sau, thẳng đứng, uốn cong hình trôn ốc...). Cả dê cái và dê đực đều có râu tùy loài.Dê thuộc loại súc vật nhai lại như trâu, bò, cừu... Bộ máy tiêu hóa của dê được cấu tạo để có thể tiêu hóa được đủ loại thức ăn khác nhau (như vỏ cây, các loại cây cằn cỗi...). Miệng của dê tuy nhỏ nhưng môi lại rất mềm nên có thể gặm được nhiều loại thức ăn (như cỏ, cành, lá, gai góc, vỏ cây...). Lưỡi dê có nhiều loại gai thịt là đầu dây thần kinh khác nhau, các gai này không những phân biệt được mùi vị mà còn có thể ước lượng được độ cứng, mềm của thức ăn.Hàm trên không có răng cửa nhưng thay vào đó là một khối xương lớn, có thể coi như một răng cửa lớn đối diện với 8 răng cửa ở hàm dưới. Dê dùng răng cửa ở hàm dưới cắt nhỏ những đồ ăn dài và cứng (như cành, bụi cây...) bằng cách nghiến vào khối xương ở hàm trên, sau đó dùng 12 cặp răng hàm để nghiền thêm. Khi ăn, dê dùng lưỡi để vơ lấy đồ ăn. Dê không nhai kỹ mà chỉ nhai sơ qua rồi nuốt nhanh.Dạ dày của dê là một cơ quan rất lớn, dung tích có thể lên tới 30 lít chiếm hết xoang bụng bên trái, được chia thành 4 ngăn với các chức năng riêng biệt, có thể coi như 4 dạ dày nhỏ. Bốn túi này có kích thước và công dụng khác nhau, gồm:Thức ăn sau khi qua 4 túi của dạ dày sẽ được chuyển tới ruột non gồm các tuyến nhỏ để hấp thụ chất dinh dưỡng nuôi cơ thể, phần dư thải còn lại sẽ được tống xuống ruột già để bài tiết ra ngoài.Dê là loài động vật có khả năng sinh sản rất nhanh (hơn cả bò, trâu...). Đa số các loài dê đến 6-8 tháng tuổi là đến tuổi động dục. Thời gian dê mang thai khoảng 140 ngày. Chính vì tốc độ sinh sản nhanh cùng với thói quen ăn nhiều của dê mà ở có một số khuyến cáo không nên thả rông dê nhà mà không kiểm soát.Bảng dưới đây liệt kê đặc điểm sinh trưởng của một số giống dê nhà:Các giống dê Dê có nhiều loài. Một số loài được kể đến như:Giá trị kinh tế Dê là loài động vật cung cấp nhiều giá trị kinh tế. Nuôi dê:Trong văn hóa Trong văn hóa, dê là biểu hiện cho thói dâm đãng vì khả năng động dục của dê, cũng như tiếng kêu be, be như một tiếng cười ngặt nghẽo và dâm dật. Dê còn là vật tế thần, vật hi sinh ở cả phương Tây lẫn phương Đông. Trong văn hóa phương Đông dê là một trong 12 con giáp, đại biểu cho địa chi (Mùi), và cũng nằm trong tam sinh lục súc (三牲六畜), trong văn hóa phương Tây, dê nằm trong 12 cung Hoàng đạo với hình tượng Ma Kết, dê còn xuất hiện trong thần thoại Hy Lạp, Bắc Âu và đặc biệt là trong Kitô giáo với hình tượng con dê gánh tội (oan dương).Dê là một trong những thần vật được người Ai Cập sùng bái vì sự đóng góp quan trọng của dê đối với đời sống con người. Một số dân tộc khác lại dùng dê làm vật tế thần. Người Ai Cập dùng dê dâng cho các ác thần để thay thế cho con người. Vào thời cổ La Mã, trong lễ hội Lupercalia cử hành vào ngày 15 tháng Giêng đầu năm, các thầy tế dâng lên thần linh một con dê và một con chó để cầu cho mưa thuận gió hòa và mọi người được sạch tội. Da dê sau đó được chia ra từng mảnh nhỏ để các chàng trai mang trong mình như lá bùa giúp mùa màng tươi tốt. Phụ nữ La Mã cũng tìm đủ cách để chạm được tay vào miếng da dê tế thần vì họ tin tưởng rằng làm như vậy sẽ sinh nở dễ dàng hơn. Vì vậy, sau hội Lupercania, nhiều đôi trai gái nên duyên nhờ miếng da dê.Trong Thiên Chúa Giáo, hình ảnh con chiên, con dê rất gần gũi với người Do Thái từ mấy ngàn năm nay. Đức chúa Giêsu chào đời trong máng cỏ tại một hang có nhiều dê, chiên, lừa... thở hơi ấm. Ngoài ra, hình ảnh con chiên, con dê hy sinh, nhận lãnh làm của đền tội cho dân Do Thái không một lời than van thực ra là hình ảnh của chúa Giêsu gánh nhận trên vai mọi tội lỗi của nhân loại, như lời tiên tri Isaia đã nói trước 700 năm: Người đã gánh mọi tội ác, mọi yếu đuối trên mình. Cũng chính vì sự so sánh này mà hàng ngày các giáo dân thường cầu nguyện Lạy Chiên Thiên Chúa, Đấng xóa tội trần gian, xin thương xót chúng tôi...Theo những sách kinh thánh con dê đực thường được xem là một con vật xấu, gian tà, đối ngược với cừu, mà được cho là có phẩm chất tốt. Trong Phúc Âm Mátthêu (Matthäus|25|31), Christus đã kêu các dân tộc lại, và như một mục đồng phân biệt các con cừu và dê thành nhóm tốt và xấu. Người mục đồng tụ tập các con cừu tốt sang bên phải và các con dê xấu về bên trái. Christus ban phúc lành với tay phải cho những con được lên trên trời, trong khi bên trái là những con phải xuống địa ngục.",
    "categories": [
        "Động vật đã được thuần hóa",
        "Gia súc",
        "Capra",
        "Sữa",
        "Thịt",
        "Động vật được mô tả năm 1758",
        "Dê",
        "Động vật ăn cỏ",
        "Động vật dạ dày kép",
        "Nhóm loài do Carl Linnaeus đặt tên"
    ]
}