{
    "title": "Dơi chân đệm thịt",
    "url": "https://vi.wikipedia.org/wiki/D%C6%A1i_ch%C3%A2n_%C4%91%E1%BB%87m_th%E1%BB%8Bt",
    "classify": [
        "Sinh vật nhân chuẩn",
        "Động vật",
        "Eumetazoa",
        "Động vật đối xứng hai bên",
        "Nephrozoa",
        "Động vật miệng thứ sinh",
        "Động vật có dây sống",
        "Động vật có hộp sọ",
        "Động vật có xương sống",
        "Động vật có quai hàm",
        "Động vật bốn chân",
        "Lớp Một cung bên",
        "Reptiliomorpha (trang không tồn tại)",
        "Amniota",
        "Mammaliaformes",
        "Lớp Thú",
        "Theria",
        "Eutheria",
        "Epitheria",
        "Laurasiatheria",
        "Bộ Dơi",
        "Microchiroptera",
        "Vespertilionoidea",
        "Dơi muỗi (trang không tồn tại)",
        "Vespertilioninae (trang không tồn tại)",
        "Vespertilionini (trang không tồn tại)",
        "Tylonycteris",
        "Loài"
    ],
    "description": "Dơi chân đệm thịt hay Dơi chân nệm thịt (danh pháp: Tylonycteris pachypus) là một loài dơi trong họ dơi muỗi Vespertilionidae, hiện được cho là đang nắm giữ kỷ lục về loài thú có kích thước nhỏ nhất tại Việt Nam. ",
    "first_img": "https://upload.wikimedia.org/wikipedia/commons/0/02/Request_for_images.jpg",
    "content": "Đặc điểm sinh học Nó được tìm thấy ở Bangladesh, Trung Quốc, Ấn Độ, Indonesia, Malaysia, Myanmar và Philippines. Loài dơi này là một trong những động vật có vú nhỏ nhất trên trái đất, dài khoảng 40 mm (1,6 in) và sải cánh dài 150 mm (5,9 in). Nó nặng khoảng 1,5 gam (23 grain).Loài này sống trong lỗ rỗng của măng và con dơi non (có lẽ là một con) được dơi mẹ nuôi dưỡng. Lỗ vào cây măng náy quá nhỏ và các loài săn mồi như rắn không thể chui vào được.Dơi chân đệm thịt có chiều dài cẳng tay đo được 24-28 mm, dài đuôi 27-29 mm, cân nặng khoảng 2 gDơi chân đệm thịt được tìm thấy ở các vùng rừng cận nhiệt đới ẩm, thấp (500 mét đến 1.262 mét so với mực nước biển), các đồng cỏ.Nhờ kích thước nhỏ, sọ siêu dẹp, dơi chân đệm thịt có thể len lỏi vào các khe (do mọt hoặc do các loài bọ cánh cứng tạo ra) của ống lồ ô, tre, nứa trong rừng để tìm bắt các loài côn trùng nhỏ như muỗi, mối. Nhờ đệm thịt chai cứng trên ngón cái và bàn chân nên loài dơi này có thể không sợ các cạnh tre sắc nhọn cứa chảy máu. Một đêm săn mồi, một con dơi chân đệm thịt bắt và tiêu thụ một lượng côn trùng bằng khoảng 3/4 trọng lượng cơ thể.Phân loài Dơi chân đệm thịt Tylonycteris pachypus hiện có 5 loài phụPhân bố ",
    "categories": [
        "Loài ít quan tâm theo Sách đỏ IUCN",
        "Tylonycteris",
        "Động vật có vú Ấn Độ",
        "Động vật có vú Bangladesh",
        "Động vật được mô tả năm 1840",
        "Dơi Malaysia",
        "Động vật có vú Brunei",
        "Động vật có vú Myanmar",
        "Động vật có vú Campuchia",
        "Động vật có vú Trung Quốc",
        "Động vật có vú Indonesia",
        "Động vật có vú Lào",
        "Động vật có vú Thái Lan",
        "Động vật có vú Việt Nam",
        "Động vật có vú Philippines",
        "Sơ khai Họ Dơi muỗi"
    ]
}