{
    "title": "Galleria mellonella",
    "description": "Galleria mellonella là một loài bướm đêm thuộc họ Pyralidae. Nó là loài duy nhất trong chi Galleria. Nó được tìm thấy ở khắp thế giới, bao gồm châu Âu và cận Eurasia, và là loài du nhập ở Bắc Mỹ và Úc.  ",
    "classify": [
        "Động vật",
        "Động vật Chân khớp",
        "Côn trùng",
        "Bộ Cánh vẩy",
        "Pyralidae (trang không tồn tại)",
        "Galleriini (trang không tồn tại)",
        "Chi (sinh học)",
        "Loài"
    ],
    "url": "https://vi.wikipedia.org/wiki/Galleria_mellonella",
    "first_img": "https://upload.wikimedia.org/wikipedia/commons/4/4f/Galleria.mellonella.mounted.jpg",
    "content": "Sải cánh của con trưởng thành dài từ 30-41 mm. Loài này hoạt động từ tháng 5 đến tháng 10 ở các vùng thuộc đới ôn hòa (ví dụ như Bỉ và Hà Lan).Sâu bướm và ấu trùng ăn mật bên trong tổ ong.Đồng nghĩa Các tên đồng nghĩa:Cước chú ",
    "categories": [
        "Bướm đêm được mô tả năm 1758",
        "Galleria",
        "Côn trùng châu Âu",
        "Sơ khai Bộ Cánh vẩy"
    ]
}