{
    "title": "Gián phương Đông",
    "description": "Gián phương Đông, tên khoa học Blatta orientalis, là một loài gián lớn. Chiều dài khoảng 1 inch (2,5 cm) lúc trưởng thành. Nó có màu nâu sẫm đến đen và có một cơ thể bóng. Cá thể Gián phương Đông cái có ngoại hình hơi khác so với con đực, con cái có một cơ thể rộng hơn. ",
    "classify": [
        "Động vật",
        "Động vật Chân khớp",
        "Côn trùng",
        "Blattodea",
        "Blattidae",
        "Blatta (trang không tồn tại)",
        "Loài"
    ],
    "url": "https://vi.wikipedia.org/wiki/Gi%C3%A1n_ph%C6%B0%C6%A1ng_%C4%90%C3%B4ng",
    "first_img": "https://upload.wikimedia.org/wikipedia/commons/d/d8/Common_Cockroach_-_Project_Gutenberg_eText_16410.png",
    "content": "",
    "categories": [
        "Blatta",
        "Động vật được mô tả năm 1758",
        "Sơ khai Lớp Côn trùng"
    ]
}