{
    "title": "Greta oto",
    "description": "Bướm Glasswing hay bướm cánh gương (danh pháp khoa học: greta oto) là một loài bướm trong họ Nymphalidae, loài bướm từ lâu đã được biết tới trong tự nhiên là một trong những loài bướm kì dị nhất với đôi cánh trong suốt như pha lê.  ",
    "classify": [
        "Động vật",
        "Động vật Chân khớp",
        "Côn trùng",
        "Lepidoptera",
        "Nymphalidae",
        "Ithomiini (trang không tồn tại)",
        "Greta",
        "Loài"
    ],
    "url": "https://vi.wikipedia.org/wiki/Greta_oto",
    "first_img": "https://upload.wikimedia.org/wikipedia/commons/2/21/Greta_oto.jpg",
    "content": "Đặc điểm Nguyên nhân của hiện tượng cánh trong suốt này chính là nhờ cấu trúc bề mặt cánh của bướm Glasswing. Cánh loài bướm này có cấu trúc nano ngẫu nhiên, sắp xếp không theo một trật tự nhất định. Vì vậy khi ánh sáng Mặt trời chiếu tới, phần lớn các tia sáng sẽ lọt qua cấu trúc nói trên, dẫn tới hiện tượng cánh bướm vô hình. Bướm Glasswing sở hữu một cấu trúc cánh hoàn toàn hỗn loạn, tới mức đạt được hiệu ứng vô hình tạo một bước tiến hóa lớn giúp bướm Glasswing sống sót trong tự nhiên vì bướm càng có màu sắc, chúng càng dễ bị kẻ thù nhìn thấy và săn đuổi. ",
    "categories": [
        "Greta",
        "Bướm ngày Trung Mỹ",
        "Họ Bướm giáp của Nam Mỹ",
        "Bộ Cánh vẩy Colombia",
        "Bộ Cánh vẩy Hoa Kỳ",
        "Bướm ngày được mô tả năm 1854",
        "Bộ Cánh vẩy México",
        "Bộ Cánh vẩy Chile"
    ]
}