{
    "title": "Hemachatus haemachatus",
    "description": "Hemachatus haemachatus, còn gọi là rắn rinkhals (/ˈrɪŋk(h)æls/) hay ringhals /ˈrɪŋhæls/, là một loài rắn trong họ Rắn hổ. Loài này được Bonnaterre mô tả khoa học đầu tiên năm 1790. Loài này được tìm thấy ở tỉnh Cape Nam của Nam Phi, phía đông bắc thông qua Free State, Lesotho, Transkei, Kwazulu Natal, Nam Phi, Tây Swaziland, Mpumalanga và một phần của Gauteng, Nam Phi. Bằng chứng gần đây cho thấy nó được tìm thấy ở Johannesburg. Một dân cư biệt lập tập trung vào Inyanga trên biên giới Zimbabwe-Mozambique.  ",
    "classify": [
        "Sinh vật nhân thực",
        "Động vật",
        "Động vật có dây sống",
        "Bò sát",
        "Bò sát có vảy",
        "Serpentes",
        "Elapidae",
        "John Fleming"
    ],
    "url": "https://vi.wikipedia.org/wiki/Hemachatus_haemachatus",
    "first_img": "https://upload.wikimedia.org/wikipedia/commons/c/c0/Rinkhals2.jpg",
    "content": "",
    "categories": [
        "Loài ít quan tâm theo Sách đỏ IUCN",
        "Hemachatus",
        "Động vật được mô tả năm 1790",
        "Rắn châu Phi",
        "Động vật bò sát Swaziland",
        "Động vật bò sát Lesotho",
        "Động vật bò sát Nam Phi",
        "Sơ khai Họ Rắn hổ"
    ]
}