{
    "title": "Heterodon nasicus",
    "description": "Heterodon nasicus là một loài rắn trong họ Rắn nước. Loài này được Baird & Girard mô tả khoa học đầu tiên năm 1852. ",
    "classify": [
        "Động vật",
        "Động vật có dây sống",
        "Động vật bò sát",
        "Bò sát có vảy",
        "Rắn",
        "Alethinophidia",
        "Họ Rắn nước",
        "Heterodon",
        "Loài"
    ],
    "url": "https://vi.wikipedia.org/wiki/Heterodon_nasicus",
    "first_img": "https://upload.wikimedia.org/wikipedia/commons/a/a0/Heterodon_nasicus.jpg",
    "content": "",
    "categories": [
        "Loài ít quan tâm theo Sách đỏ IUCN",
        "Heterodon",
        "Động vật được mô tả năm 1852",
        "Động vật bò sát Mỹ",
        "Sơ khai Họ Rắn nước"
    ]
}