{
    "title": "Hươu hoang Ba Tư",
    "url": "https://vi.wikipedia.org/wiki/H%C6%B0%C6%A1u_hoang_Ba_T%C6%B0",
    "classify": [
        "Animalia",
        "Chordata",
        "Mammalia",
        "Artiodactyla",
        "Cervidae",
        "Cervinae",
        "Dama",
        "Loài"
    ],
    "description": "Hươu hoang Ba Tư (Danh pháp khoa học: Dama dama mesopotamica) là một động vật có vú động vật nhai lại quý hiếm thuộc họ Hươu nai. Tình trạng phân loại của nó là đang tranh chấp, với một số duy trì nó như là một phân loài của hươu hoang trong khi những người khác coi nó như một loài riêng biệt Dama mesopotamica mà từ tiếng Tây Ban Nha thì Dama có nghĩa là hươu hoang. Hươu hoang Ba Tư có thể chất lớn hơn hươu hoang, gạc của chúng lớn hơn. Hươu hoang Ba Tư là một động vật ăn cỏ, cỏ bao gồm 60% chế độ ăn uống của nó cùng với lá và hạt. Động vật săn mồi tự nhiên của hươu hoang Ba Tư bao gồm chó rừng lông vàng, chó sói Ả Rập, linh miêu tai đen, linh cẩu vằn, và gấu nâu Syria.",
    "first_img": "https://upload.wikimedia.org/wikipedia/commons/1/1d/Persian_Fallow_Deer_1.jpg",
    "content": "Chúng gần như tuyệt chủng ngày hôm nay, sinh sống chỉ trong một môi trường sống nhỏ ở Khuzestan, miền nam Iran, hai khu vực được bảo vệ khá nhỏ trong Mazandaran (miền bắc Iran), một khu vực ở miền bắc Israel và một hòn đảo ở hồ Urmia ở tây bắc Iran và ở một số nơi Iraq. Chúng đã tìm thấy trước đây là từ Lưỡng Hà và Ai Cập vào Cyrenaica và Síp. Môi trường sống ưa thích của chúng là rừng mở. Chúng được lai tạo trong các vườn thú và công viên ở Iran, Israel, và Đức hôm nay. Từ năm 1996 chúng đã dần dần du nhập lại từ một trung tâm sinh sản trong Carmel, vào tự nhiên ở miền bắc Israel, và hơn 650 cá thể trong số họ hiện đang sống tại Galilê, vùng núi Carmel và Brook của Sorek. Do sự hiếm có của loài này, ít thông tin tồn tại về hành vi và cấu trúc xã hội trong tự nhiênChúng được du nhập đến Síp trong tiền đồ gốm đồ đá mới. Hươu từ Epirus ở Hy Lạp được cho là đã đến Corfu theo cách tương tự. Trong khi hươu đỏ được biết đến khi lội nước qua mùa di cư của ví dụ như trên các hòn đảo Scotland. Hươu hoang Ba Tư đã được tìm thấy trước đây ở Iran, Iraq, Israel, Jordan, Lebanon, Palestine, Syria, và phía đông Thổ Nhĩ Kỳ. Năm 1875, phạm vi của hươu hoang Ba Tư đã được giới hạn phía tây nam và phía tây Iran, đã biến mất khỏi phần còn lại của phạm vi của nó. Các loài, được cho là đã tuyệt chủng bởi những năm 1940, sau đó đã được tái phát hiện như một dân số khoảng 25 cá thể ở tỉnh Khuzestan ở Iran vào năm 1956.Phá hủy môi trường sống của me, gỗ sồi, và rừng cây hồ trăn, đã góp phần vào sự suy giảm dân số của. Khoảng 10% trong phạm vi trước đây của chúng vẫn còn tồn tại cho cư trú trong ngày nay. Bị ảnh hưởng tiêu cực bởi sự tàn phá của môi trường sống, sự suy giảm của môi trường sống. Tuy nhiên, áp lực ăn thịt chính ở hươu hoang Ba Tư là nạn săn bắt trộm con người, bị săn đuổi để dùng làm thực phẩm kể từ thời kỳ đồ đá mới đầu, phạm vi của chúng bị hạn chế từ các khu vực ở phía bắc châu Phi, đông Âu, Á và phương Tây để chỉ bao gồm các khu vực nhỏ ở phía tây Iran. Cạnh tranh giữa gia súc cũng đã tiếp tục giảm lượng thức ăn sẵn cho con nai. Do những yếu tố này, tổng dân số của hươu hoang Ba Tư vẫn còn nán lại khoảng 250 cá thể vào năm 2005, và bị ảnh hưởng của quy mô dân số nhỏ, đặc biệt là giao phối cận huyết.",
    "categories": [
        "Loài nguy cấp theo Sách đỏ IUCN",
        "Dama",
        "Động vật Iran",
        "Động vật có vú châu Á"
    ]
}