{
    "title": "Hải long lá",
    "description": "Hải long lá, hay cá rồng biển thân lá (danh pháp khoa học: Phycodurus eques) là một loài cá thuộc họ Cá chìa vôi. Nó là loài duy nhất trong chi Phycodurus. Nó được tìm thấy dọc theo bờ nam và tây biển Australia. Tên gọi xuất phát từ hình dạng của nó giống chiếc lá, chúng dùng để ngụy trang. Trong tiếng Anh tên thông dụng của nó là leafies, nó là loài vật biển biểu tượng của bang Nam Úc và là trung tâm của bảo tàng biển. Hải long lá dùng cái miệng dài nhỏ để hút con mồi vào trong. Thức ăn ưa thích của chúng thường là các loài không xương sống nhỏ sống quanh quẩn bên những đám tảo bẹ ở biển. Thân hình giống chiếc lá giúp chúng ngụy trang giỏi nên cá dữ khó mà biết để ăn thịt được. Khi cần tự vệ hay tấn công, chúng co người lại rồi chĩa những cái gai trên mình ra. Loài này có thể đứng yên một chỗ lâu đến 68 giờ liền.",
    "classify": [
        "Động vật",
        "Động vật có dây sống",
        "Lớp Cá vây tia",
        "Bộ Cá chìa vôi",
        "Họ Cá chìa vôi",
        "Syngnathinae",
        "Theodore Gill",
        "Loài"
    ],
    "url": "https://vi.wikipedia.org/wiki/H%E1%BA%A3i_long_l%C3%A1",
    "first_img": "https://upload.wikimedia.org/wikipedia/commons/1/11/Leafy_Seadragon_Phycodurus_eques_2500px_PLW_edit.jpg",
    "content": "",
    "categories": [
        "Loài sắp bị đe dọa theo Sách đỏ IUCN",
        "Phycodurus",
        "Động vật được mô tả năm 1865",
        "Cá Úc",
        "Sơ khai Lớp Cá vây tia"
    ]
}