{
    "title": "Hải âu mày đen",
    "url": "https://vi.wikipedia.org/wiki/H%E1%BA%A3i_%C3%A2u_m%C3%A0y_%C4%91en",
    "classify": [
        "Animalia",
        "Chordata",
        "Aves",
        "Procellariiformes",
        "Diomedeidae",
        "Thalassarche",
        "Loài"
    ],
    "description": "Hải âu mày đen (Tên khoa học: Thalassarche melanophris) là một loài chim biển trong họ Diomedeidae. Chúng là loài phân bố rộng rãi nhất của họ. ",
    "first_img": "https://upload.wikimedia.org/wikipedia/commons/1/10/Thalassarche_melanophrys_-_SE_Tasmania.jpg",
    "content": "Nguồn gốc tên gọi Nguồn gốc của tên khoa học melanophris đến từ hai từ tiếng Hy Lạp melas hoặc melanos, có nghĩa là đen, và ophris, có nghĩa là lông mày, đề cập đến vùng lông đen xung quanh mắt.Mô tả Hải âu mày đen là một loại hải âu cỡ vừa, độ dài khoảng 80 đến 95 cm (31-37 in) với độ sải cánh 200 đến 240 cm (79-94 in) và cân nặng trung bình 2,9 đến 4,7 kg (6,4-10,4 lb). Nó có thể có tuổi thọ hơn 70 năm. Nó có yên và phần trên cánh màu xám ngược lại với mày trắng của các phần khác. Phần dưới cánh hầu hết trắng với rìa đen bất thường. Nó có lông mày tối với mỏ vàng cam và phần cuối mỏ mày đỏ cam. Con trưởng thành có mỏ màu tối hơn, cổ và đầu màu xám với cánh dưới màu tối. Cách phân biệt nó với các loài hải âu khác là lông mày tối và viền cánh đen nhưng bên trong trắng và bỏ màu cam nhưng phần cuối mỏ đậm màu hơn. Hải âu Campbell có đặc điểm rất giống nhưng mắt màu nhạt hơn. Số lượng và Hành vi Chúng rất ồn ào vì chúng kêu be be để đánh dấu lãnh hổ.Hải âu mày đen ăn cá, mực, giáp xác, xác thối và rác thải của ngư dân. Loài này đã được chứng kiến lấy trộm thức ăn từ các loài khác.Loài này thông thường làm tổ trên dốc bao phủ bởi bụi cỏ cao và đôi khi trên vách đá, tuy nhiên, trên quần đảo Falklands nó tổ trên đồng cỏ trên bờ biển. Chúng sinh sản hàng năm mỗi năm 1 quả trứng từ khoảng 20 tháng chín đên 1 tháng mười một, mặc dù giống ở Falklands, Crozet, và Kerguelen đẻ khoảng 3 tuần sớm hơn. Ấp trứng được thực hiện bởi cả hai giới và kéo dài 68-71 ngày. Sau khi trứng nở, những đứa con có 120 đến 130 ngày để đủ lông đủ cánh. Con trưởng thành sẽ trở lại lãnh thổ sống sau hai đến ba năm nhưng chỉ để luyện tập nghi lễ tán tỉnh tán tỉnh, vì chúng bắt đầu phối giống lúc khoảng 10 tuổi.Hải âu mày đen phổ biến ở phí nam. Chúng phối giống ở 12 đảo khác nhauBảo tồn Cho đến năm 2013, Liên minh bảo tồn thiên nhiên quốc tế IUCN phân loại loài này là có nguy cơ tuyệt chủng do số lượng giảm mạnh. Chúng suy giảm 67% số lượng sau hơn 64 năm. Do sự gia tăng đánh bắt cá ở nam dương, đặc biệt là xung quanh Nam Georgia đã được cho là nguyên nhân chính của sự suy tàn của loài chim này, Hải âu mày đen đã được tìm thấy bị giết phổ biến nhất bởi người đánh cá. Đánh cá bằng dướng ở Nam Phi cũng là 1 nguyên nhân chính. Những nỗ lực bảo tồn đang bắt đầu với loài này được đang được tiến hành ở các đảo và trung tâm phối giống. Đảo Heard, đảo McDonald, Đảo Macquarie, và đảo New Zealand là Di sản thế giới. Cuộc điều tra số lượng ban đầu ở Chile cũng đã hoàn tất.",
    "categories": [
        "Loài ít quan tâm theo Sách đỏ IUCN",
        "Thalassarche",
        "Động vật được mô tả năm 1828",
        "Chim New Zealand",
        "Chim Nam Mỹ",
        "Chim Nam Úc",
        "Chim Tasmania",
        "Chim Victoria (Úc)",
        "Chim Tây Úc",
        "Chim quần đảo Falkland",
        "Động vật Quần đảo Campbell",
        "Hệ động vật Đảo Heard và quần đảo McDonald"
    ]
}