{
    "title": "Họ Chim thiên đường",
    "url": "https://vi.wikipedia.org/wiki/H%E1%BB%8D_Chim_thi%C3%AAn_%C4%91%C6%B0%E1%BB%9Dng",
    "classify": [
        "Sinh vật nhân thực",
        "Động vật",
        "Động vật có dây sống",
        "Chim",
        "Bộ Sẻ",
        "Corvoidea",
        "William John Swainson (trang không tồn tại)"
    ],
    "description": "Chim thiên đường, một số tài liệu bằng tiếng Việt còn gọi là chim thiên hà, chim seo cờ, là các loài chim thuộc họ Paradisaeidae, sống ở một số khu vực thuộc Australasia, bao gồm miền đông Indonesia, New Guinea và đông bắc Australia. Các thành viên của họ Thiên đường được biết đến nhiều nhất có lẽ là từ những bộ lông sặc sỡ, đẹp của các con trống thuộc phần lớn các loài, được chúng sử dụng để hấp dẫn con mái (con mái có bộ lông bình thường) bằng những điệu nhảy và xòe cánh, múa đuôi. Con trống có đuôi dài và đẹp. Một số còn có chỏm lông trên đầu hay lông cánh dài sặc sỡ. Các loài chim thiên đường là một trong những loại chim biết hót cổ xưa nhất. Họ Chim thiên đường dao động về kích thước từ nhỏ như ở chim thiên đường vua chỉ nặng 50 gam (1,8 oz) và dài 15 cm (6 inch) tới mỏ liềm đen dài 110 cm (43 inch) và manucode mào quăn nặng 430 gam (15,2 oz).Được biết đến nhiều nhất là các thành viên của chi Paradisaea, bao gồm cả loài điển hình, chim thiên đường lớn (Paradisaea apoda). Loài này được miêu tả từ các mẫu vật được các thương nhân mang về châu Âu. Các mẫu vật này được các thương nhân bản địa tạo ra bằng cách tháo bỏ cánh và chân sao cho chúng có thể dùng như là vật trang trí. Các nhà thám hiểm thương mại đã không biết được điều này và dẫn tới niềm tin rằng chúng không bao giờ đậu xuống đất mà luôn được giữ lơ lửng trong không trung nhờ bộ lông. Đây là nguồn gốc cả cả tên gọi chim thiên đường lẫn tên khoa học apoda - không chân.Các loài trong họ Thiên đường nói chung trông giống như quạ về hình thái cơ thể chung, và trên thực tế là nhóm có quan hệ chị-em với họ Quạ. Chúng có mỏ chắc mập hoặc dài và chân khỏe, với khoảng hai phần ba số loài là dị hình giới tính mạnh.Chúng sống trong các khu rừng nhiệt đới, bao gồm rừng mưa nhiệt đới, rừng đầm lầy và rừng rêu. Ở phần lớn các loài, thức ăn chủ yếu là trái cây, mặc dù các loài súng trường và mỏ liềm cũng thích ăn cả sâu bọ và các động vật chân khớp khác.Phần lớn các loài có nghi thức kết đôi phức tạp, với các loài Paradisaea sử dụng cách thức kết đôi kiểu cầu ngẫu trường. Các loài khác, chẳng hạn như các chi Cicinnurus và Parotia, có các kiểu nhảy kết đôi mang tính chất nghi thức cao. Các con trống là đa thê ở các loài dị hình giới tính, nhưng là đơn thê ở ít nhất là một số loài đồng hình giới tính. Sự lai tạp là phổ biến ở các loài chim này. Nhiều dạng lai ghép đã được miêu tả như là các loài mới, và nghi ngờ liên quan tới một vài dạng, như chim thiên đường mỏ thùy Rothschild, là có cơ sở.Các loài trong họ này xây tổ từ các vật liệu mềm, như lá, dương xỉ, tua dây leo, thường là trên các chạc cây. Số lượng trứng đẻ mỗi lần là chưa chắc chắn. Ở các loài to lớn hơn, gần như chỉ là một quả. Các loài nhỏ hơn có thể đẻ 2-3 trứng. Trứng được ấp nở trong 16-22 ngày, và chim non rời tổ trong khoảng từ 16 tới 30 ngày tuổi.",
    "first_img": "https://upload.wikimedia.org/wikipedia/commons/b/b2/Paradisaea_apoda_%28male%29_-KL_Bird_Park-8a.jpg",
    "content": "Chi LycocoraxChi ManucodiaChi ParadigallaChi AstrapiaChi ParotiaChi PteridophoraChi LophorinaChi PtilorisChi EpimachusChi CicinnurusChi Semioptera: Chim BidadariChi SeleucidisChi Paradisaea: Chi Thiên đườngTranh cãiĐã từng xếp nhầm",
    "categories": [
        "Wikipedia articles incorporating citation to the NSRW",
        "Wikipedia articles incorporating citation to the NSRW with an wstitle parameter",
        "Họ Chim thiên đường"
    ]
}