{
    "title": "Họ Ngao",
    "url": "https://vi.wikipedia.org/wiki/H%E1%BB%8D_Ngao",
    "classify": [
        "Sinh vật nhân thực",
        "Động vật",
        "Mollusca",
        "Bivalvia",
        "Heterodonta (trang không tồn tại)",
        "Venerida",
        "Veneroidea (trang không tồn tại)",
        "Constantine Samuel Rafinesque-Schmaltz (trang không tồn tại)"
    ],
    "description": "Họ Ngao (Danh pháp khoa học: Veneridae) đôi khi còn gọi là nghêu hay nghiêu là một họ động vật thân mềm hai mảnh vỏ trong bộ Ngao (Veneroida).  ",
    "first_img": "https://upload.wikimedia.org/wikipedia/commons/1/1c/Venus_verrucosa.jpg",
    "content": "Đặc điểm Trên thế giới, họ ngao có khoảng hơn 500 loài, phân bố rộng ở vùng bãi triều ven biển các nước nhiệt đới và ôn đới, trong đó có nhiều loài có giá trị và được sử dụng trong thực phẩm, thịt và vỏ còn được sử dụng làm thuốc trong Đông y chữa trị được nhiều bệnh chứng. Thành phần chủ yếu của thịt ngao chủ yếu là protein 10,8%; lipid 1,6%; carbidehydrat 4,65%; calcium, sắt, phosphor, vitamin A, B1, B2, PP... Trong 1.000g thịt ngao khô có 2.400 microgram iod.Ở Việt Nam, họ ngao có khoảng 40 loài, trong đó ngao dầu (Meretrix meretrix) phân bố rộng ở Cô Tô, Yên Hưng, Yên Lập (Quảng Ninh); Cồn Lu, Cồn Ngạn (Nam Định); Kim Sơn (Ninh Bình); Lạch Trường và Biện Sơn (Thanh Hoá); Cửa Sót, Thạch Hà, Kỳ Anh (Hà Tĩnh). Vùng ven biển phía Bắc có ngao dầu (Meretrix meretrix), ngao mật (Meretrix lusoria Rumplius), vùng ven biển phía Nam có nghêu Bến Tre (Meretrix lyrata) phân bố nhiều ở các tỉnh Bình Định, Tiền Giang, Bến Tre. Đây là những loài có giá trị kinh tế và đang được người dân địa phương tiến hành nuôi với số lượng nhiều ở diện tích lớn.Phân loại The following genera are recognised in the family Veneridae:Phân họ Clementiinae Frizzell, 1936Phân họ Cyclininae Frizzell, 1936Phân họ Dosiniinae Deshayes, 1853Phân họ Gemminae Dall, 1895Phân họ Gouldiinae Stewart, 1930Phân họ Meretricinae Gray, 1847Phân họ Petricolinae d'Orbigny, 1840Phân họ Samarangiinae Keen, 1969Phân họ Sunettinae Stoliczka, 1870Phân họ Tapetinae Gray, 1851Phân họ Turtoniinae Clark, 1855Phân họ Venerinae Rafinesque, 1815Công dụng Thịt ngao Đông y gọi là xa ngao nhục, tính hàn, vị ngọt mặn, không độc, có công năng giải độc, tiêu khát, tư âm, lợi thủy, hóa đờm, chủ trị chứng ho nhiều đờm, loét dạ dày hành tá tràng, băng huyết, bỏng, trĩ. Ngoài ra còn trị được phù nước, hoàng đản, phụ nữ bị băng đới, bướu cổ, lao phổi, âm hư, hen suyễn, tiểu đường, viêm phế quản mạn, bỏng, bị thương...Đông y gọi vỏ ngao là văn cáp, cáp xác hay hải cáp phấn, chứa calci với hàm lượng cao dưới dạng muối cacbonat, phosphat và sulfat. Dược liệu có vị mặn, tính bình, thanh nhiệt lợi thấp, mát gan, hóa đàm. Chủ trị phiền nhiệt, đau họng, ho tức, ho đờm, băng lậu, tràng nhạc, trĩ... Sách Dược tính chỉ nam ghi: Làm tan được đờm dãi, chữa được chứng mụn nhọt, ác sang, mụn nhọt nhiều máu mủ độc. Liều dùng trung bìnhcho mỗi thang thuốc dạng sắc hoặc thuốc bột uống từ 12-20g mỗi ngày. Cách dùng như nấu thịt chín để ăn, còn vỏ phơi khô, nghiền thành bột gọi là bột vỏ ngao, cất sử dụng dần.Thịt ngao cũng là loại thực phẩm có tác dụng kích thích tình dục giống như các loại động vật thân mềm hai mảnh vỏ như ngao, hàu, trai, sò... vì ở chúng có chứa những hợp chất có tác dụng giải phóng hormon tình dục mỗi khi ăn vào được cơ thể hấp thu. Thật vậy, trong hàng thế kỷ nay, người ta đều tin rằng các loài nhuyễn thể thân mềm như ngao, trai, sò... có những đặc tính kích thích tình dục. Những hợp chất như Daspartic acid và NMDA (N-methyl- D-aspartate) ở các loại động vật có vỏ hai mảnh đã kích thích ra testosteronvà oestrogen ở con người mỗi khi ăn nó.",
    "categories": [
        "Bộ Ngao",
        "Họ động vật thân mềm hai mảnh vỏ",
        "Họ Ngao"
    ]
}