{
    "title": "Kiến Argentina",
    "description": "Kiến Argentina, tên khoa học Linepithema humile, là một loài kiến bản địa Argentina, Uruguay, Paraguay. Nó là loài xâm lấn ở nhiều khu vực có khí hậu Địa Trung Hải trên thế giới như ở Nam Phi, New Zealand, Nhật Bản, đảo Phục Sinh, Australia, Hawaii, châu Âu, và Hoa Kỳ, loài kiến này giết chết các loài kiến bản địa khác và phát triển lan rộng.  ",
    "classify": [
        "Động vật",
        "Động vật Chân khớp",
        "Côn trùng",
        "Hymenoptera",
        "Formicidae",
        "Dolichoderinae (trang không tồn tại)",
        "Dolichoderini (trang không tồn tại)",
        "Linepithema (trang không tồn tại)",
        "Loài"
    ],
    "url": "https://vi.wikipedia.org/wiki/Ki%E1%BA%BFn_Argentina",
    "first_img": "https://upload.wikimedia.org/wikipedia/commons/3/3f/Linepithema_Argentine_ant.jpg",
    "content": "Đặc điểm Kiến Argentina vốn khác ở chỗ chúng không tấn công nhau khi không cùng tổ như các loài kiến khác, trong một tổ có thể thấy có nhiều kiến chúa mà các loài kiến khác không có và có thể nói đây là cách chúng thành công trong việc xâm lấn chỗ ở của các côn trùng bản địa",
    "categories": [
        "Linepithema",
        "Động vật được mô tả năm 1868",
        "Sơ khai Họ Kiến"
    ]
}