{
    "title": "Kiến vườn đen",
    "description": "Kiến vườn đen (Lasius niger), còn được gọi là kiến đen thông thường, là một loài kiến formicinae, loài thuộc chi phụ Lasius, được tìm thấy trên khắp châu Âu và ở một số vùng của Bắc Mỹ, Nam Mỹ, châu Á và Úc. Các loại kiến tại châu Âu được chia thành hai loài; L. niger, được tìm thấy trong các khu vực ngoài trời và L. platythorax, được tìm thấy ở môi trường trong rừng. Nó là một loài đơn nhất (monogynous), có nghĩa là các đàn kiến chỉ chứa một kiến chúa duy nhất. Các đàn Lasius niger có thể đạt kích cỡ lên tới khoảng 40.000 kiến thợ trong những trường hợp hiếm và thông thường là 4.000-7.000. Một con kiến chúa Lasius niger có thể sống tới 15 năm và có tuyên bố rằng một số chúng đã sống được 30 năm. Kiến chúa Lasius niger trong giai đoạn đầu thành lập tổ có thể ở cùng hai đến ba kiến chúa khác. Chúng chỉ sẽ sống chung với nhau cho đến khi những kiến thợ đầu tiên đến, sau đó thì rất có thể chúng sẽ chiến đấu với nhau cho đến khi một kiến chúa duy nhất còn lại. Trong một số trường hợp nhất định, có thể có nhiều kiến chúa trong một lãnh thổ nếu chúng đánh hơi gần nhau và cuối cùng một đường hầm giữa các hang của chúng kết nối với nhau. Trong điều kiện phòng thí nghiệm, kiến thợ có thể sống ít nhất 4 năm.Lasius niger là vật chủ của một số ký sinh trùng tạm thời của nhóm Lasius mixtus bao gồm Lasius mixtus và Lasius umbratus.",
    "classify": [
        "Animalia",
        "Arthropoda",
        "Insecta",
        "Hymenoptera",
        "Ant",
        "Lasius (trang không tồn tại)",
        "Loài"
    ],
    "url": "https://vi.wikipedia.org/wiki/Ki%E1%BA%BFn_v%C6%B0%E1%BB%9Dn_%C4%91en",
    "first_img": "https://upload.wikimedia.org/wikipedia/commons/b/b1/Black_Garden_Ant_tending_Citrus_Mealybug_%2816063538972%29.jpg",
    "content": "Miêu tả Tập tính Những con kiến này được coi là một mối phiền toái và chúng thường đi nhặt vụn vặt trong nhà bếp, rác thải và cả phân chó, do đó có khả năng lây lan các bệnh như salmonella. Biện pháp kiểm soát hiệu quả nhất là truy tìm ổ kiến và xử lý nó.Thức ăn của chúng có thể là bất cứ thứ gì, đặc biệt là đồ ăn ngọt. Những con rệp 'sữa' (stroke) cho mật của chúng. Khi một con kiến tìm thấy thức ăn, nó để lại một vệt mùi (pheromone) dẫn đến tổ của nó để những kiến thợ khác dõi theo.",
    "categories": [
        "Nhóm loài do Carl Linnaeus đặt tên",
        "Bộ Cánh màng châu Âu",
        "Bộ Cánh màng châu Á",
        "Lasius"
    ]
}