{
    "title": "Linh dương hoẵng Walter",
    "url": "https://vi.wikipedia.org/wiki/Linh_d%C6%B0%C6%A1ng_ho%E1%BA%B5ng_Walter",
    "classify": [
        "Animalia",
        "Chordata",
        "Mammalia",
        "Artiodactyla",
        "Bovidae",
        "Cephalophinae",
        "Philantomba",
        "Loài"
    ],
    "description": "Linh dương hoẵng Walter (Danh pháp khoa học: Philantomba walteri) là một loài linh dương thuộc chi Philantomba được tìm thấy trong Togo, Benin và Nigeria. Chúng được mô tả trong năm 2010 và được lưu giữ các mẫu vật thu thập được từ các chợ bán thịt rừng. Tên của nó để tưởng nhớ giáo sư Walter Verheyen là người đầu tiên có được một mẫu vật của loài này của Duiker từ Togo vào năm 1968. ",
    "first_img": "",
    "content": "Tập tính Nó có kích thước đo được dưới 40 cm (16 in) chiều cao tính đến vai, và nặng khoảng từ 4 đến 6 kg (8,8 và 13,2 lb). Do kích thước tương đối của chúng, cơ chế phòng vệ chính của chúng là để trốn tránh kẻ thù. Chúng được biết đến với sự nhút nhát cực đoan với sự nhạy cảm với các dấu hiệu dù là nhỏ nhất của một mối đe dọa và nhanh chóng lủi vào bụi rậm gần nhất.Tuy nhiên, trái ngược với bản chất nhút nhát trong sinh tồn của chúng, chúng tích cực hơn khi đối phó với những khu vực bằng việc đánh dấu lãnh thổ của mình cũng như bạn tình của chúng với các chất tiết ra từ các tuyến và chiến đấu với những cá thể khác mà thách thức lãnh thổ của chúng. Những con đực trẻ đánh dấu lãnh thổ của chúng cũng bởi đại tiện.Chế độ ăn Đối với những con linh dương thích đi một mình, chúng chọn để tương tác với những con linh dương hoẵng khác một lần hoặc hai lần một năm, chỉ duy nhất cho mục đích của việc giao phối. Mặc dù đôi khi hình thành các nhóm tạm thời để cùng thu nhặt trái cây, rất khó để xác định những nhân tố đóng góp nhiều nhất cho Nguy cơ tuyệt chủng của chúng. Chúng thích sống một mình hoặc theo cặp để tránh sự cạnh tranh đến từ trong một nhóm lớn.Chúng cũng đã tiến hóa để trở thành loài có tập tính ăn uống chọn lọc cao, chúng chỉ ăn một phần nhất định của các loài cây, chế độ ăn uống có chọn lọc của một sinh vật phân tán nhiều thức ăn của chúng sẽ hình thành nhóm. Chúng thay vì ăn cỏ, lá ăn, chồi, hạt, trái cây, chồi và vỏ cây, đôi khi nó cũng theo các đàn khỉ để tận dụng lợi thế của các trái cây mà chúng quăng xuống.",
    "categories": [
        "Động vật được mô tả năm 2010",
        "Philantomba",
        "Sơ khai Bộ Guốc chẵn"
    ]
}