{
    "title": "Linh dương Swayne",
    "url": "https://vi.wikipedia.org/wiki/Linh_d%C6%B0%C6%A1ng_Swayne",
    "classify": [
        "Animalia",
        "Chordata",
        "Mammalia",
        "Artiodactyla",
        "Bovidae",
        "Alcelaphinae",
        "Alcelaphus",
        "Alcelaphus buselaphus",
        "Phân loài"
    ],
    "description": "Linh dương Swayne (Danh pháp khoa học: Alcelaphus buselaphus swaynei) là một phân loài của loài linh dương Alcelaphus buselaphus. Đây là một linh dương bản địa đang bị đe dọa của Ethiopia. Hai trong số các quần thể lớn nhất còn lại đang nằm trong alcelaphus buselaphus Sanctuary Senkelle Swayne và Vườn Quốc gia. Nó đã được cho là tuyệt chủng tại Somalia. Phân loài linh dương này được đặt tên sau khi sĩ quan người Anh HGC Swayne (1860-1940) ghi nhận và công bố. ",
    "first_img": "https://upload.wikimedia.org/wikipedia/commons/f/fc/BubalisSwayneiSmit.jpg",
    "content": "Đặc điểm chung Chúng là động vật xã hội hình thành đàn từ 20 đến 300 cá thế. Nói chung loài khá bình tĩnh trong tự nhiên nhưng cũng có thể hung dữ khi bị khiêu khích. Vào những lúc nguy hiểm, thì cả bầy bỏ trốn. Chúng tỉnh táo và thận trọng hơn so với động vật móng guốc khác. Những con đực trưởng thành là con mồi săn ưa thích của sư tử, báo, linh cẩu và chó hoang, đặc biệt là loài báo săn. Ngoài ra, cá sấu sông Nile đã được ghi nhận săn những con linh dương này.Chúng sống ở thảo nguyên và đồng cỏ khô trong rừng, thường xuyên di chuyển vào nơi khô cằn hơn sau khi trời mưa. Chúng cũng chấp nhận với các vùng cây cối rậm rạp hơn các chủng loài khác, và thường được tìm thấy trên các cạnh của rừng. Giống như hầu hết các loài linh dương, các chúng hoạt động vào ban ngày. Nó lướt đi vào buổi sáng sớm và chiều muộn, và nằm trong bóng râm trong thời gian nóng nhất trong ngày.Chúng là động vật xã hội, khi có thể tập hợp thành đàn lên đến 300 cá thể và số đàn sẽ lớn hơn tập trung ở những nơi có nhiều cỏ. Các thành viên của một đàn có thể được chia thành bốn nhóm. Những con cái hình thành các nhóm từ năm đến 12 loài động vật, với bốn thế hệ trẻ trong nhóm. Những con cái chiến đấu cho sự thống trị trên các đàn gia súc, đôi khi những con cái và con đực cũng giành nhau.Tập tính ăn Khẩu phần ăn của chúng bao gồm chủ yếu là các loại cỏ, với một lượng nhỏ cỏ hyparrhenia và các loại đậu trong suốt cả năm. Chúng là động vật ăn cỏ, và chế độ ăn của họ bao gồm chủ yếu là các loại cỏ. Nói chung bao gồm ít nhất 80% trong khẩu phần ăn của linh dương Koke, cỏ chiếm tới hơn 95% thực phẩm của chúng trong mùa mưa, tháng Mười đến tháng Năm.Giữa mùa, chúng chủ yếu ăn các loại cỏ cây luồng. Chúng ăn cỏ hyparrhenia và đậu với số lượng nhỏ trong suốt cả năm. Trong khu vực có nước khan hiếm, chúng có thể ăn dưa hấu, rễ, và củ. Trong thời gian cả đàn đang ăn, một cá thể sẽ được phân công theo dõi cho những mối nguy hiểm, thường đứng trên một gò mối để trông xa hơn. Sinh sản Thời gian giao phối thay đổi theo mùa. Chúng thành thục từ 1-2 tuổi. Sau một thời gian mang thai tám tháng, một đứa con được sinh ra. Phân loài này sống ở thảo nguyên, rừng và đồng bằng mở. Vào lúc ba hay bốn tuổi, con đực có thể cố gắng để có một vùng lãnh thổ và các thành viên là con cái. Một cư dân giống đực bảo vệ lãnh thổ của mình và sẽ chiến đấu nếu bị khiêu khích. Các con đực đánh dấu biên giới lãnh thổ của mình thông qua hành vi đại tiện.Sự bắt đầu của một cuộc chiến được đánh dấu bằng một loạt các cử động của đầu và thái độ, cũng như phân lưu ký trên đống phân. Các đối thủ quỳ đầu gối của mình, và sau khi đưa ra một cái búa giống như thổi, bắt đầu một trận đấu vật, sừng của chúng lồng vào nhau. Một nỗ lực để vặn đầu của đối thủ khác sang một bên để đâm vào cổ và vai với sừng của nó. Những con đực thường bị mất lãnh thổ của chúng sau bảy hay tám năm. ",
    "categories": [
        "Loài nguy cấp theo Sách đỏ IUCN",
        "Alcelaphus",
        "Động vật có vú Ethiopia",
        "Động vật được mô tả năm 1892",
        "Sơ khai Bộ Guốc chẵn"
    ]
}